rpm,omega,throttle,altitude_ft,air_density,air_flow_kg_s,fuel_flow_kg_s,fuel_flow_l_hr,torque_gross_nm,torque_friction_nm,torque_net_nm,torque_load_nm,power_kw,egt_c,cht_c,cht_target_c,dcht_dt,oil_temp_c,oil_temp_target_c,doil_temp_dt,oil_pressure_bar,vibration_g,injector_efficiency,cooling_efficiency,heat_generation_kw,heat_rejection_kw,thermal_status,volumetric_efficiency,time_s
2500.0,261.79938779914943,0.7,10000.0,0.9046425649873645,0.03448755927036115,0.002463397090740082,12.316985453700411,123.31090843891587,19.853981633974485,103.45692680494139,76.48943410844252,27.08496010111507,771.188,75.0,172.74296186045828,12.217870232557285,65.0,114.37589038962804,2.468794519481402,3.6312500000000005,1.75,1.0,1.0,49.76317554161255,23.076903839759492,NOMINAL,0.6099657142857142,0.0
2559.8929901084402,268.0713670566895,0.7,10000.0,0.9046425649873645,0.035354378913253146,0.0025253127795180816,12.62656389759041,123.52272792188587,20.042141011700686,103.4805869101852,80.19827974457687,27.740182396841913,772.146287841735,75.6263430926996,178.18160758406245,12.819408061420356,65.12687778045847,117.18301372645321,2.602806797299737,3.679835803031694,1.9171636579356026,1.0,1.0,50.99954546020652,23.136287420293765,NOMINAL,0.6106668911046291,0.05
2611.5064300412505,273.47631384733666,0.7,10000.0,0.9046425649873645,0.03610084289546061,0.0025786316353900436,12.89315817695022,123.69607435413987,20.2042894154201,103.49178493871977,83.4648523668481,28.3025518585224,772.97210288066,76.28038766098447,182.90140024422263,13.32762657290477,65.25995159109848,119.60086017795606,2.717045429342879,3.7214677879643125,1.6394022416875857,1.0,1.0,52.0645316609792,23.216975471867908,NOMINAL,0.6112364092000337,0.1
2655.8329889096894,278.11818023733673,0.7,10000.0,0.9046425649873645,0.036741439607107705,0.0026243885433648363,13.121942716824181,123.8381435290208,20.343545407120104,103.4945981219007,86.32228995123694,28.78372929405751,773.6813278225552,76.95772061344215,186.97855834208082,13.752604716079833,65.39829288071154,121.67608151693251,2.813889431811049,3.756982183748691,1.9442384285777268,1.0,1.0,52.978728598707875,23.315746465649312,NOMINAL,0.6116998597291458,0.15000000000000002
2693.789722212783,282.0930000539789,0.7,10000.0,0.9046425649873645,0.03728957147827864,0.002663540819877046,13.31770409938523,123.9547928595502,20.462790001619368,103.49200285793083,88.80733011827084,29.19436956778867,774.2886355554045,77.65442471430204,190.48681572286165,14.104048876069951,65.54108779073705,123.4519260455196,2.8955419127391275,3.7871512367623414,1.7695551912501848,1.0,1.0,53.76118180450086,23.42980887855397,NOMINAL,0.6120778650703869,0.2
2726.2102634589714,285.48807119412663,0.7,10000.0,0.9046425649873645,0.0377574203950353,0.0026969585996453787,13.484792998226894,124.05076799736285,20.5646421358238,103.48612586153905,90.95783769426326,29.54405446756341,774.8073642153436,78.36705363613272,193.49552516462035,14.391058941060953,65.68762769509084,124.96776006295411,2.9640066183931637,3.812676679454765,1.6708064911131046,1.0,1.0,54.42920496211779,23.55675477309208,NOMINAL,0.6123869680712383,0.25
2753.842593109012,288.38172198846456,0.7,10000.0,0.9046425649873645,0.03815590655980576,0.002725421897128983,13.627109485644915,124.12990381644143,20.651451659653937,103.47845215678748,92.81104361596779,29.84129422167532,775.2494814897443,79.09259790491328,196.06854537460285,14.621993433711197,65.83729898816843,126.25890664883627,3.021080383033392,3.8341879018412777,1.7902880131765326,1.0,1.0,54.998324646476036,23.694514337117784,NOMINAL,0.6126404061433923,0.30000000000000004
2777.350735454127,290.8434888981631,0.7,10000.0,0.9046425649873645,0.03849471146820298,0.0027496222477287843,13.74811123864392,124.19529630186987,20.725304666944893,103.46999163492498,94.40236749845282,30.093573363365334,775.6256117672662,79.82844604264695,198.26371284302473,14.804408350047224,65.98957278618502,127.35670223332221,3.0683564723568595,3.8522434310677385,1.9195136400909878,1.0,1.0,55.48231330208786,23.84131321152844,NOMINAL,0.612848763489809,0.35000000000000003
2797.319050044229,292.9345659121909,0.7,10000.0,0.9046425649873645,0.03878234214188184,0.0027701672958487028,13.850836479243515,124.24944586471348,20.788036977365728,103.46140888734774,95.76469645527872,30.3074229010789,775.9451048007078,80.57234403892316,200.13273007374013,14.945048254352121,66.14399498477381,128.28869354736491,3.107234928129555,3.867334592415683,1.982540443106819,1.0,1.0,55.89327945387677,23.995633530424875,NOMINAL,0.6130205079633894,0.4
2814.258087829252,294.7084178010012,0.7,10000.0,0.9046425649873645,0.03902621953826172,0.0027875871098758374,13.937935549379189,124.29437470467188,20.841252534030033,103.45312217064185,96.92800549941073,30.48850595148354,776.2161294052681,81.3223553174074,201.72133502065935,15.049872462906494,66.30017694664646,129.07891726171565,3.1389370157534593,3.879890482372937,1.9904292098285292,1.0,1.0,56.241791774374036,24.1561790197081,NOMINAL,0.6131624255975221,0.45
2828.6112489688526,296.2114773207332,0.7,10000.0,0.9046425649873645,0.03923277886538775,0.0028023413475276966,14.011706737638484,124.33172172115391,20.886344319621998,103.44537740153191,97.91922305492886,30.641708062108556,776.4457799835017,82.07682260737477,203.06964799454323,15.124103173396058,66.45778696951957,129.74822095602812,3.1645216993254275,3.8902836102672826,1.9662470675141661,1.0,1.0,56.537020060339955,24.321844146804303,NOMINAL,0.6132799681434755,0.5
2840.761699998674,297.4838695771695,0.7,10000.0,0.9046425649873645,0.03940757333040082,0.0028148266664572014,14.074133332286006,124.36281862210545,20.924516087315084,103.43830253479037,98.76226436700475,30.77122650054338,776.6401871999789,82.83433256247939,204.21261945079897,15.172285861039947,66.61654259762365,130.3145969185804,3.184902716047838,3.89883575166232,1.9250122717764107,1.0,1.0,56.78688131455869,24.491687112028202,NOMINAL,0.6133775287781988,0.55
2851.039182487433,298.56012502663896,0.7,10000.0,0.9046425649873645,0.0395553757387057,0.002825383981336121,14.126919906680607,124.38875063539274,20.956803750799168,103.43194688459357,99.47817345360926,30.88065499361294,776.8046269197988,83.59368355808107,205.18052417487576,15.198355077099336,66.77620378155152,130.7935100137922,3.2008653116120342,3.90582370412918,1.8748442575507662,1.0,1.0,56.998183080631065,24.66490636805569,NOMINAL,0.6134586597105377,0.6000000000000001
2859.7264780588566,299.46985649153055,0.7,10000.0,0.9046425649873645,0.039680274485248614,0.002834305320374901,14.171526601874508,124.41040480503288,20.984095694745918,103.42630911028697,100.08532956091662,30.973061946706316,776.9436236489418,84.35385681245764,205.9994646205064,15.205700976006094,66.93656685373809,131.19820798944926,3.2130820567855585,3.911484748071001,1.8212907106801335,1.0,1.0,57.17675911465963,24.840820311512765,NOMINAL,0.6135262434677643,0.65
2867.065392277688,300.2383857913707,0.7,10000.0,0.9046425649873645,0.039785761994592106,0.0028418401424708645,14.209200712354322,124.42850838175843,21.00715157374112,103.42135680801732,100.59968654571048,31.05106122439251,777.0610462764429,85.11399078677596,206.69185913730286,15.197233543815862,67.09745926462318,131.5400076684879,3.222127420193236,3.916021697609517,1.770579351441281,1.0,1.0,57.32759459212333,25.018849785290282,NOMINAL,0.6135826276237649,0.7000000000000001
2873.2621893421015,300.88731286248236,0.7,10000.0,0.9046425649873645,0.039874814714198105,0.0028482010510141502,14.241005255070752,124.44365936344875,21.02661938587447,103.41703997757428,101.03502334643156,31.116875263044236,777.1601950294737,85.87335869898752,207.27690030400672,15.1754427006274,67.2587350129706,131.82855396835453,3.2284909477691963,3.9196074850382816,1.7312448298246201,1.0,1.0,57.454939523756344,25.198503045873792,NOMINAL,0.6136297308618657,0.75
2878.49245717166,301.43502522880397,0.7,10000.0,0.9046425649873645,0.03994996446465191,0.0028535688903322796,14.267844451661398,124.45635083831442,21.04305075686412,103.4133000814503,101.40319106911369,31.172390719045847,777.2438793147467,86.6313489179485,207.77097530551626,15.14245329844597,67.42027069946725,132.0720510209543,3.232589016074352,3.9223892624240153,1.7138319441243746,1.0,1.0,57.56241004829318,25.3793628765854,NOMINAL,0.6136691266466462,0.8
2882.9054137815797,301.89714896434845,0.7,10000.0,0.9046425649873645,0.04001336139684023,0.0028580972426314453,14.290486213157228,124.4669904433049,21.05691446893045,103.41007597437445,101.71434762492702,31.219207110850316,777.3144866205056,87.38744797064147,208.18804491202508,15.10007461767295,67.58196213309051,132.27746615116533,3.2347752009037407,3.9244920302162907,1.7282310096050495,1.0,1.0,57.65307791074836,25.561075558909486,NOMINAL,0.6137021094335593,0.8500000000000001
2886.6276852141823,302.2869443172595,0.7,10000.0,0.9046425649873645,0.04006682907296454,0.0028619163623546102,14.309581811773052,124.47591597128742,21.068608329517787,103.40730764176963,101.97717472240718,31.25867904710534,777.3740429634271,88.141225885835,208.5399806805982,15.0498443493454,67.74372142301306,132.45070835978203,3.2353493468384484,3.9260218189511025,1.778714567786974,1.0,1.0,57.729548822917295,25.74334144629344,NOMINAL,0.6137297472574156,0.9
2889.7665962151873,302.61565030862715,0.7,10000.0,0.9046425649873645,0.040111912331023625,0.002865136595073116,14.32568297536558,124.48340793682809,21.078469509258817,103.40493842756928,102.19907470187206,31.291952687382427,777.424265539443,88.89232360340188,208.83686193405276,14.99306729133136,67.90547449375642,132.59678343280655,3.2345654469525065,3.927068459230594,1.8581929298856232,1.0,1.0,57.79403061439326,25.925906915871035,NOMINAL,0.6137529236783308,0.9500000000000001
2892.4130199211813,302.8927831510617,0.7,10000.0,0.9046425649873645,0.04014991865163225,0.0028678513322594463,14.339256661297231,124.48969973355291,21.08678349453185,103.40291623902107,102.38634650285563,31.319997085573203,777.466608318739,89.64044219378336,209.08723520978967,14.930849127000789,68.06715896705457,132.7199279986201,3.232638451578277,3.927707979347173,1.9450777968030162,1.0,1.0,57.848392174270586,26.108557502353644,NOMINAL,0.6137723713890884,1.0
2894.64383400877,303.1263934560315,0.7,10000.0,0.9046425649873645,0.04018195375097279,0.0028701395536409138,14.350697768204569,124.49498587763378,21.093791803680944,103.40119407395284,102.54434121718147,31.3436310386845,777.5023013441406,90.38533365252451,209.29833945978535,14.864125725907606,68.22872235988093,132.8237248747742,3.2297501257446632,3.9280046708362146,2.0069627454418613,1.0,1.0,57.89421419701392,26.29111204438742,NOMINAL,0.6137886992650571,1.05
2896.5240294524365,303.3232870624693,0.7,10000.0,0.9046425649873645,0.04020895209492261,0.0028720680067801864,14.360340033900933,124.49942872424116,21.09969861187408,103.39973011236708,102.67759838540938,31.36354601905537,777.532384471239,91.12679305755621,209.4763005035825,14.793688430753287,68.39012055396971,132.91120195521586,3.2260540700623075,3.928012861073508,2.0132307269684633,1.0,1.0,57.93283271002711,26.473417696864114,NOMINAL,0.6138024142350748,1.1
2898.108515242976,303.4892140264452,0.7,10000.0,0.9046425649873645,0.040231702981237155,0.0028736930700883683,14.368465350441843,124.5031639603058,21.104676420793353,103.39848753951244,102.78996458191465,31.380325714889818,777.5577362438878,91.86465190008413,209.62629821907083,14.720205789873338,68.55131649771035,132.984916733815,3.2216800118052324,3.9277784296205818,1.9530889109200444,1.0,1.0,57.96537629569812,26.655345683081215,NOMINAL,0.6138139390425674,1.1500000000000001
2899.4436588206663,303.6290299349505,0.7,10000.0,0.9046425649873645,0.04025087277875654,0.0028750623413397527,14.375311706698763,124.50630511226608,21.108870898048515,103.39743421421755,102.8846960062708,31.394462648225737,777.5790985411307,92.59877242238487,209.75270979288925,14.644242171313048,68.71227910639497,133.0470283729102,3.2167374633257615,3.9273401019425527,1.8489278038243513,1.0,1.0,57.99279784107516,26.836787678465928,NOMINAL,0.6138236267291952,1.2000000000000002
2900.568598040978,303.7468332946261,0.7,10000.0,0.9046425649873645,0.040267023851308245,0.0028762159893791603,14.381079946895802,124.5089472573755,21.112404998838784,103.39654225853671,102.9645468299489,31.406372284644508,777.5970975686557,93.32904281680968,209.85923210680443,14.566273661249344,68.87298233140257,133.0993590271524,3.211318834787491,3.926730550768785,1.7528265854440759,1.0,1.0,58.015901563104215,27.01765273304422,NOMINAL,0.613831772491593,1.25
2901.51635651807,303.8460823302597,0.7,10000.0,0.9046425649873645,0.04028063063334412,0.0028771879023817225,14.385939511908614,124.51117008824124,21.115382469907793,103.39578761833346,103.03184499015082,31.416404997282196,777.612261704289,94.05537315949387,209.94898605119704,14.486701611462896,69.03340437300054,133.14344593646615,3.205502078173281,3.925977331989821,1.7213736906107435,1.0,1.0,58.03536597247233,27.197864653207482,NOMINAL,0.6138386234221699,1.3
2902.314790370448,303.92969412776,0.7,10000.0,0.9046425649873645,0.04029209326681561,0.0028780066619154008,14.390033309577005,124.51304044996887,21.117890823832802,103.39514962613606,103.08855701341463,31.42485620016551,777.6250366459273,94.7776919695236,210.02460525988886,14.405864161295657,69.1935270150521,133.18058561547085,3.1993529300209373,3.925103678741819,1.7793810452490826,1.0,1.0,58.051763358172785,27.37735977484868,NOMINAL,0.6138443865373755,1.35
2902.987390832983,304.00012868349,0.7,10000.0,0.9046425649873645,0.04030174915570179,0.0028786963682644134,14.393481841322066,124.51461444559399,21.1200038605047,103.3946105850893,103.13634331536959,31.431974923046486,777.6357982533278,95.49594329961889,210.08831146966313,14.32404602125553,69.35333506306787,133.21187129459804,3.192926811576508,3.924129174312557,1.89645817085189,1.0,1.0,58.065576299980066,27.55608506984396,NOMINAL,0.613849235413642,1.4000000000000001
2903.553963955081,304.0594600820935,0.7,10000.0,0.9046425649873645,0.04030988274657874,0.002879277339041339,14.396386695206694,124.51593918687081,21.121783802462804,103.39415538440801,103.17660527620227,31.437971061827177,777.6448634232814,96.21008427783947,210.1419784335355,14.241486769462005,69.51281586977309,133.23822461244936,3.186270437133813,3.92307032175651,1.998496298030744,1.0,1.0,58.07721164806345,27.73399653635096,NOMINAL,0.6138533156865551,1.4500000000000002
2904.0312056960524,304.1094367203409,0.7,10000.0,0.9046425649873645,0.04031673380080579,0.0028797667000575564,14.398833500287783,124.51705425278905,21.123283101610227,103.39377115117883,103.21052524463715,31.443021505176823,777.6524992911369,96.92008303154215,210.18718606479706,14.158387879156864,69.67195893472012,133.26042242014196,3.179423174271092,3.9219410256462077,2.014315396422416,1.0,1.0,58.08701234826453,27.911057830674583,NOMINAL,0.6138567496183085,1.5
2904.4331881526973,304.1515322247632,0.7,10000.0,0.9046425649873645,0.040322504386157566,0.0028801788847255404,14.400894423627705,124.51799290652633,21.124545966742893,103.39344693978344,103.23910048301302,31.447275308734888,777.6589310104433,97.62591693497332,210.22526626154948,14.07491866582202,69.83075556650282,133.27911943602527,3.1724181934761226,3.9207529992099452,1.9286291755406888,1.0,1.0,58.09526743795997,28.08723910467888,NOMINAL,0.6138596398988178,1.55
2904.7717703944254,304.1869884742048,0.7,10000.0,0.9046425649873645,0.04032736478273886,0.002880526055909918,14.40263027954959,124.51878311223045,21.125609654226142,103.39317345800431,103.2631719360187,31.450858062981414,777.6643483263108,98.32757113063495,210.25734165927136,13.991221316079551,69.9891985978647,133.29486738220348,3.165283439216939,3.9195161081974423,1.800129336330146,1.0,1.0,58.102220490516466,28.262516018048355,NOMINAL,0.6138620728145299,1.6
2905.056945413712,304.21685193239074,0.7,10000.0,0.9046425649873645,0.040331458469376795,0.0028808184620983425,14.404092310491713,124.51944838555816,21.126505557971722,103.39294282758644,103.28344858761405,31.453875579034005,777.6689111266193,99.02503728207832,210.2843583810154,13.907415137367137,70.14728214547493,133.30813114145678,3.1580424497990927,3.918238661154418,1.7238542579698952,1.0,1.0,58.10807674557696,28.43686889924997,NOMINAL,0.613864120894059,1.6500000000000001
2905.297132996753,304.24200431726956,0.7,10000.0,0.9046425649873645,0.04033490633195213,0.0028810647379965805,14.405323689982904,124.5200085058706,21.127260129518085,103.39274837635253,103.30052806514425,31.45641699789261,777.6727541279482,99.71831252221237,210.30711369950527,13.823600147161612,70.30500140740915,133.31930239298896,3.1507150492789906,3.9169276543505416,1.760009722873952,1.0,1.0,58.11300912718067,28.61028203292879,NOMINAL,0.613865845119868,1.7000000000000002
2905.4994268522623,304.2631884802807,0.7,10000.0,0.9046425649873645,0.040337810213869583,0.0028812721581335417,14.406360790667708,124.52048011310578,21.12789565440842,103.39258445869736,103.31491405643249,31.458557412619975,777.6759908296362,100.40739856670324,210.3262793906917,13.739860102998557,70.46235249244549,133.32871111651536,3.1433179312034936,3.9155889783685764,1.8834501054614454,1.0,1.0,58.117163321409656,28.782743054782863,NOMINAL,0.6138672967792258,1.75
2905.669803077674,304.281030236884,0.7,10000.0,0.9046425649873645,0.04034025591065105,0.0028814468507607897,14.40723425380395,124.52087720837126,21.12843090710652,103.39244630126474,103.32703102401379,31.460360079260543,777.6787168492428,101.09230096671654,210.34242144210427,13.656265059423466,70.61933227619818,133.33663529516917,3.1358651509485496,3.9142275923019088,1.9982550070711986,1.0,1.0,58.12066205926994,28.954242437785826,NOMINAL,0.6138685190147414,1.8
2905.8132959653813,304.29605677694616,0.7,10000.0,0.9046425649873645,0.04034231569507669,0.0028815939782197634,14.407969891098817,124.52121157405436,21.128881703308384,103.39232987074598,103.33723662971826,31.461878280649266,777.6810127354462,101.77302847922823,210.356016679484,13.57287352503197,70.77593827988376,133.34330909727893,3.128368540869759,3.9128476706009794,2.011832749015955,1.0,1.0,58.123608728311545,29.12477305603363,NOMINAL,0.613869548124288,1.85
2905.934146233144,304.3087121873924,0.7,10000.0,0.9046425649873645,0.04034405044603857,0.002881717889002755,14.408589445013776,124.52149312657768,21.129261365621772,103.39223176095591,103.34583222147454,31.463156897356903,777.6829463397304,102.44959253650251,210.36746678968257,13.489734281647507,70.93216856816974,133.3489297740977,3.1208380602963985,3.9114527268359622,1.9113574996927831,1.0,1.0,58.12609041756034,29.294329814541527,NOMINAL,0.6138704146515772,1.9000000000000001
2906.0359259808993,304.31937053765347,0.7,10000.0,0.9046425649873645,0.040345511442994815,0.002881822245928201,14.409111229641004,124.52173021273482,21.129581116129604,103.39214909660522,103.35307168142793,31.464233731614115,777.6845748156943,103.1220067991943,210.3771101448188,13.406887918203063,71.08802166310942,133.35366347402038,3.1132820905455483,3.910045717985194,1.777903204665697,1.0,1.0,58.12818048422965,29.462909335064463,NOMINAL,0.6138711443016344,1.9500000000000002
2906.121644011748,304.3283469088533,0.7,10000.0,0.9046425649873645,0.04034674187833566,0.0028819101341668327,14.409550670834165,124.52192985872644,21.1298504072656,103.39207945146083,103.35916888921929,31.465140622931894,777.685946304188,103.79028677995485,210.38523177049325,13.3243681238173,71.24349647163486,133.35765014279295,3.1057076835579047,3.9086291323000615,1.7220532467088778,1.0,1.0,58.12994071699898,29.630509689500137,NOMINAL,0.6138717587096735,2.0
2906.1938345910744,304.3359066886423,0.7,10000.0,0.9046425649873645,0.04034777813185259,0.0028819841522751853,14.409920761375927,124.52209797951399,21.13007720065927,103.39202077885471,103.36430401559777,31.46590438810369,777.6871013534573,104.45444952646734,210.3920717479861,13.242202777689846,71.39859222447613,133.3610076529029,3.098120771421339,3.907205063323136,1.7915541461295867,1.0,1.0,58.13142315904553,29.797130173701007,NOMINAL,0.61387227608712,2.0500000000000003
2906.2546322399226,304.3422734035415,0.7,10000.0,0.9046425649873645,0.04034865084462388,0.0028820464889017057,14.41023244450853,124.52223955486545,21.130268202106244,103.39197135275921,103.3686288285666,31.466547613172576,777.688074115839,105.11451335457062,210.3978322954835,13.160414867614112,71.5533084247087,133.3638352830551,3.0905263429173195,3.905775272234864,1.9289964435406237,1.0,1.0,58.13267164418298,29.962771115596585,NOMINAL,0.6138727117646069,2.1
2906.3058347542146,304.3476353182997,0.7,10000.0,0.9046425649873645,0.04034938582380827,0.0028820989874148765,14.410494937074384,124.52235877742457,21.13042905954899,103.39192971787558,103.37227116620627,31.46708932063127,777.6888933560674,105.77049762359245,210.4026837353114,13.079023263964869,71.70764480441326,133.36621664977068,3.0829285922678706,3.9043412403643987,2.0182273767051906,1.0,1.0,58.13372309114278,30.127433712445274,NOMINAL,0.6138730786485125,2.15
2906.348956299174,304.35215099592824,0.7,10000.0,0.9046425649873645,0.04035000480491745,0.002882143200351246,14.410716001756233,124.52245917727637,21.130564529877844,103.39189464739853,103.37533870648672,31.467545531480145,777.6895833007869,106.42242254724897,210.4067695219349,12.998043371835742,71.86160128817048,133.3682221772038,3.0753310444516657,3.9029042134128447,1.982694957063146,1.0,1.0,58.134608593996305,30.29111989281317,NOMINAL,0.6138733876049054,2.2
2906.3852721390567,304.3559539817877,0.7,10000.0,0.9046425649873645,0.04035052609397814,0.002882180435284153,14.410902176420766,124.52254372675597,21.130678619453633,103.39186510730234,103.3779221441671,31.467929738689314,777.690164354225,107.07030903450983,210.4102104782074,12.917487680462196,72.01517796231369,133.36991117778908,3.0677366607737695,3.9014652386945357,1.8520832155339135,1.0,1.0,58.135354340770775,30.453832199540425,NOMINAL,0.6138736477825092,2.25
2906.4158563179044,304.3591567495072,0.7,10000.0,0.9046425649873645,0.040350965108482066,0.002882211793463005,14.411058967315025,124.5226149286474,21.130774702485215,103.39184022616219,103.38009786775453,31.4682533060145,777.6906537010865,107.71417855570822,210.41310836429508,12.837366226073359,72.16837504903225,133.37133360495366,3.060147927796071,3.900025196496908,1.7383661728243796,1.0,1.0,58.135982387287115,30.61557369051884,NOMINAL,0.6138738668844221,2.3000000000000003
2906.4416134006947,304.3618540249096,0.7,10000.0,0.9046425649873645,0.04035133483305652,0.00288223820236118,14.411191011805899,124.5226748904137,21.130855620747287,103.39181926966641,103.38193021499609,31.468525803924045,777.6910658144112,108.35405302991751,210.4155488842248,12.75768698178841,72.32119288456086,133.3725315295174,3.052566932247827,3.898584826486632,1.7399186410348013,1.0,1.0,58.136511309009705,30.776347854583552,NOMINAL,0.6138740513967582,2.35
2906.463305210094,304.36412558587796,0.7,10000.0,0.9046425649873645,0.04035164620328602,0.0028822604430918585,14.411302215459294,124.52272538667661,21.130923767576338,103.39180161910028,103.3834733731202,31.468755292546017,777.6914128833616,108.98995473024182,210.41760421854622,12.67845618603805,72.47363190081062,133.373540383297,3.04499542412432,3.8971447499436307,1.8558869543295238,1.0,1.0,58.136956750117285,30.936158540228302,NOMINAL,0.6138742067810652,2.4000000000000004
2906.481573347075,304.3660386207091,0.7,10000.0,0.9046425649873645,0.040351908429003734,0.002882279173500267,14.411395867501334,124.52276791181012,21.130981158621275,103.39178675318885,103.3847729796799,31.468948559985197,777.6917051735533,109.62190620419562,210.41933515771188,12.599678619189532,72.62569260989916,133.37439000658853,3.037434869834468,3.8957054884815885,1.985906257392364,1.0,1.0,58.137331885985866,31.0950098952001,NOMINAL,0.613874337636274,2.45
2906.496958159721,304.367649714522,0.7,10000.0,0.9046425649873645,0.04035212926659231,0.0028822949476137367,14.411474738068685,124.5228037242167,21.13102949143566,103.39177423278105,103.38586747110001,31.46911132304604,777.6919513305556,110.24993020679246,210.42079289906343,12.521357836533872,72.77737559112258,133.3751055304367,3.0298864969657067,3.8942674798097325,2.01677594433398,1.0,1.0,58.13764781272893,31.252906315322278,NOMINAL,0.6138744478350207,2.5
2906.50991472001,304.3690065223426,0.7,10000.0,0.9046425649873645,0.04035231524833096,0.00288230823202364,14.4115411601182,124.52283388360166,21.131070195670276,103.39176368793139,103.38678921863998,31.469248396288496,777.6921586355202,110.87404964433749,210.4220205604187,12.443496364510152,72.92868147998394,133.37570811973154,3.0223513319873803,3.8928310910032082,1.9212913537487881,1.0,1.0,58.13791387529145,31.409852401145308,NOMINAL,0.6138745406384006,2.5500000000000003
2906.5208262802485,304.37014917825877,0.7,10000.0,0.9046425649873645,0.0403524718755613,0.00288231941968295,14.41159709841475,124.52285928235665,21.13110447534776,103.39175480700888,103.38756548524778,31.469363834411247,777.6923332204841,111.49428752723502,210.42305445492488,12.366095865961233,73.07961095895409,133.3762155990757,3.01483023200608,3.891396629675644,1.7826271764346617,1.0,1.0,58.13813794378548,31.565852921236146,NOMINAL,0.6138746187925779,2.6
2906.5300156065705,304.3711114822609,0.7,10000.0,0.9046425649873645,0.04035260378137733,0.0028823288415269523,14.411644207634762,124.52288067198288,21.131133344467827,103.39174732751505,103.38821923152075,31.469461052168835,777.6924802497051,112.11066693038777,210.42392516480987,12.289157279302763,73.23016474969134,133.37664297990827,3.0073239115108463,3.8899643533853805,1.72208467351919,1.0,1.0,58.13832664622865,31.72091278109695,NOMINAL,0.6138746846101201,2.6500000000000004
2906.5377545242713,304.37192189982744,0.7,10000.0,0.9046425649873645,0.04035271486764593,0.0028823367762604237,14.411683881302118,124.52289868533974,21.131157656994823,103.39174102834491,103.38876979455003,31.469542925366582,777.6926040723885,112.72321095998959,210.42465844573778,12.212680935718524,73.38034360648983,133.37700290445778,2.9998329648983977,3.888534477554511,1.7928662395630446,1.0,1.0,58.13848556456143,31.875036996857453,NOMINAL,0.613874740038479,2.7
2906.5442719570274,304.3726044037897,0.7,10000.0,0.9046425649873645,0.04035280842040679,0.002882343458600485,14.411717293002425,124.52291385537846,21.13117813211369,103.39173572326477,103.38923345968517,31.46961187591844,777.6927083513125,113.33194272570194,210.42527598848244,12.136666657847563,73.53014831076287,133.37730601964387,2.99235788544405,3.8871071821357885,1.933067099280608,1.0,1.0,58.13861939973488,32.02823067301427,NOMINAL,0.61387478671765,2.75
2906.5497606975687,304.3731791833551,0.7,10000.0,0.9046425649873645,0.04035288720706247,0.0028823490862187476,14.41174543109374,124.52292663091706,21.131195375500653,103.3917312554164,103.3896239421,31.469669943482153,777.6927961711613,113.9368853173638,210.42579606042185,12.061113842882255,73.67957966639771,133.3775612919778,2.9848990812790044,3.885682617225343,2.0196532611945264,1.0,1.0,58.13873211074813,32.18049898360115,NOMINAL,0.6138748260287218,2.8000000000000003
2906.5543831099308,304.3736632412457,0.7,10000.0,0.9046425649873645,0.04035295355823142,0.002882353825587959,14.411769127939795,124.52293738992326,21.13120989723737,103.39172749268589,103.3899527923831,31.46971884578942,777.6928701297591,114.53806178551888,210.42623404580942,11.986021532536318,73.82863849584446,133.3777762727698,2.9774568888462674,3.8842609077878465,1.976465796797184,1.0,1.0,58.1388270317454,32.33184715626766,NOMINAL,0.6138748591347567,2.85
2906.558275931849,304.3740708966037,0.7,10000.0,0.9046425649873645,0.040353009436683754,0.0028823578169059824,14.41178908452991,124.5229464507003,21.13122212689811,103.3917243238022,103.39022973813455,31.469760029455077,777.6929324149096,115.13549512515671,210.42660290079138,11.911388471954334,73.97732563682302,133.3779573214847,2.9700315842330838,3.882842157634462,1.841364839614226,1.0,1.0,58.13890697063372,32.48228045882268,NOMINAL,0.6138748870152148,2.9000000000000004
2906.561554319275,304.37441420853213,0.7,10000.0,0.9046425649873645,0.04035305649539794,0.00288236117824271,14.411805891213552,124.5229540813062,21.131232426255963,103.39172165505023,103.3904629716624,31.46979471276752,777.6929848691084,115.72920826215982,210.4269135366193,11.837213159307437,74.12564193955086,133.378109793848,2.9626233927148578,3.8814264527717186,1.7331661788992925,1.0,1.0,58.13897429213778,32.63180418786729,NOMINAL,0.6138749104949405,2.95
2906.5643152526022,304.37470333279407,0.7,10000.0,0.9046425649873645,0.0403530961264551,0.002882364009032507,14.411820045162534,124.5229605074856,21.13124109998382,103.39171940750178,103.39065939228188,31.46982392172584,777.6930290440416,116.31922404202884,210.42717514238828,11.76349388754493,74.27358826440903,133.37823820026597,2.955232496792847,3.880013864220773,1.7471538849584831,1.0,1.0,58.13903098774701,32.78042365919769,NOMINAL,0.6138749302685726,3.0
2906.5666404053222,304.3749468222175,0.7,10000.0,0.9046425649873645,0.04035312950221678,0.0028823663930154842,14.411831965077422,124.52296591934972,21.131248404666525,103.3917175146832,103.39082481037896,31.46984852038943,777.6930662464852,116.90556522052539,210.42739545684188,11.690228779539561,74.42116547997762,133.37834633924322,2.9478590429632803,3.878604450390819,1.8710823957076061,1.0,1.0,58.13907873462367,32.92814419970846,NOMINAL,0.6138749469211,3.0500000000000003
2906.5685985599366,304.3751518796892,0.7,10000.0,0.9046425649873645,0.040353157610003666,0.0028823684007145477,14.411842003572739,124.52297047700094,21.131254556390676,103.39171592061027,103.39096411927082,31.469869236437432,777.6930975769591,117.48825445592908,210.42758099727996,11.61741581766886,74.56837446138209,133.37843740974364,2.9405031474180774,3.877198259077132,1.9958087540358527,1.0,1.0,58.139118945213646,33.07497114056667,NOMINAL,0.6138749609451705,3.1
2906.570247642581,304.3753245712199,0.7,10000.0,0.9046425649873645,0.04035318128130136,0.0028823700915215256,14.411850457607628,124.52297431527023,21.131259737136595,103.39171457813364,103.39108143994437,31.469886682694355,777.6931239622813,118.0673143026531,210.42773725234179,11.545052868711085,74.71521608890151,133.37851410581825,2.933164900845837,3.875795329143122,2.011394484006961,1.0,1.0,58.139152809027586,33.22090981146252,NOMINAL,0.6138749727556684,3.1500000000000004
2906.571636436524,304.37547000538154,0.7,10000.0,0.9046425649873645,0.04035320121635636,0.0028823715154540257,14.41185757727013,124.52297754770612,21.131264100161445,103.39171344754467,103.39118024295256,31.46990137525814,777.6931461829843,118.6427672060031,210.42786884436148,11.473137704794798,74.8616912467974,133.37857869629755,2.9258443724750074,3.874395691936353,1.9040560777357685,1.0,1.0,58.13918132782761,33.36596553577221,NOMINAL,0.6138749827019897,3.2
2906.5728060252322,304.37559248442466,0.7,10000.0,0.9046425649873645,0.0403532180048903,0.0028823727146350215,14.41186357317511,124.52298026993418,21.131267774532738,103.39171249540144,103.39126345107292,31.4699137487671,777.6931648964039,119.2146354978981,210.42797966610027,11.401668021025271,75.00780082232829,133.3786330919063,2.9185416134789,3.872999372480619,1.7684141442097736,1.0,1.0,58.1392053452607,33.51014362649315,NOMINAL,0.61387499107838,3.25
2906.573791007667,304.37569563154403,0.7,10000.0,0.9046425649873645,0.040353232143544644,0.002882373724538903,14.411868622694515,124.52298256248605,21.13127086894632,103.39171169353973,103.39133352576394,31.469924169257204,777.6931806561226,119.78294139340073,210.42807299589805,11.330641450312164,75.15354570492067,133.37867890178526,2.9112566598432297,3.871606390479469,1.724106869015848,1.0,1.0,58.139225571814734,33.65344938283324,NOMINAL,0.6138749981326396,3.3000000000000003
2906.5746205217747,304.37578249805824,0.7,10000.0,0.9046425649873645,0.04035324405057209,0.0028823745750408635,14.411872875204319,124.52298449318215,21.131273474941747,103.3917110182404,103.39139253997666,31.46993294499003,777.6931939283485,120.34770698792826,210.4281515946508,11.260055575840319,75.29892678547179,133.37871748109222,2.9039895347810214,3.8702167611610254,1.8102458408675224,1.0,1.0,58.13924260583584,33.795888087354136,NOMINAL,0.6138750040734551,3.35
2906.575319106432,304.3758556536725,0.7,10000.0,0.9046425649873645,0.04035325407820924,0.00288237529130066,14.4118764565033,124.52298611913794,21.131275669610176,103.39171044952776,103.39144223947427,31.469940335571767,777.6932051057028,120.9089542550361,210.4282177874815,11.189907941555674,75.44394495576326,133.37874997108972,2.896740250766323,3.868830495989171,1.950853431415805,1.0,1.0,58.13925695122853,33.93746500358364,NOMINAL,0.6138750090765733,3.4000000000000004
2906.5759074273496,304.3759172624949,0.7,10000.0,0.9046425649873645,0.040353262523096345,0.0028823758945068817,14.41187947253441,124.5229874884536,21.13127751787485,103.39170997057875,103.39148409447382,31.469946559632746,777.6932145188375,121.46670504468261,210.42827353252096,11.120196060979794,75.58860110796819,133.37877733290546,2.8895088112468637,3.8674476032622622,2.021857890330897,1.0,1.0,58.13926903236198,34.078185374024734,NOMINAL,0.6138750132900009,3.45
2906.5764028884005,304.37596914705483,0.7,10000.0,0.9046425649873645,0.04035326963505249,0.002882376402503749,14.411882012518747,124.52298864163727,21.131279074411644,103.39170956722563,103.3915193431371,31.469951801295124,777.6932224462145,122.02098108189848,210.42832047883286,11.050917424616797,75.73289613423694,133.37880037596466,2.882295212086386,3.8660680886171335,1.9605826172539902,1.0,1.0,58.139279206623726,34.21805441850098,NOMINAL,0.6138750168383831,3.5
2906.5768201464607,304.3760128422167,0.7,10000.0,0.9046425649873645,0.04035327562446574,0.0028823768303189814,14.411884151594908,124.52298961280322,21.1312803852665,103.39170922753672,103.3915490281974,31.46995621561945,777.6932291223436,122.57180396579591,210.4283600151959,10.982069506174998,75.87683092634917,133.37881978193417,2.87509944277925,3.864691955453396,1.821094719485037,1.0,1.0,58.13928777499186,34.35707733278601,NOMINAL,0.6138750198266903,3.5500000000000003
2906.5771715449882,304.3760496405845,0.7,10000.0,0.9046425649873645,0.04035328066851681,0.0028823771906083435,14.411885953041718,124.52299043068092,21.131281489217535,103.39170894146338,103.39157402780523,31.46995993319172,777.6932347447197,123.11919516886321,210.4283933111859,10.913649767790337,76.0204063754217,133.3788361248875,2.86792148747329,3.86331920529061,1.7265139384040131,1.0,1.0,58.139294990938566,34.49525928747393,NOMINAL,0.613875022343325,3.6
2906.57746747917,304.3760806307395,0.7,10000.0,0.9046425649873645,0.04035328491642053,0.002882377494030038,14.41188747015019,124.52299111946549,21.131282418922183,103.3917087005433,103.39159508150559,31.4699630639865,777.6932394796668,123.66317603649904,210.42842135177554,10.845655664409563,76.16362337166328,133.37884988828748,2.86076132583121,3.861949838068973,1.7603386156391179,1.0,1.0,58.13930106792836,34.63260542705276,NOMINAL,0.6138750244627358,3.6500000000000004
2906.57771670343,304.376106729443,0.7,10000.0,0.9046425649873645,0.04035328849383984,0.0028823777495599885,14.411888747799944,124.52299169953284,21.131283201883292,103.39170849764955,103.39161281211497,31.469965700620037,777.6932434672549,124.20376778674746,210.42844496647035,10.778084647465361,76.30648280416905,133.3788614792876,2.8536189337559272,3.8605838524024367,1.8927180346456698,1.0,1.0,58.139306185732835,34.7691208691506,NOMINAL,0.6138750262476204,3.7
2906.577926590407,304.37612870875586,0.7,10000.0,0.9046425649873645,0.04035329150660318,0.00288237796475737,14.41188982378685,124.52299218804282,21.131283861262673,103.39170832678015,103.39162774414568,31.469967921090177,777.6932468254465,124.74099151020158,210.4284648538481,10.710934167955816,76.44898556074823,133.37887124077693,2.846494284001435,3.8592212457917863,2.0067847986646004,1.0,1.0,58.13931049574865,34.90481070392687,NOMINAL,0.6138750277507801,3.75
2906.5781033490525,304.3761472188779,0.7,10000.0,0.9046425649873645,0.04035329404383524,0.002882378145988231,14.411890729941158,124.52299259944684,21.131284416566338,103.3917081828805,103.39164031932177,31.469969791083702,777.6932496535848,125.27486817004812,210.42848160222428,10.64420167902202,76.59113252777988,133.3788794615234,2.8393873466871766,3.8578620148040157,2.001826832532617,1.0,1.0,58.13931412547627,35.039679993586766,NOMINAL,0.6138750290166823,3.8000000000000003
2906.578252208304,304.3761628073823,0.7,10000.0,0.9046425649873645,0.0403532961805933,0.0028823782986138074,14.411891493069037,124.52299294591519,21.13128488422147,103.39170806169372,103.39165090964623,31.469971365919427,777.6932520353331,125.8054186022301,210.42849570705496,10.577884638103107,76.73292459009237,133.37888638471605,2.8322980897311845,3.856506155223321,1.882215606138824,1.0,1.0,58.13931718229157,35.17373377199978,NOMINAL,0.6138750300827756,3.85
2906.57837757177,304.37617593541376,0.7,10000.0,0.9046425649873645,0.04035329798008775,0.002882378427149125,14.411892135745626,124.5229932376973,21.131285278062414,103.39170795963489,103.3916598284056,31.469972692184747,777.6932540411484,126.33266351570808,210.4285075855944,10.511980508735789,76.87436263086265,133.37889221515934,2.8252264792148347,3.8551536621782114,1.7535595698423652,1.0,1.0,58.13931975662242,35.30697704440577,NOMINAL,0.6138750309805976,3.9000000000000004
2906.578483148,304.3761869913307,0.7,10000.0,0.9046425649873645,0.040353299495551914,0.0028823785353965653,14.411892676982825,124.52299348342483,21.13128560973992,103.39170787368491,103.39166733943779,31.46997380911376,777.693255730368,126.85662349280366,210.42851758923797,10.446486762054288,77.01544753153232,133.37889712533166,2.8181724796899674,3.8538045302485027,1.7294613094046316,1.0,1.0,58.139321924623594,35.43941478719534,NOMINAL,0.6138750317367083,3.95
2906.57857206019,304.3761963021934,0.7,10000.0,0.9046425649873645,0.0403533007718168,0.0028823786265583426,14.411893132791713,124.5229936903669,21.1312858890658,103.3917078013011,103.39167366493679,31.469974749747845,777.6932571529629,127.37731898961157,210.42852601391704,10.381400878038184,77.1561801717378,133.37890126048754,2.811136054437487,3.8524587535553887,1.8312034369912278,1.0,1.0,58.13932375042976,35.57105194775295,NOMINAL,0.6138750323734751,4.0
2906.578646938573,304.3762041434394,0.7,10000.0,0.9046425649873645,0.040353301846637386,0.002882378703331242,14.411893516656209,124.52299386464546,21.13128612430318,103.39170774034227,103.39167899202587,31.469975541913243,777.6932583510172,127.89477033646858,210.42853310885374,10.316720346548145,77.2965614292524,133.37890474295477,2.8041171656851183,3.851116325837252,1.968947645533378,1.0,1.0,58.139325288052625,35.701893444352386,NOMINAL,0.6138750329097352,4.05
2906.5787099982313,304.37621074703134,0.7,10000.0,0.9046425649873645,0.040353302751809414,0.002882378767986387,14.411893839931933,124.52299401141606,21.13128632241094,103.39170768900512,103.3916834782929,31.46997620904408,777.6932593599716,128.4089977384697,210.4285390839331,10.252442668182923,77.43659217993839,133.37890767575306,2.7971157747907336,3.8497772405134842,2.0210598480495277,1.0,1.0,58.13932658297869,35.83194416609708,NOMINAL,0.6138750333613526,4.1000000000000005
2906.5787631046182,304.3762163083192,0.7,10000.0,0.9046425649873645,0.04035330351411003,0.0028823788224364307,14.411894112182154,124.52299413502051,21.131286489249575,103.39170764577094,103.3916872564523,31.46997677087568,777.6932602096738,128.92002127602336,210.42854411591222,10.188565354986107,77.57627329770739,133.37891014564147,2.790131842396704,3.8484414907381983,1.9415200046334475,1.0,1.0,58.13932767351496,35.96120897289781,NOMINAL,0.6138750337416871,4.15
2906.5788078287487,304.3762209918192,0.7,10000.0,0.9046425649873645,0.04035330415608991,0.0028823788682921367,14.411894341460682,124.52299423911536,21.131286629754577,103.3917076093608,103.391690438271,31.469977244028357,777.6932609252602,129.42786090543856,210.42854835364898,10.125085931026302,77.71560565448807,133.3789122256853,2.7831653285598614,3.847109069445447,1.800565341213215,1.0,1.0,58.13932859192216,36.089692695481865,NOMINAL,0.61387503406199,4.2
2906.5788454936687,304.3762249360804,0.7,10000.0,0.9046425649873645,0.04035330469674036,0.0028823789069100255,14.411894534550129,124.52299432678001,21.13128674808241,103.3917075786976,103.39169311787478,31.46997764249911,777.6932615278988,129.93253645953843,210.42855192250576,10.062001932870917,77.8545901201996,133.37891397741714,2.776216192860877,3.845779969387268,1.7226695335875855,1.0,1.0,58.139329365368894,36.21740013542864,NOMINAL,0.6138750343317366,4.25
2906.578877213597,304.3762282577835,0.7,10000.0,0.9046425649873645,0.0403533051520551,0.0028823789394325067,14.411894697162534,124.52299440060776,21.131286847733506,103.39170755287425,103.39169537453272,31.46997797807565,777.6932620354174,130.4340676482951,210.42855492805802,9.999310909970365,77.99322756273021,133.37891545265745,2.769284394496362,3.844454183165725,1.776622416661033,1.0,1.0,58.1393300167356,36.34433606522776,NOMINAL,0.6138750345589067,4.3
2906.5789039268843,304.3762310551924,0.7,10000.0,0.9046425649873645,0.04035330553550342,0.0028823789668216727,14.411894834108363,124.52299446278258,21.131286931655772,103.3917075311268,103.3916972750021,31.469978260685128,777.69326246283,130.9324740594819,210.42855745921688,9.937010424966871,78.13151884792002,133.37891669504734,2.7623698923563658,3.8431317032598487,1.9147797946678984,1.0,1.0,58.13933056529126,36.470505228355584,NOMINAL,0.6138750347502203,4.3500000000000005
2906.578926423774,304.3762334110612,0.7,10000.0,0.9046425649873645,0.04035330585842866,0.0028823789898877613,14.411894949438807,124.52299451514378,21.131287002331838,103.39170751281193,103.39169887550338,31.469978498687816,777.6932628227804,131.42777515933926,210.42855959086026,9.875098053940125,78.26946483954737,133.37891774133968,2.7554726450896156,3.841812522048331,2.0151352924365535,1.0,1.0,58.13933102726346,36.595912339367395,NOMINAL,0.6138750349113373,4.4
2906.5789453697785,304.3762353950821,0.7,10000.0,0.9046425649873645,0.040353306130383716,0.0028823790093131228,14.411895046565615,124.52299455924039,21.13128706185246,103.39170749738793,103.39170022338321,31.469978699124425,777.6932631259165,131.91999029325166,210.4285613860474,9.813571386599467,78.40706639931814,133.3789186224864,2.7485926111584127,3.840496631828608,1.9890639111223156,1.0,1.0,58.13933141631845,36.72056208400264,NOMINAL,0.6138750350470238,4.45
2906.578961325364,304.3762370659472,0.7,10000.0,0.9046425649873645,0.040353306359413664,0.0028823790256724048,14.411895128362024,124.52299459637682,21.131287111978416,103.39170748439841,103.39170135851506,31.46997886792432,777.6932633812058,132.4091386864329,210.42856289788398,9.752428026431385,78.54432438685767,133.37891936455378,2.7417297488848056,3.8391840248329228,1.8595887529549329,1.0,1.0,58.1393317439654,36.84445911930111,NOMINAL,0.6138750351612936,4.5
2906.578974762537,304.37623847308464,0.7,10000.0,0.9046425649873645,0.04035330655229376,0.0028823790394495543,14.411895197247771,124.52299462765164,21.13128715419254,103.3917074734591,103.39170231447888,31.469979010080994,777.6932635962008,132.8952394446179,210.42856417109377,9.691665590809482,78.6812396597047,133.37891998949397,2.734884016489463,3.8378746932418433,1.7410507384265321,1.0,1.0,58.139332019896884,36.96760807372796,NOMINAL,0.6138750352575272,4.55
2906.578986078801,304.376239658121,0.7,10000.0,0.9046425649873645,0.040353306714729864,0.002882379051052133,14.411895255260667,124.52299465399011,21.13128718974363,103.39170746424648,103.39170311955439,31.469979129799825,777.6932637772609,133.37831155475916,210.42856524334147,9.631281711072788,78.81781307330719,133.3789205157943,2.7280553721243557,3.836568629195624,1.7381330341726327,1.0,1.0,58.13933225227562,37.09001354730625,NOMINAL,0.6138750353385714,4.6000000000000005
2906.578995608917,304.37624065611243,0.7,10000.0,0.9046425649873645,0.04035330685152722,0.002882379060823373,14.411895304116864,124.52299467617132,21.131287219683372,103.39170745648795,103.3917037975576,31.46997923062235,777.6932639297428,133.8583738857264,210.42856614634678,9.571274032577548,78.95404548101953,133.3789209590239,2.7212437739002184,3.835265824803772,1.8534128109634744,1.0,1.0,58.139332447975946,37.211680111755754,NOMINAL,0.6138750354068236,4.65
2906.579003634809,304.3762414965819,0.7,10000.0,0.9046425649873645,0.04035330696673262,0.0028823790690523303,14.411895345261652,124.52299469485152,21.131287244897457,103.39170744995405,103.39170436854546,31.46997931553116,777.693264058157,134.33544518900817,210.42856690682262,9.511640214726807,79.08993773410113,133.37892133229462,2.714449179909675,3.8339662721530914,1.9850842360841392,1.0,1.0,58.13933261278715,37.33261231063663,NOMINAL,0.613875035464303,4.7
2906.579010393903,304.37624220439255,0.7,10000.0,0.9046425649873645,0.040353307063754125,0.0028823790759824374,14.411895379912188,124.52299471058319,21.13128726613178,103.39170744445141,103.39170484940922,31.469979387038038,777.6932641663024,134.80954409941467,210.4285675472657,9.452377930981378,79.22549068171595,133.37892164664865,2.7076715482466347,3.832669963314446,2.01686501097465,1.0,1.0,58.1393327515847,37.45281465949718,NOMINAL,0.6138750355127099,4.75
2906.579016086149,304.3762428004831,0.7,10000.0,0.9046425649873645,0.04035330714546185,0.0028823790818187033,14.411895409093518,124.52299472383181,21.13128728401449,103.39170743981732,103.39170525437393,31.469979447258353,777.6932642573786,135.28068913578048,210.42856808662194,9.393484868855182,79.36070517093307,133.37892191138536,2.7009108370226143,3.8313768903484364,1.9206884260167163,1.0,1.0,58.1393328684746,37.572291646025064,NOMINAL,0.6138750355534763,4.800000000000001
2906.5790208799363,304.37624330248735,0.7,10000.0,0.9046425649873645,0.04035330721427292,0.00288237908673378,14.411895433668901,124.52299473498933,21.13128729907462,103.3917074359147,103.39170559541944,31.469979497973565,777.6932643340792,135.74889870166686,210.4285685408468,9.334958729897494,79.49558204672786,133.37892213433636,2.694167004380425,3.8300870453101914,1.781490451809995,1.0,1.0,58.13933296691472,37.691047730200985,NOMINAL,0.6138750355878082,4.8500000000000005
2906.579024917077,304.37624372525573,0.7,10000.0,0.9046425649873645,0.04035330727222291,0.0028823790908730647,14.411895454365325,124.52299474438568,21.131287311757674,103.39170743262801,103.39170588263465,31.46997954068392,777.6932643986735,136.21419108606287,210.42856892337716,9.276797229664286,79.63012215198384,133.37892232209694,2.687440008505655,3.8288004202533723,1.7222008228639345,1.0,1.0,58.13933304981715,37.80908734445449,NOMINAL,0.6138750356167212,4.9
2906.579028316999,304.3762440812948,0.7,10000.0,0.9046425649873645,0.04035330732102614,0.00288237909435901,14.411895471795052,124.522994752299,21.131287322438844,103.39170742986016,103.39170612451609,31.469979576652936,777.693264453072,136.67658446408475,210.4285692455294,9.21899809768058,79.7643263274951,133.37892248022163,2.6807298076363266,3.827517007233551,1.7951801374426348,1.0,1.0,58.13933311963435,37.92641489382127,NOMINAL,0.6138750356410706,4.95
2906.579031180281,304.376244381137,0.7,10000.0,0.9046425649873645,0.040353307362126306,0.002882379097294736,14.41189548647368,124.52299475896322,21.13128733143411,103.39170742752911,103.39170632821923,31.469979606944616,777.6932644988846,137.13609689767327,210.42856951683336,9.161559077395012,79.89819541196911,133.37892261338803,2.6740363600709456,3.826236798311038,1.9359782684468168,1.0,1.0,58.13933317843166,38.04303475610181,NOMINAL,0.6138750356615766,5.0
2906.5790335916263,304.37624463365245,0.7,10000.0,0.9046425649873645,0.04035330739673927,0.002882379099767091,14.411895498835454,124.52299476457556,21.131287339009575,103.39170742556598,103.3917064997701,31.469979632455093,777.6932645374661,137.59274633628868,210.42856974531503,9.104477926128293,80.03173024202992,133.37892272553557,2.6673596241752824,3.8249597855532587,2.020251974058878,1.0,1.0,58.13933322794849,38.158951282020716,NOMINAL,0.613875035678846,5.050000000000001
2906.579035622367,304.3762448463111,0.7,10000.0,0.9046425649873645,0.04035330742588897,0.002882379101849212,14.41189550924606,124.52299476930209,21.13128734538933,103.39170742391275,103.39170664424356,31.46997965393903,777.6932645699578,138.0465506176029,210.42856993773339,9.047752415016312,80.16493165222167,133.37892281998188,2.6606995583880106,3.823685961036746,1.9735763492295932,1.0,1.0,58.1393332696496,38.27416879538655,NOMINAL,0.6138750356933896,5.1000000000000005
2906.5790373325776,304.37624502540393,0.7,10000.0,0.9046425649873645,0.040353307450437706,0.0028823791036026933,14.411895518013466,124.52299477328262,21.13128735076212,103.3917074225205,103.39170676591344,31.46997967203197,777.6932645973213,138.49752746818868,210.4285700997807,8.991380328949003,80.29780047501235,133.37892289952094,2.6540561212254294,3.822415316848809,1.8371720709843762,1.0,1.0,58.13933330476869,38.38869159325226,NOMINAL,0.6138750357056378,5.15
2906.5790387728503,304.37624517622896,0.7,10000.0,0.9046425649873645,0.040353307471111696,0.002882379105079407,14.411895525397034,124.52299477663483,21.13128735528687,103.39170742134796,103.3917068683791,31.469979687269138,777.6932646203657,138.94569450420587,210.4285702362506,8.935359466505592,80.43033754079781,133.3789229665056,2.6474292712853895,3.8211478450889285,1.7315022618981593,1.0,1.0,58.13933333434461,38.50252394607531,NOMINAL,0.6138750357159527,5.2
2906.579039985792,304.3762453032479,0.7,10000.0,0.9046425649873645,0.04035330748852252,0.002882379106323037,14.411895531615187,124.52299477945792,21.131287359097435,103.39170742036049,103.3917069546717,31.46997970010128,777.6932646397728,139.3910692320841,210.42857035118018,8.87968763988701,80.56254367790586,133.37892302291743,2.6408189672505786,3.8198835378699316,1.7498875286728566,1.0,1.0,58.13933335925227,38.61567009787804,NOMINAL,0.6138750357246394,5.25
2906.579041007284,304.3762454102183,0.7,10000.0,0.9046425649873645,0.04035330750318524,0.0028823791073703743,14.41189553685187,124.52299478183544,21.13128736230655,103.39170741952888,103.39170702734393,31.469979710908014,777.6932646561165,139.8336690492021,210.42857044796946,8.824362674845922,80.69441971260066,133.37892307042534,2.634225167891234,3.8186223873189604,1.876091278271303,1.0,1.0,58.139333380228535,38.72813426640769,NOMINAL,0.6138750357319551,5.300000000000001
2906.5790418675447,304.3762455003046,0.7,10000.0,0.9046425649873645,0.04035330751553361,0.0028823791082524006,14.411895541262004,124.52299478383769,21.131287365009136,103.39170741882856,103.39170708854566,31.469979720009025,777.6932646698809,140.2735112445635,210.4285705294815,8.76938241061475,80.82596646908712,133.37892311043458,2.6276478320673733,3.8173643855782915,1.998658676985512,1.0,1.0,58.139333397893935,38.83992064329622,NOMINAL,0.6138750357381161,5.3500000000000005
2906.5790425920227,304.37624557617175,0.7,10000.0,0.9046425649873645,0.04035330752593292,0.0028823791089952087,14.411895544976044,124.5229947855239,21.131287367285154,103.39170741823875,103.39170714008735,31.469979727673536,777.6932646814727,140.71061299946913,210.4285705981279,8.714744699832345,80.9571847695154,133.37892314412883,2.621086918730672,3.8161095248060124,2.0093462000890385,1.0,1.0,58.13933341277104,38.95103339421938,NOMINAL,0.6138750357433046,5.4
2906.5790432021504,304.37624564006416,0.7,10000.0,0.9046425649873645,0.040353307534690824,0.002882379109620773,14.411895548103866,124.52299478694394,21.131287369201925,103.39170741774201,103.39170718349379,31.469979734128287,777.6932646912344,141.14499138818528,210.42857065593913,8.660447408469231,81.08807543398558,133.3789231725048,2.6145423869259616,3.8148577971765834,1.8987152872585713,1.0,1.0,58.139333425299995,39.06147665905576,NOMINAL,0.6138750357476742,5.45
2906.5790437159753,304.3762456938718,0.7,10000.0,0.9046425649873645,0.040353307542066376,0.002882379110147598,14.411895550737992,124.52299478813985,21.131287370816153,103.3917074173237,103.39170722004897,31.469979739564227,777.6932646994557,141.5766633786085,210.4285707046255,8.606488415752128,81.21863928055237,133.37892319640196,2.6080141957924794,3.813609194881304,1.7644679451632943,1.0,1.0,58.139333435851334,39.17125455204466,NOMINAL,0.613875035751354,5.5
2906.5790441486993,304.3762457391865,0.7,10000.0,0.9046425649873645,0.040353307548277796,0.002882379110591271,14.411895552956354,124.52299478914703,21.131287372175596,103.39170741697144,103.39170725083433,31.469979744142172,777.6932647063792,142.00564583292646,210.4285707456273,8.552865614087604,81.34887712522979,133.3789232165272,2.60150230456487,3.812363710128699,1.7251627244776746,1.0,1.0,58.13933344473731,39.28037116194399,NOMINAL,0.6138750357544531,5.550000000000001
2906.579044513122,304.3762457773488,0.7,10000.0,0.9046425649873645,0.04035330755350879,0.002882379110964914,14.411895554824572,124.52299478999524,21.13128737332046,103.39170741667478,103.39170727676056,31.469979747997538,777.6932647122101,142.43195550827514,210.42857078015746,8.49957690898529,81.478789781996,133.37892323347594,2.595006672573997,3.8111213351448336,1.8155114735993834,1.0,1.0,58.13933345222069,39.38883055218674,NOMINAL,0.6138750357570629,5.6000000000000005
2906.579044820025,304.3762458094876,0.7,10000.0,0.9046425649873645,0.04035330755791415,0.0028823791112795824,14.411895556397912,124.52299479070953,21.13128737428463,103.39170741642491,103.39170729859462,31.469979751244374,777.6932647171205,142.85560905739192,210.42857080923739,8.446620218980684,81.60837806279812,133.37892324774947,2.5885272592475674,3.8098820621735725,1.9557240313650552,1.0,1.0,58.13933345852295,39.496636761037465,NOMINAL,0.613875035759261,5.65
2906.579045078487,304.37624583655366,0.7,10000.0,0.9046425649873645,0.04035330756162417,0.0028823791115445835,14.411895557722916,124.52299479131112,21.131287375096612,103.3917074162145,103.39170731698245,31.469979753978734,777.6932647212559,143.27662302926498,210.42857083372735,8.393993475557796,81.73764277755711,133.3789232597701,2.582064024110649,3.808645883476792,2.0219737125030606,1.0,1.0,58.13933346383044,39.60379380174729,NOMINAL,0.613875035761112,5.7
2906.5790452961533,304.37624585934765,0.7,10000.0,0.9046425649873645,0.0403533075647486,0.002882379111767757,14.411895558838784,124.52299479181772,21.13128737578043,103.39170741603729,103.39170733246794,31.469979756281504,777.6932647247386,143.69501386977882,210.42857085435185,8.341694623071628,81.86658473417259,133.3789232698934,2.57561692678604,3.807412791334544,1.9557530553761469,1.0,1.0,58.139333468300194,39.710305662708684,NOMINAL,0.6138750357626709,5.75
2906.5790454794637,304.37624587854384,0.7,10000.0,0.9046425649873645,0.04035330756737987,0.002882379111955705,14.411895559778527,124.52299479224435,21.131287376356315,103.39170741588804,103.3917073455092,31.469979758220802,777.6932647276715,144.11079792235586,210.42857087172098,8.28972161867064,81.99520473852779,133.3789232784188,2.5691859269945505,3.8061827780451996,1.8155438712295118,1.0,1.0,58.13933347206445,39.816176307609126,NOMINAL,0.6138750357639837,5.800000000000001
2906.57904563384,304.3762458947101,0.7,10000.0,0.9046425649873645,0.04035330756959582,0.002882379112113987,14.411895560569937,124.52299479260364,21.131287376841303,103.39170741576234,103.39170735649205,31.469979759854002,777.6932647301414,144.52399142859412,210.42857088634852,8.238072432219301,82.12350359449444,133.3789232855986,2.5627709845552085,3.8049558359255466,1.725169894047727,1.0,1.0,58.13933347523455,39.921409675583966,NOMINAL,0.6138750357650893,5.8500000000000005
2906.57904576385,304.37624590832473,0.7,10000.0,0.9046425649873645,0.040353307571462015,0.0028823791122472866,14.411895561236433,124.52299479290626,21.13128737724974,103.39170741565653,103.3917073657414,31.469979761229432,777.6932647322217,144.93461052890117,210.42857089866737,8.186745046220775,82.25148210393766,133.37892329164515,2.5563720593853745,3.803731957310879,1.7644436202614089,1.0,1.0,58.139333477904316,40.02600968136857,NOMINAL,0.6138750357660204,5.9
2906.5790458733395,304.37624591979045,0.7,10000.0,0.9046425649873645,0.04035330757303366,0.002882379112359547,14.411895561797737,124.52299479316113,21.131287377593715,103.39170741556742,103.39170737353083,31.469979762387773,777.6932647339736,145.3426712631241,210.42857090904187,8.135737455739722,82.37914106672092,133.37892329673736,2.549989111500822,3.802511134555053,1.8986810238139897,1.0,1.0,58.13933348015268,40.12998021544941,NOMINAL,0.6138750357668046,5.95
2906.579045965547,304.3762459294464,0.7,10000.0,0.9046425649873645,0.04035330757435722,0.0028823791124540873,14.411895562270438,124.52299479337573,21.13128737788339,103.39170741549233,103.39170738009076,31.46997976336326,777.6932647354489,145.74818957117563,210.42857091777876,8.085047668325391,82.50648128071093,133.37892330102576,2.5436221010157416,3.801293360030533,2.009332246175768,1.0,1.0,58.139333482046155,40.23332514421449,NOMINAL,0.6138750357674649,6.0
2906.5790460432004,304.37624593757823,0.7,10000.0,0.9046425649873645,0.04035330757547187,0.002882379112533705,14.411895562668526,124.52299479355648,21.131287378127347,103.39170741542912,103.39170738561528,31.46997976418479,777.6932647366914,146.15118129365652,210.42857092513665,8.034673703935017,82.63350354178256,133.37892330463728,2.537270988142736,3.8000786261284243,1.9986772216524749,1.0,1.0,58.139333483640755,40.33604831010272,NOMINAL,0.613875035768021,6.050000000000001
2906.579046108597,304.37624594442656,0.7,10000.0,0.9046425649873645,0.04035330757641059,0.0028823791126007564,14.411895563003782,124.52299479370866,21.131287378332797,103.39170741537586,103.39170739026781,31.469979764876637,777.6932647377375,146.55166217247395,210.42857093133316,7.9846135948574,82.76020864382379,133.37892330767875,2.530935733192748,3.7988669252584866,1.8761257802563154,1.0,1.0,58.13933348498368,40.43815353175259,NOMINAL,0.6138750357684895,6.1000000000000005
2906.5790461636716,304.37624595019395,0.7,10000.0,0.9046425649873645,0.04035330757720114,0.0028823791126572243,14.411895563286121,124.52299479383686,21.131287378505817,103.39170741533104,103.39170739418599,31.469979765459293,777.6932647386188,146.94964785145626,210.42857093655164,7.934865385636922,82.88659737874057,133.3789233102402,2.524616296574981,3.7976582498491434,1.749907498857279,1.0,1.0,58.13933348611464,40.53964460414976,NOMINAL,0.6138750357688838,6.15
2906.5790462100535,304.37624595505105,0.7,10000.0,0.9046425649873645,0.04035330757786692,0.00288237911270478,14.4118955635239,124.52299479394482,21.131287378651532,103.39170741529328,103.39170739748575,31.469979765949983,777.6932647393609,147.34515387696382,210.42857094094646,7.88542713299783,83.01267053646181,133.37892331239735,2.5183126387967767,3.796452592347483,1.7314902782789927,1.0,1.0,58.13933348706707,40.64052529877392,NOMINAL,0.613875035769216,6.2
2906.5790462491145,304.3762459591415,0.7,10000.0,0.9046425649873645,0.04035330757842761,0.002882379112744829,14.411895563724146,124.52299479403572,21.131287378774246,103.39170741526148,103.39170740026466,31.469979766363224,777.6932647399858,147.73819569849613,210.4285709446476,7.836296905768933,83.1384289049442,133.37892331421398,2.5120247204634887,3.7952499452192443,1.8371390308420563,1.0,1.0,58.1393334878692,40.740799363744834,NOMINAL,0.6138750357694958,6.25
2906.57904628201,304.3762459625863,0.7,10000.0,0.9046425649873645,0.0403533075788998,0.0028823791127785573,14.411895563892786,124.5229947941123,21.131287378877587,103.3917074152347,103.39170740260496,31.46997976671124,777.6932647405122,148.1287886692952,210.4285709477645,7.787472784808664,83.26387327017717,133.37892331574392,2.5057525022783373,3.79405030094881,1.9735515454882413,1.0,1.0,58.139333488544715,40.84047052396718,NOMINAL,0.6138750357697313,6.300000000000001
2906.5790463097137,304.37624596548744,0.7,10000.0,0.9046425649873645,0.04035330757929746,0.0028823791128069617,14.41189556403481,124.52299479417677,21.131287378964622,103.39170741521215,103.3917074045759,31.469979767004325,777.6932647409554,148.51694804694515,210.4285709503895,7.738952862930546,83.38900441618773,133.3789233170324,2.499495945042233,3.7928536520391827,2.020257022825881,1.0,1.0,58.13933348911359,40.9395424812749,NOMINAL,0.6138750357699297,6.3500000000000005
2906.5790463330445,304.37624596793063,0.7,10000.0,0.9046425649873645,0.040353307579632354,0.0028823791128308822,14.411895564154412,124.52299479423105,21.131287379037918,103.39170741519314,103.39170740623571,31.469979767251147,777.6932647413288,148.90268899396807,210.42857095260013,7.690735244829007,83.51382312504539,133.37892331811742,2.493255009653601,3.791659991011961,1.9360081735762618,1.0,1.0,58.13933348959268,41.038018914574465,NOMINAL,0.6138750357700968,6.4
2906.579046352693,304.3762459699882,0.7,10000.0,0.9046425649873645,0.040353307579914385,0.0028823791128510276,14.411895564255138,124.52299479427676,21.131287379099646,103.39170741517711,103.39170740763355,31.469979767459,777.6932647416431,149.2860265784163,210.4285709544619,7.642818047005697,83.63833017686702,133.3789233190312,2.4870296571082093,3.7904693104073144,1.7952081876628772,1.0,1.0,58.139333489996154,41.135903479987206,NOMINAL,0.6138750357702375,6.45
2906.579046369239,304.37624597172095,0.7,10000.0,0.9046425649873645,0.04035330758015191,0.0028823791128679936,14.41189556433997,124.52299479431532,21.13128737915163,103.3917074151637,103.39170740881073,31.46997976763407,777.693264741908,149.66697577446095,210.42857095602974,7.595199397696099,83.76252634982168,133.3789233198008,2.480819848498956,3.7892816027839524,1.7222026014775933,1.0,1.0,58.13933349033595,41.23319981099101,NOMINAL,0.6138750357703561,6.5
2906.5790463831745,304.37624597318023,0.7,10000.0,0.9046425649873645,0.04035330758035193,0.002882379112882281,14.411895564411404,124.52299479434772,21.131287379195406,103.39170741515233,103.39170740980214,31.469979767781485,777.6932647421307,150.04555146297662,210.4285709573501,7.547877436796686,83.88641242013554,133.37892332044888,2.474625545015667,3.7880968607190932,1.781465277729507,1.0,1.0,58.1393334906221,41.329911518560834,NOMINAL,0.6138750357704558,6.550000000000001
2906.57904639491,304.3762459744092,0.7,10000.0,0.9046425649873645,0.04035330758052039,0.0028823791128943133,14.411895564471568,124.52299479437505,21.131287379232276,103.39170741514278,103.39170741063704,31.46997976790564,777.6932647423184,150.42176843212283,210.4285709584621,7.500850315792409,84.00998916209666,133.3789233209947,2.4684467079449015,3.786915076808424,1.9206592137002625,1.0,1.0,58.13933349086309,41.426042191308646,NOMINAL,0.6138750357705398,6.6000000000000005
2906.5790464047936,304.3762459754442,0.7,10000.0,0.9046425649873645,0.04035330758066226,0.002882379112904447,14.411895564522236,124.52299479439803,21.131287379263327,103.3917074151347,103.39170741134018,31.469979768010198,777.6932647424767,150.79564137792153,210.42857095939857,7.45411619768463,84.13325734805983,133.37892332145432,2.4622832986697247,3.7857362436660718,2.016857231449509,1.0,1.0,58.139333491066054,41.52159539562233,NOMINAL,0.6138750357706106,6.65
2906.5790464131173,304.37624597631583,0.7,10000.0,0.9046425649873645,0.04035330758078173,0.002882379112912981,14.411895564564906,124.52299479441741,21.131287379289475,103.39170741512794,103.39170741193234,31.46997976809826,777.6932647426099,151.16718490483115,210.42857096018724,7.407673256919512,84.25621774845142,133.37892332184146,2.456135278669502,3.78456035392456,1.9851033959961557,1.0,1.0,58.139333491236975,41.61657467580374,NOMINAL,0.6138750357706703,6.7
2906.579046420127,304.37624597704985,0.7,10000.0,0.9046425649873645,0.04035330758088235,0.0028823791129201676,14.411895564600837,124.52299479443373,21.131287379311495,103.39170741512223,103.39170741243102,31.46997976817241,777.693264742722,151.5364135263171,210.42857096085143,7.3615196793167925,84.37887113177416,133.37892332216745,2.4500026095196645,3.783387400234771,1.85344066277123,1.0,1.0,58.1393334913809,41.71098355420604,NOMINAL,0.6138750357707204,6.75
2906.57904642603,304.376245977668,0.7,10000.0,0.9046425649873645,0.04035330758096709,0.002882379112926221,14.411895564631104,124.52299479444751,21.13128737933004,103.39170741511748,103.39170741285098,31.46997976823488,777.6932647428165,151.9033416654186,210.42857096141086,7.315653661999033,84.50121826461195,133.37892332244206,2.443885252891506,3.782217375265907,1.738145134593922,1.0,1.0,58.139333491502136,41.80482553136999,NOMINAL,0.6138750357707627,6.800000000000001
2906.579046431001,304.37624597818865,0.7,10000.0,0.9046425649873645,0.04035330758103846,0.0028823791129313184,14.411895564656593,124.52299479445908,21.131287379345657,103.39170741511342,103.39170741320467,31.469979768287473,777.6932647428958,152.26798365531212,210.4285709618819,7.270073413321221,84.62325991163465,133.37892332267324,2.43778317055193,3.781050271705448,1.7410384465268371,1.0,1.0,58.13933349160423,41.898104086159584,NOMINAL,0.6138750357707984,6.8500000000000005
2906.579046435188,304.3762459786271,0.7,10000.0,0.9046425649873645,0.040353307581098556,0.002882379112935611,14.411895564678055,124.52299479446881,21.13128737935881,103.39170741511,103.39170741350254,31.46997976833176,777.6932647429632,152.63035373987123,210.42857096227863,7.224777152800925,84.74499683560285,133.378923322868,2.4316963243632572,3.779886082259111,1.8595654108911717,1.0,1.0,58.1393334916902,41.990822675896624,NOMINAL,0.6138750357708284,6.9
2906.579046438714,304.37624597899634,0.7,10000.0,0.9046425649873645,0.04035330758114917,0.002882379112939226,14.411895564696131,124.522994794477,21.13128737936989,103.3917074151071,103.39170741375341,31.46997976836906,777.6932647430195,152.99046607422298,210.4285709626127,7.179763111048715,84.86642979737265,133.37892332303196,2.4256246762829656,3.7787247996508073,1.9890505948472077,1.0,1.0,58.13933349176261,42.08298473649476,NOMINAL,0.6138750357708537,6.95
2906.579046441683,304.37624597930727,0.7,10000.0,0.9046425649873645,0.04035330758119179,0.0028823791129422706,14.411895564711354,124.52299479448392,21.131287379379216,103.3917074151047,103.39170741396464,31.469979768400478,777.6932647430671,153.34833472530087,210.428570962894,7.135029529699143,84.98755955590036,133.37892332317003,2.4195681883634834,3.7775664166226006,2.0151409665503897,1.0,1.0,58.139333491823585,42.174593682592395,NOMINAL,0.6138750357708749,7.0
2906.5790464441843,304.37624597956915,0.7,10000.0,0.9046425649873645,0.040353307581227675,0.002882379112944834,14.41189556472417,124.52299479448972,21.131287379387075,103.39170741510264,103.39170741414254,31.469979768426924,777.6932647431071,153.70397367239428,210.42857096313094,7.090574661342082,85.10838686824732,133.37892332328633,2.41352682275195,3.7764109259346634,1.914795178390997,1.0,1.0,58.139333491874936,42.265652907684945,NOMINAL,0.6138750357708928,7.050000000000001
2906.5790464462902,304.3762459797897,0.7,10000.0,0.9046425649873645,0.040353307581257915,0.002882379112946994,14.41189556473497,124.52299479449465,21.13128737939369,103.39170741510097,103.3917074142924,31.469979768449218,777.6932647431406,154.05739680769452,210.42857096333054,7.046396769454503,85.22891248958459,133.3789233233843,2.4075005416899855,3.7752583203652343,1.7766322118047768,1.0,1.0,58.13933349191817,42.35616578425625,NOMINAL,0.6138750357709079,7.1000000000000005
2906.5790464480638,304.3762459799754,0.7,10000.0,0.9046425649873645,0.04035330758128337,0.0028823791129488118,14.411895564744059,124.52299479449876,21.13128737939926,103.39170741509949,103.39170741441855,31.46997976846797,777.693264743169,154.40861793683752,210.42857096349854,7.0024941283326285,85.34913717319762,133.37892332346678,2.401489307513458,3.774108592710575,1.7226687615391432,1.0,1.0,58.13933349195459,42.446135663909146,NOMINAL,0.6138750357709206,7.15
2906.5790464495576,304.37624598013184,0.7,10000.0,0.9046425649873645,0.040353307581304815,0.002882379112950344,14.411895564751719,124.52299479450228,21.131287379403958,103.39170741509832,103.39170741452482,31.46997976848379,777.6932647431931,154.7576507794431,210.4285709636402,6.958865023024636,85.46906167049106,133.3789233235363,2.395493082652262,3.7729617357849254,1.8005618953403755,1.0,1.0,58.13933349198527,42.535565877495166,NOMINAL,0.6138750357709313,7.2
2906.579046450815,304.37624598026355,0.7,10000.0,0.9046425649873645,0.04035330758132286,0.002882379112951633,14.411895564758167,124.52299479450515,21.131287379407908,103.39170741509724,103.3917074146143,31.469979768497076,777.693264743213,155.10450896965096,210.42857096375923,6.915507749263533,85.58868673099337,133.37892332359473,2.389511829630068,3.7718177424204606,1.9415213797245876,1.0,1.0,58.139333492011104,42.62445973524366,NOMINAL,0.6138750357709403,7.25
2906.5790464518745,304.3762459803745,0.7,10000.0,0.9046425649873645,0.04035330758133807,0.0028823791129527197,14.411895564763599,124.52299479450764,21.131287379411233,103.3917074150964,103.39170741468969,31.469979768508296,777.6932647432301,155.44920605665308,210.4285709638597,6.872420613400827,85.70801310236155,133.37892332364405,2.383545511064125,3.7706766054672505,2.021060814058521,1.0,1.0,58.13933349203287,42.71282052688967,NOMINAL,0.6138750357709478,7.300000000000001
2906.579046452767,304.37624598046796,0.7,10000.0,0.9046425649873645,0.04035330758135088,0.0028823791129536343,14.411895564768173,124.52299479450971,21.13128737941404,103.39170741509568,103.39170741475317,31.469979768517735,777.6932647432443,155.79175550522314,210.4285709639442,6.8296019323401325,85.82704153038577,133.37892332368554,2.3775940896649885,3.7695383177932085,1.9689360572974521,1.0,1.0,58.13933349205118,42.80065152180159,NOMINAL,0.6138750357709543,7.3500000000000005
2906.5790464535185,304.3762459805466,0.7,10000.0,0.9046425649873645,0.040353307581361665,0.0028823791129544045,14.411895564772024,124.52299479451145,21.1312873794164,103.39170741509506,103.39170741480662,31.46997976852568,777.6932647432562,156.13217069624244,210.42857096401536,6.7870500334716155,85.9457727589941,133.37892332372044,2.3716575282363173,3.7684028722840544,1.8311803606213304,1.0,1.0,58.13933349206662,42.887955969107594,NOMINAL,0.6138750357709596,7.4
2906.5790464541515,304.3762459806129,0.7,10000.0,0.9046425649873645,0.04035330758137075,0.0028823791129550533,14.411895564775268,124.52299479451293,21.13128737941839,103.39170741509454,103.39170741485165,31.469979768532376,777.6932647432665,156.4704649272226,210.4285709640754,6.7447632546066,86.06420753025706,133.3789233237499,2.365735789674641,3.7672702618432683,1.7294507444305536,1.0,1.0,58.139333492079615,42.97473709782134,NOMINAL,0.6138750357709641,7.45
2906.5790464546844,304.3762459806687,0.7,10000.0,0.9046425649873645,0.04035330758137841,0.0028823791129556006,14.411895564778005,124.52299479451418,21.131287379420062,103.39170741509412,103.39170741488957,31.469979768538018,777.6932647432749,156.80665141282495,210.4285709641259,6.7027399439126185,86.18234658439238,133.3789233237747,2.359828836969116,3.766140479392045,1.7535882991511058,1.0,1.0,58.13933349209057,43.06099811696717,NOMINAL,0.613875035770968,7.5
2906.5790464551333,304.37624598071574,0.7,10000.0,0.9046425649873645,0.04035330758138485,0.0028823791129560608,14.411895564780304,124.52299479451524,21.131287379421472,103.39170741509378,103.39170741492151,31.469979768542775,777.6932647432825,157.14074328537677,210.42857096416847,6.6609784598489625,86.30019065976948,133.3789233237956,2.353936633201305,3.7650135178692543,1.8822762803251962,1.0,1.0,58.13933349209979,43.146742215704094,NOMINAL,0.6138750357709712,7.550000000000001
2906.579046455511,304.3762459807553,0.7,10000.0,0.9046425649873645,0.04035330758139027,0.0028823791129564476,14.411895564782238,124.5229947945161,21.13128737942266,103.39170741509344,103.39170741494839,31.46997976854676,777.6932647432882,157.4727535953843,210.4285709642042,6.6194771711024885,86.41774049291423,133.37892332381313,2.3480591415449448,3.763889370231394,2.0018656938202017,1.0,1.0,58.139333492107525,43.23197256344945,NOMINAL,0.6138750357709739,7.6000000000000005
2906.579046455829,304.3762459807886,0.7,10000.0,0.9046425649873645,0.04035330758139483,0.0028823791129567737,14.411895564783869,124.52299479451683,21.131287379423657,103.39170741509318,103.39170741497101,31.46997976855013,777.6932647432933,157.8026953120424,210.42857096423432,6.57823445652399,86.53499681851346,133.37892332382793,2.3421963252657236,3.7627680294525447,2.0067428184878464,1.0,1.0,58.13933349211406,43.31669231000148,NOMINAL,0.6138750357709762,7.65
2906.5790464560973,304.3762459808167,0.7,10000.0,0.9046425649873645,0.040353307581398684,0.0028823791129570487,14.411895564785244,124.52299479451747,21.1312873794245,103.39170741509298,103.3917074149901,31.46997976855297,777.6932647432975,158.13058132374135,210.4285709642598,6.537248705064805,86.65196036941958,133.3789233238404,2.3363481477210413,3.761649488524332,1.8926004897348043,1.0,1.0,58.13933349211956,43.40090458566119,NOMINAL,0.6138750357709781,7.7
2906.579046456323,304.37624598084034,0.7,10000.0,0.9046425649873645,0.04035330758140194,0.002882379112957281,14.411895564786406,124.52299479451803,21.13128737942521,103.39170741509281,103.39170741500615,31.469979768555365,777.6932647433013,158.45642443857014,210.4285709642812,6.496518315713882,86.76863187665516,133.37892332385093,2.330514572359788,3.760533740455877,1.7602419118610348,1.0,1.0,58.13933349212423,43.484612501353666,NOMINAL,0.6138750357709798,7.75
2906.579046456513,304.37624598086023,0.7,10000.0,0.9046425649873645,0.04035330758140465,0.002882379112957475,14.411895564787375,124.52299479451843,21.131287379425807,103.39170741509261,103.39170741501967,31.469979768557362,777.6932647433043,158.78023738481681,210.4285709642991,6.456041697435285,86.8850120694175,133.37892332385974,2.3246955627221118,3.759420778273757,1.7265577153266611,1.0,1.0,58.1393334921281,43.56781914874827,NOMINAL,0.613875035770981,7.800000000000001
2906.579046456673,304.376245980877,0.7,10000.0,0.9046425649873645,0.040353307581406955,0.00288237911295764,14.411895564788198,124.52299479451881,21.13128737942631,103.3917074150925,103.39170741503106,31.46997976855906,777.6932647433068,159.10203281146576,210.42857096431433,6.415817269106071,87.00110167508316,133.37892332386718,2.318891082439201,3.758310595021958,1.8212956281200898,1.0,1.0,58.139333492131406,43.65052760037854,NOMINAL,0.6138750357709822,7.8500000000000005
2906.5790464568076,304.3762459808911,0.7,10000.0,0.9046425649873645,0.04035330758140888,0.002882379112957777,14.411895564788885,124.52299479451911,21.13128737942673,103.39170741509238,103.39170741504063,31.46997976856048,777.6932647433088,159.42182328869174,210.42857096432706,6.3758434594544156,87.11690141921257,133.37892332387344,2.3131010952330433,3.757203183761835,1.960789184999574,1.0,1.0,58.13933349213414,43.732740909760835,NOMINAL,0.6138750357709831,7.9
2906.5790464569213,304.376245980903,0.7,10000.0,0.9046425649873645,0.04035330758141051,0.0028823791129578935,14.411895564789466,124.52299479451936,21.13128737942709,103.39170741509227,103.3917074150487,31.469979768561675,777.6932647433108,159.7396213083509,210.4285709643378,6.336118706998363,87.2324120255545,133.3789233238787,2.30732556491621,3.756098537572068,2.0218465983661758,1.0,1.0,58.13933349213649,43.81446211151279,NOMINAL,0.613875035770984,7.95
2906.579046457017,304.376245980913,0.7,10000.0,0.9046425649873645,0.04035330758141188,0.0028823791129579915,14.411895564789958,124.52299479451962,21.13128737942739,103.39170741509223,103.3917074150555,31.4699797685627,777.6932647433123,160.0554392844688,210.4285709643469,6.296641459984762,87.34763421605061,133.37892332388319,2.301564455391629,3.754996649548617,1.9505458658811858,1.0,1.0,58.139333492138455,43.89569422147045,NOMINAL,0.6138750357709847,8.0
2906.5790464570973,304.3762459809214,0.7,10000.0,0.9046425649873645,0.040353307581413034,0.002882379112958074,14.41189556479037,124.52299479451982,21.13128737942764,103.39170741509218,103.39170741506122,31.469979768563555,777.6932647433138,160.36928955372528,210.42857096435455,6.2574101763286585,87.46256871083996,133.3789233238869,2.2958177306523475,3.7538975128046803,1.809855234167743,1.0,1.0,58.139333492140096,43.97644023680522,NOMINAL,0.6138750357709852,8.05
2906.579046457165,304.3762459809285,0.7,10000.0,0.9046425649873645,0.04035330758141402,0.002882379112958144,14.41189556479072,124.52299479451996,21.131287379427853,103.3917074150921,103.39170741506605,31.46997976856426,777.6932647433144,160.68118437593637,210.42857096436097,6.2184233235530755,87.57721622826352,133.37892332389006,2.290085354781327,3.752801120470652,1.7240236707720438,1.0,1.0,58.13933349214151,44.056703136139745,NOMINAL,0.6138750357709858,8.1
2906.579046457222,304.37624598093447,0.7,10000.0,0.9046425649873645,0.040353307581414824,0.002882379112958202,14.411895564791008,124.52299479452009,21.131287379428034,103.39170741509206,103.3917074150701,31.469979768564865,777.6932647433156,160.99113593453322,210.42857096436634,6.179679378729141,87.69157748486865,133.3789233238927,2.2843672919512032,3.7517074656940776,1.7688521228217682,1.0,1.0,58.139333492142654,44.13648587966308,NOMINAL,0.6138750357709861,8.15
2906.57904645727,304.37624598093953,0.7,10000.0,0.9046425649873645,0.040353307581415525,0.0028823791129582517,14.411895564791259,124.52299479452019,21.131287379428187,103.391707415092,103.39170741507353,31.469979768565373,777.6932647433163,161.299156337038,210.42857096437086,6.141176828416608,87.80565319541357,133.37892332389495,2.2786635064240692,3.750616541639613,1.9047509686353141,1.0,1.0,58.13933349214366,44.21579140924542,NOMINAL,0.6138750357709866,8.200000000000001
2906.579046457311,304.3762459809438,0.7,10000.0,0.9046425649873645,0.0403533075814161,0.002882379112958293,14.411895564791465,124.52299479452029,21.131287379428315,103.39170741509197,103.39170741507644,31.469979768565803,777.693264743317,161.60525761553683,210.42857096437476,6.102914168604741,87.91944407287184,133.37892332389686,2.2729739625512506,3.7495283414889795,2.0117030394863264,1.0,1.0,58.139333492144495,44.2946226485517,NOMINAL,0.6138750357709868,8.25
2906.579046457345,304.3762459809474,0.7,10000.0,0.9046425649873645,0.04035330758141659,0.002882379112958328,14.41189556479164,124.52299479452034,21.13128737942842,103.39170741509193,103.39170741507887,31.469979768566162,777.6932647433176,161.90945172714984,210.42857096437797,6.064889904653516,88.03295082843681,133.37892332389842,2.2672986247730806,3.748442858440925,1.9952551068956468,1.0,1.0,58.1393334921452,44.37298250315499,NOMINAL,0.613875035770987,8.3
2906.579046457374,304.3762459809504,0.7,10000.0,0.9046425649873645,0.04035330758141701,0.002882379112958358,14.411895564791791,124.52299479452046,21.131287379428514,103.39170741509194,103.39170741508092,31.46997976856648,777.6932647433181,162.21175055449817,210.42857096438078,6.027102551235327,88.14617417152608,133.3789233238998,2.2616374576186864,3.7473600857111764,1.869932932939003,1.0,1.0,58.13933349214579,44.450873860648564,NOMINAL,0.6138750357709872,8.35
2906.5790464573984,304.37624598095294,0.7,10000.0,0.9046425649873645,0.040353307581417364,0.002882379112958383,14.411895564791918,124.52299479452051,21.13128737942859,103.39170741509193,103.39170741508266,31.469979768566738,777.6932647433184,162.5121659061682,210.42857096438308,5.98955063227686,88.25911480978591,133.37892332390095,2.2559904257057517,3.746280016532402,1.7464130462341383,1.0,1.0,58.1393334921463,44.52829959075798,NOMINAL,0.6138750357709875,8.4
2906.5790464574184,304.37624598095505,0.7,10000.0,0.9046425649873645,0.04035330758141765,0.0028823791129584035,14.411895564792017,124.52299479452053,21.13128737942865,103.39170741509187,103.39170741508408,31.469979768566937,777.6932647433188,162.81070951717282,210.42857096438496,5.952232680901517,88.37177344909566,133.37892332390186,2.25035749374031,3.7452026441541664,1.7337803105729241,1.0,1.0,58.139333492146704,44.60526254545179,NOMINAL,0.6138750357709876,8.450000000000001
2906.5790464574357,304.37624598095687,0.7,10000.0,0.9046425649873645,0.0403533075814179,0.0028823791129584213,14.411895564792106,124.52299479452057,21.131287379428706,103.39170741509187,103.39170741508532,31.469979768567125,777.693264743319,163.1073930494098,210.42857096438658,5.9151472393720965,88.48415079357218,133.37892332390265,2.2447386265165234,3.7441279618428887,1.8431911501225577,1.0,1.0,58.13933349214707,44.68176555905205,NOMINAL,0.6138750357709877,8.5
2906.5790464574507,304.3762459809584,0.7,10000.0,0.9046425649873645,0.040353307581418106,0.002882379112958436,14.41189556479218,124.52299479452061,21.131287379428752,103.39170741509186,103.39170741508636,31.469979768567278,777.6932647433192,163.40222809211733,210.42857096438797,5.878292859033831,88.59624754557426,133.37892332390334,2.2391337889164538,3.7430559628818023,1.9780209091446572,1.0,1.0,58.139333492147344,44.75781144834384,NOMINAL,0.6138750357709878,8.55
2906.5790464574625,304.37624598095965,0.7,10000.0,0.9046425649873645,0.04035330758141828,0.0028823791129584486,14.411895564792243,124.52299479452063,21.13128737942879,103.39170741509184,103.39170741508721,31.469979768567406,777.6932647433194,163.69522616232672,210.4285709643891,5.841668100257799,88.70806440570693,133.3789233239039,2.2335429459098486,3.7419866405709095,2.0191965679762265,1.0,1.0,58.13933349214762,44.83340301268441,NOMINAL,0.6138750357709879,8.6
2906.579046457473,304.37624598096073,0.7,10000.0,0.9046425649873645,0.040353307581418425,0.002882379112958459,14.411895564792296,124.52299479452067,21.13128737942882,103.39170741509184,103.39170741508794,31.46997976856752,777.6932647433196,163.98639870531238,210.42857096439008,5.805271532384712,88.81960207282596,133.3789233239044,2.2279660625539215,3.7409199882269437,1.9303544182681822,1.0,1.0,58.139333492147806,44.90854303411119,NOMINAL,0.6138750357709879,8.65
2906.5790464574816,304.37624598096164,0.7,10000.0,0.9046425649873645,0.04035330758141855,0.0028823791129584677,14.411895564792339,124.52299479452066,21.131287379428848,103.39170741509182,103.39170741508856,31.4699797685676,777.6932647433196,164.27575709503878,210.4285709643909,5.7691017336690145,88.93086124404212,133.37892332390476,2.222403103993132,3.739855999183324,1.7899541644347738,1.0,1.0,58.13933349214799,44.983234277449675,NOMINAL,0.613875035770988,8.700000000000001
2906.5790464574884,304.3762459809624,0.7,10000.0,0.9046425649873645,0.040353307581418654,0.0028823791129584755,14.411895564792378,124.52299479452074,21.13128737942887,103.39170741509187,103.39170741508906,31.469979768567697,777.6932647433199,164.56331263460484,210.42857096439164,5.73315729122335,89.0418426147256,133.37892332390516,2.216854035458978,3.7387946667901146,1.7219883308780617,1.0,1.0,58.13933349214814,45.05747949042013,NOMINAL,0.6138750357709881,8.75
2906.5790464574943,304.376245980963,0.7,10000.0,0.9046425649873645,0.040353307581418744,0.0028823791129584816,14.411895564792408,124.52299479452071,21.13128737942889,103.39170741509182,103.3917074150895,31.469979768567743,777.6932647433199,164.84907655668536,210.42857096439215,5.697436800963349,89.15254687851031,133.37892332390538,2.211318822269754,3.7377359844139857,1.7864799948064787,1.0,1.0,58.13933349214826,45.131281403744055,NOMINAL,0.6138750357709881,8.8
2906.5790464574993,304.3762459809635,0.7,10000.0,0.9046425649873645,0.04035330758141881,0.0028823791129584863,14.411895564792433,124.52299479452073,21.131287379428905,103.39170741509182,103.39170741508984,31.469979768567796,777.69326474332,165.13306002396988,210.4285709643926,5.661938867552841,89.26297472729827,133.3789233239056,2.205797429830367,3.7366799454381696,1.926474243425809,1.0,1.0,58.13933349214835,45.20464273124959,NOMINAL,0.6138750357709881,8.85
2906.579046457504,304.376245980964,0.7,10000.0,0.9046425649873645,0.04035330758141886,0.0028823791129584902,14.411895564792452,124.52299479452073,21.13128737942892,103.39170741509182,103.39170741509015,31.469979768567843,777.6932647433204,165.4152741295987,210.42857096439303,5.62666210434929,89.3731268512639,133.3789233239058,2.200289823632095,3.73562654326242,2.018337110169989,1.0,1.0,58.139333492148424,45.27756616997665,NOMINAL,0.6138750357709881,8.9
2906.5790464575075,304.37624598096437,0.7,10000.0,0.9046425649873645,0.04035330758141893,0.002882379112958495,14.411895564792477,124.52299479452076,21.131287379428933,103.39170741509182,103.39170741509042,31.469979768567885,777.6932647433201,165.69572989759624,210.4285709643934,5.5916051333496455,89.48300393885833,133.378923323906,2.1947959692523837,3.7345757713029677,1.980941186536717,1.0,1.0,58.13933349214853,45.350054400281195,NOMINAL,0.6138750357709882,8.950000000000001
2906.5790464575107,304.3762459809647,0.7,10000.0,0.9046425649873645,0.04035330758141897,0.002882379112958498,14.411895564792491,124.52299479452074,21.13128737942894,103.3917074150918,103.39170741509065,31.469979768567914,777.69326474332,165.97443828330157,210.42857096439366,5.556766585136511,89.59260667681372,133.37892332390612,2.1893158323546205,3.733527622992487,1.8473121604932177,1.0,1.0,58.1393334921486,45.422110085938755,NOMINAL,0.6138750357709882,9.0
2906.5790464575134,304.376245980965,0.7,10000.0,0.9046425649873645,0.04035330758141901,0.0028823791129585006,14.411895564792504,124.52299479452074,21.131287379428947,103.39170741509179,103.39170741509085,31.469979768567942,777.6932647433204,166.25141017379644,210.4285709643939,5.522145098824684,89.70193575014753,133.37892332390624,2.1838493786879356,3.7324820917800463,1.7354626411370735,1.0,1.0,58.13933349214864,45.4937358742475,NOMINAL,0.6138750357709882,9.05
2906.5790464575157,304.3762459809652,0.7,10000.0,0.9046425649873645,0.04035330758141904,0.0028823791129585032,14.411895564792516,124.52299479452077,21.131287379428954,103.39170741509182,103.39170741509099,31.469979768567974,777.6932647433205,166.52665638833057,210.42857096439417,5.4877393220079504,89.81099184216683,133.37892332390635,2.178396574086976,3.7314391711310715,1.7441709702427985,1.0,1.0,58.139333492148694,45.564934396130724,NOMINAL,0.6138750357709882,9.1
2906.5790464575175,304.3762459809654,0.7,10000.0,0.9046425649873645,0.04035330758141908,0.0028823791129585054,14.411895564792529,124.5229947945208,21.13128737942896,103.39170741509184,103.3917074150911,31.469979768568,777.6932647433201,166.80018767874418,210.42857096439434,5.45354791070627,89.91977563447254,133.37892332390646,2.172957384471696,3.730398854527307,1.8657465085156126,1.0,1.0,58.139333492148744,45.63570826623841,NOMINAL,0.6138750357709883,9.15
2906.579046457519,304.37624598096556,0.7,10000.0,0.9046425649873645,0.04035330758141909,0.0028823791129585067,14.411895564792534,124.5229947945208,21.13128737942897,103.39170741509183,103.39170741509123,31.469979768568013,777.6932647433202,167.07201472988808,210.42857096439454,5.419569529313307,90.02828780696373,133.37892332390655,2.1675317758471406,3.729361135466769,1.9928215163344898,1.0,1.0,58.139333492148765,45.70606008304836,NOMINAL,0.6138750357709883,9.200000000000001
2906.5790464575207,304.37624598096573,0.7,10000.0,0.9046425649873645,0.04035330758141912,0.0028823791129585084,14.411895564792543,124.5229947945208,21.131287379428972,103.39170741509183,103.39170741509135,31.46997976856803,777.6932647433205,167.34214816004103,210.42857096439468,5.385802850544206,90.13652903784183,133.37892332390663,2.1621197143032402,3.7283260074637115,2.0131714743127564,1.0,1.0,58.1393334921488,45.775992428966774,NOMINAL,0.6138750357709883,9.25
2906.5790464575216,304.37624598096585,0.7,10000.0,0.9046425649873645,0.040353307581419126,0.002882379112958509,14.411895564792546,124.52299479452077,21.131287379428976,103.39170741509179,103.39170741509142,31.469979768568027,777.6932647433206,167.6105985213245,210.4285709643947,5.3522465553837755,90.24450000361486,133.37892332390666,2.15672116601459,3.72729346404858,1.9088246011152334,1.0,1.0,58.139333492148815,45.845507870427916,NOMINAL,0.6138750357709883,9.3
2906.579046457522,304.3762459809659,0.7,10000.0,0.9046425649873645,0.04035330758141913,0.0028823791129585093,14.411895564792548,124.52299479452077,21.131287379428976,103.39170741509179,103.39170741509146,31.469979768568034,777.6932647433205,167.8773763001149,210.42857096439477,5.3188993330349845,90.35220137910173,133.3789233239067,2.151336097240248,3.726263498767975,1.7719333812870897,1.0,1.0,58.139333492148815,45.914608957993444,NOMINAL,0.6138750357709883,9.35
2906.5790464575225,304.37624598096596,0.7,10000.0,0.9046425649873645,0.040353307581419154,0.002882379112958511,14.411895564792555,124.52299479452083,21.13128737942898,103.39170741509184,103.39170741509149,31.469979768568056,777.6932647433206,168.14249191745307,210.4285709643949,5.2857598808677295,90.45963383743639,133.37892332390675,2.145964474323518,3.72523610518461,1.7233913848326163,1.0,1.0,58.13933349214884,45.98329822645101,NOMINAL,0.6138750357709883,9.4
2906.5790464575234,304.376245980966,0.7,10000.0,0.9046425649873645,0.040353307581419154,0.002882379112958511,14.411895564792555,124.5229947945208,21.131287379428983,103.39170741509182,103.39170741509155,31.469979768568052,777.6932647433206,168.40595572945156,210.42857096439494,5.252826904367922,90.56679805007204,133.37892332390675,2.1406062636917356,3.7242112768772735,1.8060677983502331,1.0,1.0,58.13933349214885,46.05157819491219,NOMINAL,0.6138750357709883,9.450000000000001
2906.579046457524,304.3762459809661,0.7,10000.0,0.9046425649873645,0.04035330758141916,0.0028823791129585115,14.411895564792559,124.5229947945208,21.131287379428983,103.39170741509182,103.39170741509157,31.46997976856806,777.6932647433204,168.66777802769903,210.42857096439496,5.220099117086992,90.67369468678537,133.37892332390678,2.1352614318560703,3.7231890074407836,1.9469481012752126,1.0,1.0,58.139333492148864,46.1194513669099,NOMINAL,0.6138750357709883,9.5
2906.5790464575243,304.37624598096613,0.7,10000.0,0.9046425649873645,0.04035330758141917,0.002882379112958512,14.41189556479256,124.52299479452078,21.131287379428983,103.3917074150918,103.3917074150916,31.46997976856806,777.6932647433204,168.92796903966226,210.42857096439496,5.187575240591588,90.78032441568071,133.37892332390678,2.129929945411303,3.7221692904859527,2.0216158205476717,1.0,1.0,58.13933349214887,46.18692023049517,NOMINAL,0.6138750357709883,9.55
2906.579046457525,304.3762459809662,0.7,10000.0,0.9046425649873645,0.04035330758141918,0.002882379112958513,14.411895564792566,124.5229947945208,21.131287379428983,103.39170741509182,103.39170741509166,31.46997976856807,777.6932647433205,169.18653892908577,210.42857096439505,5.15525400441366,90.8866879031942,133.37892332390683,2.1246117710356316,3.721152119639548,1.9641292021366357,1.0,1.0,58.139333492148886,46.25398725833328,NOMINAL,0.6138750357709883,9.600000000000001
2906.5790464575252,304.37624598096625,0.7,10000.0,0.9046425649873645,0.04035330758141919,0.0028823791129585137,14.411895564792568,124.5229947945208,21.131287379428986,103.39170741509182,103.39170741509169,31.469979768568077,777.6932647433205,169.44349779638875,210.4285709643951,5.123134146000794,90.992785814098,133.37892332390683,2.119306875490442,3.720137488544247,1.825256750668446,1.0,1.0,58.139333492148914,46.32065490779943,NOMINAL,0.6138750357709883,9.65
2906.579046457526,304.3762459809663,0.7,10000.0,0.9046425649873645,0.04035330758141919,0.0028823791129585137,14.411895564792568,124.52299479452078,21.13128737942899,103.39170741509179,103.39170741509172,31.469979768568074,777.6932647433205,169.69885567905962,210.42857096439516,5.091214410666943,91.09861881150438,133.37892332390683,2.114015225620123,3.7191253908586037,1.7276417332156302,1.0,1.0,58.139333492148914,46.38692562107353,NOMINAL,0.6138750357709883,9.700000000000001
2906.579046457526,304.3762459809663,0.7,10000.0,0.9046425649873645,0.04035330758141919,0.0028823791129585137,14.411895564792568,124.52299479452078,21.13128737942899,103.39170741509179,103.39170741509172,31.469979768568074,777.6932647433205,169.95262255204813,210.42857096439516,5.05949355154338,91.20418755686993,133.37892332390683,2.1087367883518455,3.7181158202570024,1.7574914898887322,1.0,1.0,58.139333492148914,46.452801825234786,NOMINAL,0.6138750357709883,9.75
2906.579046457526,304.3762459809663,0.7,10000.0,0.9046425649873645,0.04035330758141919,0.0028823791129585137,14.411895564792568,124.52299479452078,21.13128737942899,103.39170741509179,103.39170741509172,31.469979768568074,777.6932647433205,170.20480832815502,210.42857096439516,5.027970329530017,91.30949270999965,133.37892332390683,2.1034715306953595,3.717108770429624,1.8884446247379583,1.0,1.0,58.139333492148914,46.51828593235538,NOMINAL,0.6138750357709883,9.8
2906.579046457526,304.3762459809663,0.7,10000.0,0.9046425649873645,0.04035330758141919,0.0028823791129585137,14.411895564792568,124.52299479452078,21.13128737942899,103.39170741509179,103.39170741509172,31.469979768568074,777.6932647433205,170.45542285841927,210.42857096439516,4.996643513246987,91.41453492905109,133.37892332390683,2.0982194197427875,3.7161042350824047,2.00485170462157,1.0,1.0,58.139333492148914,46.58338033959372,NOMINAL,0.6138750357709883,9.850000000000001
2906.579046457526,304.3762459809663,0.7,10000.0,0.9046425649873645,0.04035330758141919,0.0028823791129585137,14.411895564792568,124.52299479452078,21.13128737942899,103.39170741509179,103.39170741509172,31.469979768568074,777.6932647433205,170.70447593250282,210.42857096439516,4.965511878986543,91.51931487053845,133.37892332390683,2.092980422668419,3.7151022079369946,2.0039094418007894,1.0,1.0,58.139333492148914,46.648087429287045,NOMINAL,0.6138750357709883,9.9
2906.579046457526,304.3762459809663,0.7,10000.0,0.9046425649873645,0.04035330758141919,0.0028823791129585137,14.411895564792568,124.52299479452078,21.13128737942899,103.39170741509179,103.39170741509172,31.469979768568074,777.6932647433205,170.95197727907302,210.42857096439516,4.934574210665268,91.62383318933672,133.37892332390683,2.0877545067285057,3.7141026827307213,1.8864499825331444,1.0,1.0,58.139333492148914,46.71240956904354,NOMINAL,0.6138750357709883,9.950000000000001
2906.579046457526,304.3762459809663,0.7,10000.0,0.9046425649873645,0.04035330758141919,0.0028823791129585137,14.411895564792568,124.52299479452078,21.13128737942899,103.39170741509179,103.39170741509172,31.469979768568074,777.6932647433205,171.19793656618273,210.42857096439516,4.903829299776554,91.72809053868573,133.37892332390683,2.0825416392610547,3.713105653216548,1.7562060087210518,1.0,1.0,58.139333492148914,46.776349111833746,NOMINAL,0.6138750357709883,10.0
2906.579046457526,304.3762459809663,0.7,10000.0,0.9046425649873645,0.04035330758141919,0.0028823791129585137,14.411895564792568,124.52299479452078,21.13128737942899,103.39170741509179,103.39170741509172,31.469979768568074,777.6932647433205,171.44236340164787,210.42857096439516,4.873275945343412,91.83208757019425,133.37892332390683,2.0773417876856293,3.7121111131630387,1.7282006678350188,1.0,1.0,58.139333492148914,46.839908396081555,NOMINAL,0.6138750357709883,10.05
2906.579046457526,304.3762459809663,0.7,10000.0,0.9046425649873645,0.04035330758141919,0.0028823791129585137,14.411895564792568,124.52299479452078,21.13128737942899,103.39170741509179,103.39170741509172,31.469979768568074,777.6932647433205,171.68526733342276,210.42857096439516,4.842912953871551,91.93582493384406,133.37892332390683,2.072154919503139,3.711119056354313,1.827166485767771,1.0,1.0,58.139333492148914,46.90308974575451,NOMINAL,0.6138750357709883,10.100000000000001
2906.579046457526,304.3762459809663,0.7,10000.0,0.9046425649873645,0.04035330758141919,0.0028823791129585137,14.411895564792568,124.52299479452078,21.13128737942899,103.39170741509179,103.39170741509172,31.469979768568074,777.6932647433205,171.9266578499731,210.42857096439516,4.8127391393027565,92.03930327799404,133.37892332390683,2.06698100229564,3.7101294765900135,1.9657031818199067,1.0,1.0,58.139333492148914,46.96589547045358,NOMINAL,0.6138750357709883,10.15
2906.579046457526,304.3762459809663,0.7,10000.0,0.9046425649873645,0.04035330758141919,0.0028823791129585137,14.411895564792568,124.52299479452078,21.13128737942899,103.39170741509179,103.39170741509172,31.469979768568074,777.6932647433205,172.1665443806467,210.42857096439516,4.782753322968556,92.14252324938415,133.37892332390683,2.061820003726134,3.709142367685264,2.021464006627759,1.0,1.0,58.139333492148914,47.02832786550244,NOMINAL,0.6138750357709883,10.200000000000001
2906.579046457526,304.3762459809663,0.7,10000.0,0.9046425649873645,0.04035330758141919,0.0028823791129585137,14.411895564792568,124.52299479452078,21.13128737942899,103.39170741509179,103.39170741509172,31.469979768568074,777.6932647433205,172.40493629604163,210.42857096439516,4.752954333544192,92.24548549313957,133.37892332390683,2.0566718915383633,3.7081577234706296,1.9452045660960573,1.0,1.0,58.139333492148914,47.0903892120361,NOMINAL,0.6138750357709883,10.25
2906.579046457526,304.3762459809663,0.7,10000.0,0.9046425649873645,0.04035330758141919,0.0028823791129585137,14.411895564792568,124.52299479452078,21.13128737942899,103.39170741509179,103.39170741509172,31.469979768568074,777.6932647433205,172.6418429083724,210.42857096439516,4.723341007002844,92.34819065277465,133.37892332390683,2.0515366335566094,3.707175537792081,1.804272320668188,1.0,1.0,58.139333492148914,47.152081777089066,NOMINAL,0.6138750357709883,10.3
2906.579046457526,304.3762459809663,0.7,10000.0,0.9046425649873645,0.04035330758141919,0.0028823791129585137,14.411895564792568,124.52299479452078,21.13128737942899,103.39170741509179,103.39170741509172,31.469979768568074,777.6932647433205,172.8772734718337,210.42857096439516,4.693912186570184,92.45063937019697,133.37892332390683,2.0464141976854933,3.7061958045109553,1.7231296157006253,1.0,1.0,58.139333492148914,47.21340781368286,NOMINAL,0.6138750357709883,10.350000000000001
2906.579046457526,304.3762459809663,0.7,10000.0,0.9046425649873645,0.04035330758141919,0.0028823791129585137,14.411895564792568,124.52299479452078,21.13128737942899,103.39170741509179,103.39170741509172,31.469979768568074,777.6932647433205,173.11123718296182,210.42857096439516,4.6646667226791685,92.55283228571135,133.37892332390683,2.041304551909774,3.705218517503915,1.7734364984605124,1.0,1.0,58.139333492148914,47.27436956091311,NOMINAL,0.6138750357709883,10.4
2906.579046457526,304.3762459809663,0.7,10000.0,0.9046425649873645,0.04035330758141919,0.0028823791129585137,14.411895564792568,124.52299479452078,21.13128737942899,103.39170741509179,103.39170741509172,31.469979768568074,777.6932647433205,173.34374318099398,210.42857096439516,4.635603472925148,92.65477003802384,133.37892332390683,2.0362076642941496,3.7042436706629145,1.9107651476435579,1.0,1.0,58.139333492148914,47.33496924403599,NOMINAL,0.6138750357709883,10.450000000000001
2906.579046457526,304.3762459809663,0.7,10000.0,0.9046425649873645,0.04035330758141919,0.0028823791129585137,14.411895564792568,124.52299479452078,21.13128737942899,103.39170741509179,103.39170741509172,31.469979768568074,777.6932647433205,173.5748005482253,210.42857096439516,4.606721302021231,92.75645326424574,133.37892332390683,2.0311235029830548,3.7032712578951568,2.0138356836166187,1.0,1.0,58.139333492148914,47.395209074554174,NOMINAL,0.6138750357709883,10.5
2906.579046457526,304.3762459809663,0.7,10000.0,0.9046425649873645,0.04035330758141919,0.0028823791129585137,14.411895564792568,124.52299479452078,21.13128737942899,103.39170741509179,103.39170741509172,31.469979768568074,777.6932647433205,173.8044183103636,210.42857096439516,4.578019081753947,92.85788259989752,133.37892332390683,2.0260520362004657,3.7023012731230596,1.991622801237949,1.0,1.0,58.139333492148914,47.455091250302296,NOMINAL,0.6138750357709883,10.55
2906.579046457526,304.3762459809663,0.7,10000.0,0.9046425649873645,0.04035330758141919,0.0028823791129585137,14.411895564792568,124.52299479452078,21.13128737942899,103.39170741509179,103.39170741509172,31.469979768568074,777.6932647433205,174.03260543688185,210.42857096439516,4.549495690939164,92.95905867891287,133.37892332390683,2.0209932322496984,3.7013337102842145,1.8637434975233589,1.0,1.0,58.139333492148914,47.514617955531776,NOMINAL,0.6138750357709883,10.600000000000001
2906.579046457526,304.3762459809663,0.7,10000.0,0.9046425649873645,0.04035330758141919,0.0028823791129585137,14.411895564792568,124.52299479452078,21.13128737942899,103.39170741509179,103.39170741509172,31.469979768568074,777.6932647433205,174.25937084136874,210.42857096439516,4.5211500153783035,93.05998213364262,133.37892332390683,2.0159470595132105,3.700368563331351,1.743132594553788,1.0,1.0,58.139333492148914,47.5737913609952,NOMINAL,0.6138750357709883,10.65
2906.579046457526,304.3762459809663,0.7,10000.0,0.9046425649873645,0.04035330758141919,0.0028823791129585137,14.411895564792568,124.52299479452078,21.13128737942899,103.39170741509179,103.39170741509172,31.469979768568074,777.6932647433205,174.4847233818767,210.42857096439516,4.492980947814807,93.16065359485869,133.37892332390683,2.010913486452407,3.6994058262322964,1.736305927747734,1.0,1.0,58.139333492148914,47.63261362403015,NOMINAL,0.6138750357709883,10.700000000000001
2906.579046457526,304.3762459809663,0.7,10000.0,0.9046425649873645,0.04035330758141919,0.0028823791129585137,14.411895564792568,124.52299479452078,21.13128737942899,103.39170741509179,103.39170741509172,31.469979768568074,777.6932647433205,174.70867186126802,210.42857096439516,4.4649873878908934,93.26107369175803,133.37892332390683,2.0058924816074404,3.698445492969942,1.8492923726055346,1.0,1.0,58.139333492148914,47.69108688864251,NOMINAL,0.6138750357709883,10.75
2906.579046457526,304.3762459809663,0.7,10000.0,0.9046425649873645,0.04035330758141919,0.0028823791129585137,14.411895564792568,124.52299479452078,21.13128737942899,103.39170741509179,103.39170741509172,31.469979768568074,777.6932647433205,174.9312250275586,210.42857096439516,4.437168242104569,93.36124305196657,133.37892332390683,2.0008840135970134,3.6974875575422024,1.9823095274643368,1.0,1.0,58.139333492148914,47.749213285589235,NOMINAL,0.6138750357709883,10.8
2906.579046457526,304.3762459809663,0.7,10000.0,0.9046425649873645,0.04035330758141919,0.0028823791129585137,14.411895564792568,124.52299479452078,21.13128737942899,103.39170741509179,103.39170741509172,31.469979768568074,777.6932647433205,175.15239157425987,210.42857096439516,4.409522423766912,93.46116230154314,133.37892332390683,1.9958880511181847,3.696532013961976,2.0178851487217764,1.0,1.0,58.139333492148914,47.80699493246068,NOMINAL,0.6138750357709883,10.850000000000001
2906.579046457526,304.3762459809663,0.7,10000.0,0.9046425649873645,0.04035330758141919,0.0028823791129585137,14.411895564792568,124.52299479452078,21.13128737942899,103.39170741509179,103.39170741509172,31.469979768568074,777.6932647433205,175.37218014071811,210.42857096439516,4.382048852959631,93.56083206498339,133.37892332390683,1.9909045629461724,3.6955788562571135,1.9246011230440987,1.0,1.0,58.139333492148914,47.8644339337623,NOMINAL,0.6138750357709883,10.9
2906.579046457526,304.3762459809663,0.7,10000.0,0.9046425649873645,0.04035330758141919,0.0028823791129585137,14.411895564792568,124.52299479452078,21.13128737942899,103.39170741509179,103.39170741509172,31.469979768568074,777.6932647433205,175.59059931245218,210.42857096439516,4.354746456492872,93.66025296522365,133.37892332390683,1.9859335179341593,3.6946280784703758,1.784839935609822,1.0,1.0,58.139333492148914,47.921532380995934,NOMINAL,0.6138750357709883,10.950000000000001
2906.579046457526,304.3762459809663,0.7,10000.0,0.9046425649873645,0.04035330758141919,0.0028823791129585137,14.411895564792568,124.52299479452078,21.13128737942899,103.39170741509179,103.39170741509172,31.469979768568074,777.6932647433205,175.80765762148874,210.42857096439516,4.327614167863302,93.75942562364487,133.37892332390683,1.980974885013098,3.6936796746593985,1.7220297282545067,1.0,1.0,58.139333492148914,47.97829235274057,NOMINAL,0.6138750357709883,11.0
2906.579046457526,304.3762459809663,0.7,10000.0,0.9046425649873645,0.04035330758141919,0.0028823791129585137,14.411895564792568,124.52299479452078,21.13128737942899,103.39170741509179,103.39170741509172,31.469979768568074,777.6932647433205,176.0233635466956,210.42857096439516,4.300650927212445,93.85835066007651,133.37892332390683,1.976028633191516,3.692733638896656,1.791640458871996,1.0,1.0,58.139333492148914,48.03471591473254,NOMINAL,0.6138750357709883,11.05
2906.579046457526,304.3762459809663,0.7,10000.0,0.9046425649873645,0.04035330758141919,0.0028823791129585137,14.411895564792568,124.52299479452078,21.13128737942899,103.39170741509179,103.39170741509172,31.469979768568074,777.6932647433205,176.2377255141129,210.42857096439516,4.2738556812852835,93.95702869280035,133.37892332390683,1.9710947315553242,3.69178996526942,1.932196382373974,1.0,1.0,58.139333492148914,48.09080511994533,NOMINAL,0.6138750357709883,11.100000000000001
2906.579046457526,304.3762459809663,0.7,10000.0,0.9046425649873645,0.04035330758141919,0.0028823791129585137,14.411895564792568,124.52299479452078,21.13128737942899,103.39170741509179,103.39170741509172,31.469979768568074,777.6932647433205,176.45075189728223,210.42857096439516,4.2472273833891165,94.05546033855441,133.37892332390683,1.966173149267621,3.690848647879728,2.0195674968602235,1.0,1.0,58.139333492148914,48.146562008668774,NOMINAL,0.6138750357709883,11.15
2906.579046457526,304.3762459809663,0.7,10000.0,0.9046425649873645,0.04035330758141919,0.0028823791129585137,14.411895564792568,124.52299479452078,21.13128737942899,103.39170741509179,103.39170741509172,31.469979768568074,777.6932647433205,176.66245101757377,210.42857096439516,4.220764993352674,94.15364621253681,133.37892332390683,1.961263855568501,3.6899096808443432,1.9765932221358007,1.0,1.0,58.139333492148914,48.20198860858785,NOMINAL,0.6138750357709883,11.200000000000001
2906.579046457526,304.3762459809663,0.7,10000.0,0.9046425649873645,0.04035330758141919,0.0028823791129585137,14.411895564792568,124.52299479452078,21.13128737942899,103.39170741509179,103.39170741509172,31.469979768568074,777.6932647433205,176.87283114451134,210.42857096439516,4.194467477485478,94.25158692840958,133.37892332390683,1.9563668197748627,3.6889730582947187,1.8412256890700092,1.0,1.0,58.139333492148914,48.25708693486091,NOMINAL,0.6138750357709883,11.25
2906.579046457526,304.3762459809663,0.7,10000.0,0.9046425649873645,0.04035330758141919,0.0028823791129585137,14.411895564792568,124.52299479452078,21.13128737942899,103.39170741509179,103.39170741509172,31.469979768568074,777.6932647433205,177.0819004960954,210.42857096439516,4.168333808537472,94.34928309830251,133.37892332390683,1.9514820112802163,3.68803877437696,1.733012844971614,1.0,1.0,58.139333492148914,48.311858990197514,NOMINAL,0.6138750357709883,11.3
2906.579046457526,304.3762459809663,0.7,10000.0,0.9046425649873645,0.04035330758141919,0.0028823791129585137,14.411895564792568,124.52299479452078,21.13128737942899,103.39170741509179,103.39170741509172,31.469979768568074,777.6932647433205,177.28966723912404,210.42857096439516,4.14236296565889,94.44673533281697,133.37892332390683,1.946609399554493,3.6871068232517907,1.747521352624321,1.0,1.0,58.139333492148914,48.366306764935665,NOMINAL,0.6138750357709883,11.350000000000001
2906.579046457526,304.3762459809663,0.7,10000.0,0.9046425649873645,0.04035330758141919,0.0028823791129585137,14.411895564792568,124.52299479452078,21.13128737942899,103.39170741509179,103.39170741509172,31.469979768568074,777.6932647433205,177.49613948951213,210.42857096439516,4.116553934360379,94.54394424102976,133.37892332390683,1.9417489541438535,3.686177199094512,1.8719382260108195,1.0,1.0,58.139333492148914,48.420432237118675,NOMINAL,0.6138750357709883,11.4
2906.579046457526,304.3762459809663,0.7,10000.0,0.9046425649873645,0.04035330758141919,0.0028823791129585137,14.411895564792568,124.52299479452078,21.13128737942899,103.39170741509179,103.39170741509172,31.469979768568074,777.6932647433205,177.7013253126082,210.42857096439516,4.090905706473372,94.64091043049687,133.37892332390683,1.936900644670498,3.6852498960949704,1.9963864400640439,1.0,1.0,58.139333492148914,48.47423737257148,NOMINAL,0.6138750357709883,11.450000000000001
2906.579046457526,304.3762459809663,0.7,10000.0,0.9046425649873645,0.04035330758141919,0.0028823791129585137,14.411895564792568,124.52299479452078,21.13128737942899,103.39170741509179,103.39170741509172,31.469979768568074,777.6932647433205,177.90523272350953,210.42857096439516,4.0654172801107045,94.7376345072573,133.37892332390683,1.9320644408324767,3.684324908457519,2.0109612916450508,1.0,1.0,58.139333492148914,48.52772412497649,NOMINAL,0.6138750357709883,11.5
2906.579046457526,304.3762459809663,0.7,10000.0,0.9046425649873645,0.04035330758141919,0.0028823791129585137,14.411895564792568,124.52299479452078,21.13128737942899,103.39170741509179,103.39170741509172,31.469979768568074,777.6932647433205,178.10786968737528,210.42857096439516,4.040087659627485,94.83411707583683,133.37892332390683,1.9272403124035002,3.683402230400983,1.9027912040221202,1.0,1.0,58.139333492148914,48.58089443594899,NOMINAL,0.6138750357709883,11.55
2906.579046457526,304.3762459809663,0.7,10000.0,0.9046425649873645,0.04035330758141919,0.0028823791129585137,14.411895564792568,124.52299479452078,21.13128737942899,103.39170741509179,103.39170741509172,31.469979768568074,777.6932647433205,178.30924411973766,210.42857096439516,4.014915855582188,94.93035873925184,133.37892332390683,1.9224282292327495,3.68248185615862,1.7674050801945294,1.0,1.0,58.139333492148914,48.63375023511209,NOMINAL,0.6138750357709883,11.600000000000001
2906.579046457526,304.3762459809663,0.7,10000.0,0.9046425649873645,0.04035330758141919,0.0028823791129585137,14.411895564792568,124.52299479452078,21.13128737942899,103.39170741509179,103.39170741509172,31.469979768568074,777.6932647433205,178.509363886811,210.42857096439516,3.98990088469802,95.02636009901305,133.37892332390683,1.9176281612446893,3.681563779978089,1.7243672856426977,1.0,1.0,58.139333492148914,48.68629344017113,NOMINAL,0.6138750357709883,11.65
2906.579046457526,304.3762459809663,0.7,10000.0,0.9046425649873645,0.04035330758141919,0.0028823791129585137,14.411895564792568,124.52299479452078,21.13128737942899,103.39170741509179,103.39170741509172,31.469979768568074,777.6932647433205,178.70823680579917,210.42857096439516,3.9650417698244986,95.12212175512924,133.37892332390683,1.9128400784388795,3.68064799612141,1.8116860478848982,1.0,1.0,58.139333492148914,48.738525956987715,NOMINAL,0.6138750357709883,11.700000000000001
2906.579046457526,304.3762459809663,0.7,10000.0,0.9046425649873645,0.04035330758141919,0.0028823791129585137,14.411895564792568,124.52299479452078,21.13128737942899,103.39170741509179,103.39170741509172,31.469979768568074,777.6932647433205,178.90587064520085,210.42857096439516,3.9403375398992893,95.21764430611111,133.37892332390683,1.908063950889786,3.679734498864932,1.9522470208800968,1.0,1.0,58.139333492148914,48.79044967965321,NOMINAL,0.6138750357709883,11.75
2906.579046457526,304.3762459809663,0.7,10000.0,0.9046425649873645,0.04035330758141919,0.0028823791129585137,14.411895564792568,124.52299479452078,21.13128737942899,103.39170741509179,103.39170741509172,31.469979768568074,777.6932647433205,179.10227312511302,210.42857096439516,3.9157872299102685,95.31292834897489,133.37892332390683,1.903299748746597,3.6788232824992937,2.021915743338089,1.0,1.0,58.139333492148914,48.84206649056185,NOMINAL,0.6138750357709883,11.8
2906.579046457526,304.3762459809663,0.7,10000.0,0.9046425649873645,0.04035330758141919,0.0028823791129585137,14.411895564792568,124.52299479452078,21.13128737942899,103.39170741509179,103.39170741509172,31.469979768568074,777.6932647433205,179.2974519175325,210.42857096439516,3.891389880857833,95.40797447924616,133.37892332390683,1.8985474422330335,3.6779143413293895,1.9591652554864631,1.0,1.0,58.139333492148914,48.89337826048332,NOMINAL,0.6138750357709883,11.850000000000001
2906.579046457526,304.3762459809663,0.7,10000.0,0.9046425649873645,0.04035330758141919,0.0028823791129585137,14.411895564792568,124.52299479452078,21.13128737942899,103.39170741509179,103.39170741509172,31.469979768568074,777.6932647433205,179.49141464665573,210.42857096439516,3.8671445397174296,95.50278329096355,133.37892332390683,1.8938070016471642,3.677007669674335,1.819412774772854,1.0,1.0,58.139333492148914,48.94438684863498,NOMINAL,0.6138750357709883,11.9
2906.579046457526,304.3762459809663,0.7,10000.0,0.9046425649873645,0.04035330758141919,0.0028823791129585137,14.411895564792568,124.52299479452078,21.13128737942899,103.39170741509179,103.39170741509172,31.469979768568074,777.6932647433205,179.68416888917645,210.42857096439516,3.8430502594023395,95.59735537668244,133.37892332390683,1.8890783973612195,3.6761032618674285,1.7260787538139966,1.0,1.0,58.139333492148914,48.9950941027535,NOMINAL,0.6138750357709883,11.950000000000001
2906.579046457526,304.3762459809663,0.7,10000.0,0.9046425649873645,0.04035330758141919,0.0028823791129585137,14.411895564792568,124.52299479452078,21.13128737942899,103.39170741509179,103.39170741509172,31.469979768568074,777.6932647433205,179.87572217458177,210.42857096439516,3.8191060987266745,95.69169132747868,133.37892332390683,1.8843615998214076,3.6752011122561186,1.7615898304232203,1.0,1.0,58.139333492148914,49.04550185916623,NOMINAL,0.6138750357709883,12.0
2906.579046457526,304.3762459809663,0.7,10000.0,0.9046425649873645,0.04035330758141919,0.0028823791129585137,14.411895564792568,124.52299479452078,21.13128737942899,103.39170741509179,103.39170741509172,31.469979768568074,777.6932647433205,180.0660819854463,210.42857096439516,3.7953111223686093,95.78579173295225,133.37892332390683,1.8796565795477291,3.674301215201967,1.8945848929718392,1.0,1.0,58.139333492148914,49.09561194286196,NOMINAL,0.6138750357709883,12.05
2906.579046457526,304.3762459809663,0.7,10000.0,0.9046425649873645,0.04035330758141919,0.0028823791129585137,14.411895564792568,124.52299479452078,21.13128737942899,103.39170741509179,103.39170741509172,31.469979768568074,777.6932647433205,180.25525575772429,210.42857096439516,3.77166440083386,95.87965718123101,133.37892332390683,1.874963307133791,3.673403565080615,2.007611208372705,1.0,1.0,58.139333492148914,49.145426167561304,NOMINAL,0.6138750357709883,12.100000000000001
2906.579046457526,304.3762459809663,0.7,10000.0,0.9046425649873645,0.04035330758141919,0.0028823791129585137,14.411895564792568,124.52299479452078,21.13128737942899,103.39170741509179,103.39170741509172,31.469979768568074,777.6932647433205,180.4432508810403,210.42857096439516,3.7481650104193562,95.9732882589743,133.37892332390683,1.8702817532466263,3.672508156281746,2.000851163849704,1.0,1.0,58.139333492148914,49.1949463357867,NOMINAL,0.6138750357709883,12.15
2906.579046457526,304.3762459809663,0.7,10000.0,0.9046425649873645,0.04035330758141919,0.0028823791129585137,14.411895564792568,124.52299479452078,21.13128737942899,103.39170741509179,103.39170741509172,31.469979768568074,777.6932647433205,180.63007469897778,210.42857096439516,3.724812033177173,96.0666855513767,133.37892332390683,1.865611888626507,3.671614983209052,1.8802747983635795,1.0,1.0,58.139333492148914,49.244174238931926,NOMINAL,0.6138750357709883,12.200000000000001
2906.579046457526,304.3762459809663,0.7,10000.0,0.9046425649873645,0.04035330758141919,0.0028823791129585137,14.411895564792568,124.52299479452078,21.13128737942899,103.39170741509179,103.39170741509172,31.469979768568074,777.6932647433205,180.81573450936583,210.42857096439516,3.7016045568786673,96.15984964217154,133.37892332390683,1.8609536840867649,3.6707240402801977,1.7523674460364709,1.0,1.0,58.139333492148914,49.293111657331096,NOMINAL,0.6138750357709883,12.25
2906.579046457526,304.3762459809663,0.7,10000.0,0.9046425649873645,0.04035330758141919,0.0028823791129585137,14.411895564792568,124.52299479452078,21.13128737942899,103.39170741509179,103.39170741509172,31.469979768568074,777.6932647433205,181.0002375645644,210.42857096439516,3.6785416749788453,96.25278111363471,133.37892332390683,1.856307110513606,3.6698353219267883,1.7300886996899938,1.0,1.0,58.139333492148914,49.34176036032742,NOMINAL,0.6138750357709883,12.3
2906.579046457526,304.3762459809663,0.7,10000.0,0.9046425649873645,0.04035330758141919,0.0028823791129585137,14.411895564792568,124.52299479452078,21.13128737942899,103.39170741509179,103.39170741509172,31.469979768568074,777.6932647433205,181.18359107174757,210.42857096439516,3.655622486580949,96.34548054658822,133.37892332390683,1.8516721388659305,3.6689488225943303,1.833113723183543,1.0,1.0,58.139333492148914,49.390122106341366,NOMINAL,0.6138750357709883,12.350000000000001
2906.579046457526,304.3762459809663,0.7,10000.0,0.9046425649873645,0.04035330758141919,0.0028823791129585137,14.411895564792568,124.52299479452078,21.13128737942899,103.39170741509179,103.39170741509172,31.469979768568074,777.6932647433205,181.36580219318503,210.42857096439516,3.6328460964012663,96.43794852040382,133.37892332390683,1.8470487401751505,3.6680645367422002,1.970457405086847,1.0,1.0,58.139333492148914,49.438198642938495,NOMINAL,0.6138750357709883,12.4
2906.579046457526,304.3762459809663,0.7,10000.0,0.9046425649873645,0.04035330758141919,0.0028823791129585137,14.411895564792568,124.52299479452078,21.13128737942899,103.39170741509179,103.39170741509172,31.469979768568074,777.6932647433205,181.54687804652187,210.42857096439516,3.610211614734162,96.53018561300665,133.37892332390683,1.842436885545009,3.667182458843609,2.0208265898291753,1.0,1.0,58.139333492148914,49.48599170689679,NOMINAL,0.6138750357709883,12.450000000000001
2906.579046457526,304.3762459809663,0.7,10000.0,0.9046425649873645,0.04035330758141919,0.0028823791129585137,14.411895564792568,124.52299479452078,21.13128737942899,103.39170741509179,103.39170741509172,31.469979768568074,777.6932647433205,181.72682570505663,210.42857096439516,3.587718157417317,96.62219240087883,133.37892332390683,1.8378365461514001,3.6663025833855656,1.9397384349802733,1.0,1.0,58.139333492148914,49.5335030242737,NOMINAL,0.6138750357709883,12.5
2906.579046457526,304.3762459809663,0.7,10000.0,0.9046425649873645,0.04035330758141919,0.0028823791129585137,14.411895564792568,124.52299479452078,21.13128737942899,103.39170741509179,103.39170741509172,31.469979768568074,777.6932647433205,181.9056521980176,210.42857096439516,3.5653648457971947,96.7139694590631,133.37892332390683,1.8332476932421868,3.6654249048688468,1.7988048126314948,1.0,1.0,58.139333492148914,49.580734310472586,NOMINAL,0.6138750357709883,12.55
2906.579046457526,304.3762459809663,0.7,10000.0,0.9046425649873645,0.04035330758141919,0.0028823791129585137,14.411895564792568,124.52299479452078,21.13128737942899,103.39170741509179,103.39170741509172,31.469979768568074,777.6932647433205,182.0833645108374,210.42857096439516,3.543150806694719,96.80551736116635,133.37892332390683,1.828670298137024,3.6645494178079585,1.7224892841477841,1.0,1.0,58.139333492148914,49.62768727030894,NOMINAL,0.6138750357709883,12.600000000000001
2906.579046457526,304.3762459809663,0.7,10000.0,0.9046425649873645,0.04035330758141919,0.0028823791129585137,14.411895564792568,124.52299479452078,21.13128737942899,103.39170741509179,103.39170741509172,31.469979768568074,777.6932647433205,182.25996958542586,210.42857096439516,3.5210751723711624,96.89683667936329,133.37892332390683,1.824104332227177,3.663676116731104,1.778188843264397,1.0,1.0,58.139333492148914,49.67436359807605,NOMINAL,0.6138750357709883,12.65
2906.579046457526,304.3762459809663,0.7,10000.0,0.9046425649873645,0.04035330758141919,0.0028823791129585137,14.411895564792568,124.52299479452078,21.13128737942899,103.39170741509179,103.39170741509172,31.469979768568074,777.6932647433205,182.43547432044116,210.42857096439516,3.4991370804942505,96.98792798439995,133.37892332390683,1.8195497669753444,3.6628049961801485,1.9167132018258948,1.0,1.0,58.139333492148914,49.720764977610315,NOMINAL,0.6138750357709883,12.700000000000001
2906.579046457526,304.3762459809663,0.7,10000.0,0.9046425649873645,0.04035330758141919,0.0028823791129585137,14.411895564792568,124.52299479452078,21.13128737942899,103.39170741509179,103.39170741509172,31.469979768568074,777.6932647433205,182.60988557155932,210.42857096439516,3.4773356741044807,97.07879184559727,133.37892332390683,1.8150065739154784,3.661936050710586,2.0157265061517844,1.0,1.0,58.139333492148914,49.76689308235617,NOMINAL,0.6138750357709883,12.75
2906.579046457526,304.3762459809663,0.7,10000.0,0.9046425649873645,0.04035330758141919,0.0028823791129585137,14.411895564792568,124.52299479452078,21.13128737942899,103.39170741509179,103.39170741509172,31.469979768568074,777.6932647433205,182.783210151742,210.42857096439516,3.455670101581646,97.16942883085468,133.37892332390683,1.8104747246526074,3.661069274891504,1.9877865385969362,1.0,1.0,58.139333492148914,49.812749575430566,NOMINAL,0.6138750357709883,12.8
2906.579046457526,304.3762459809663,0.7,10000.0,0.9046425649873645,0.04035330758141919,0.0028823791129585137,14.411895564792568,124.52299479452078,21.13128737942899,103.39170741509179,103.39170741509172,31.469979768568074,777.6932647433205,182.95545483150266,210.42857096439516,3.4341395166115625,97.25983950665365,133.37892332390683,1.8059541908626593,3.660204663305551,1.8575680915093613,1.0,1.0,58.139333492148914,49.858336109687066,NOMINAL,0.6138750357709883,12.850000000000001
2906.579046457526,304.3762459809663,0.7,10000.0,0.9046425649873645,0.04035330758141919,0.0028823791129585137,14.411895564792568,124.52299479452078,21.13128737942899,103.39170741509179,103.39170741509172,31.469979768568074,777.6932647433205,183.12662633917103,210.42857096439516,3.4127430781530173,97.35002443806118,133.37892332390683,1.8014449442922824,3.6593422105489024,1.7400717687890832,1.0,1.0,58.139333492148914,49.903654327779584,NOMINAL,0.6138750357709883,12.9
2906.579046457526,304.3762459809663,0.7,10000.0,0.9046425649873645,0.04035330758141919,0.0028823791129585137,14.411895564792568,124.52299479452078,21.13128737942899,103.39170741509179,103.39170741509172,31.469979768568074,777.6932647433205,183.29673136115588,210.42857096439516,3.3914799504049107,97.43998418873339,133.37892332390683,1.796946956758672,3.658481911231225,1.739062807782093,1.0,1.0,58.139333492148914,49.94870586222562,NOMINAL,0.6138750357709883,12.950000000000001
2906.579046457526,304.3762459809663,0.7,10000.0,0.9046425649873645,0.04035330758141919,0.0028823791129585137,14.411895564792568,124.52299479452078,21.13128737942899,103.39170741509179,103.39170741509172,31.469979768568074,777.6932647433205,183.46577654220624,210.42857096439516,3.370349302773615,97.52971932091901,133.37892332390683,1.792460200149391,3.657623759975645,1.8554322583183362,1.0,1.0,58.139333492148914,49.993492335469256,NOMINAL,0.6138750357709883,13.0
2906.579046457526,304.3762459809663,0.7,10000.0,0.9046425649873645,0.04035330758141919,0.0028823791129585137,14.411895564792568,124.52299479452078,21.13128737942899,103.39170741509179,103.39170741509172,31.469979768568074,777.6932647433205,183.63376848567103,210.42857096439516,3.349350309840517,97.61923039546292,133.37892332390683,1.7879846464221956,3.6567677514187147,1.9864100644914964,1.0,1.0,58.139333492148914,50.03801535994357,NOMINAL,0.6138750357709883,13.05
2906.579046457526,304.3762459809663,0.7,10000.0,0.9046425649873645,0.04035330758141919,0.0028823791129585137,14.411895564792568,124.52299479452078,21.13128737942899,103.39170741509179,103.39170741509172,31.469979768568074,777.6932647433205,183.80071375375687,210.42857096439516,3.328482151329787,97.70851797180963,133.37892332390683,1.7835202676048603,3.6559138802103783,2.0163250050248256,1.0,1.0,58.139333492148914,50.08227653813286,NOMINAL,0.6138750357709883,13.100000000000001
2906.579046457526,304.3762459809663,0.7,10000.0,0.9046425649873645,0.04035330758141919,0.0028823791129585137,14.411895564792568,124.52299479452078,21.13128737942899,103.39170741509179,103.39170741509172,31.469979768568074,777.6932647433205,183.96661886778455,210.42857096439516,3.307744012076327,97.79758260800676,133.37892332390683,1.7790670357950034,3.655062141013937,1.9187581177518398,1.0,1.0,58.139333492148914,50.126277462634334,NOMINAL,0.6138750357709883,13.15
2906.579046457526,304.3762459809663,0.7,10000.0,0.9046425649873645,0.04035330758141919,0.0028823791129585137,14.411895564792568,124.52299479452078,21.13128737942899,103.39170741509179,103.39170741509172,31.469979768568074,777.6932647433205,184.13149030844366,210.42857096439516,3.287135081993938,97.8864248607086,133.37892332390683,1.7746249231599116,3.6542125285060187,1.7798742372869218,1.0,1.0,58.139333492148914,50.17001971621949,NOMINAL,0.6138750357709883,13.200000000000001
2906.579046457526,304.3762459809663,0.7,10000.0,0.9046425649873645,0.04035330758141919,0.0028823791129585137,14.411895564792568,124.52299479452078,21.13128737942899,103.39170741509179,103.39170741509172,31.469979768568074,777.6932647433205,184.2953345160458,210.42857096439516,3.266654556043669,97.97504528517952,133.37892332390683,1.7701939019363657,3.6533650373765423,1.7223267240614728,1.0,1.0,58.139333492148914,50.21350487189508,NOMINAL,0.6138750357709883,13.25
2906.579046457526,304.3762459809663,0.7,10000.0,0.9046425649873645,0.04035330758141919,0.0028823791129585137,14.411895564792568,124.52299479452078,21.13128737942899,103.39170741509179,103.39170741509172,31.469979768568074,777.6932647433205,184.45815789077622,210.42857096439516,3.246301634202368,98.06344443529744,133.37892332390683,1.7657739444304696,3.652519662328685,1.7969378611075018,1.0,1.0,58.139333492148914,50.25673449296373,NOMINAL,0.6138750357709883,13.3
2906.579046457526,304.3762459809663,0.7,10000.0,0.9046425649873645,0.04035330758141919,0.0028823791129585137,14.411895564792568,124.52299479452078,21.13128737942899,103.39170741509179,103.39170741509172,31.469979768568074,777.6932647433205,184.61996679294364,210.42857096439516,3.22607552143144,98.15162286355735,133.37892332390683,1.7613650230174742,3.651676398078851,1.9378158641971635,1.0,1.0,58.139333492148914,50.299710133084105,NOMINAL,0.6138750357709883,13.350000000000001
2906.579046457526,304.3762459809663,0.7,10000.0,0.9046425649873645,0.04035330758141919,0.0028823791129585137,14.411895564792568,124.52299479452078,21.13128737942899,103.39170741509179,103.39170741509172,31.469979768568074,777.6932647433205,184.7807675432289,210.42857096439516,3.2059754276457824,98.2395811210747,133.37892332390683,1.7569671101416062,3.650835239356635,2.020546291338099,1.0,1.0,58.139333492148914,50.34243333633084,NOMINAL,0.6138750357709883,13.4
2906.579046457526,304.3762459809663,0.7,10000.0,0.9046425649873645,0.04035330758141919,0.0028823791129585137,14.411895564792568,124.52299479452078,21.13128737942899,103.39170741509179,103.39170741509172,31.469979768568074,777.6932647433205,184.94056642293177,210.42857096439516,3.1860005676829246,98.32731975758891,133.37892332390683,1.752580178315896,3.6499961809047927,1.972066920587567,1.0,1.0,58.139333492148914,50.38490563725395,NOMINAL,0.6138750357709883,13.450000000000001
2906.579046457526,304.3762459809663,0.7,10000.0,0.9046425649873645,0.04035330758141919,0.0028823791129585137,14.411895564792568,124.52299479452078,21.13128737942899,103.39170741509179,103.39170741509172,31.469979768568074,777.6932647433205,185.0993696742163,210.42857096439516,3.166150161272359,98.41483932146673,133.37892332390683,1.748204200122005,3.6491592174792062,1.8351916315280263,1.0,1.0,58.139333492148914,50.42712856093795,NOMINAL,0.6138750357709883,13.5
2906.579046457526,304.3762459809663,0.7,10000.0,0.9046425649873645,0.04035330758141919,0.0028823791129585137,14.411895564792568,124.52299479452078,21.13128737942899,103.39170741509179,103.39170741509172,31.469979768568074,777.6932647433205,185.25718350035467,210.42857096439516,3.1464234330050616,98.50214035970572,133.37892332390683,1.7438391482100557,3.6483243438488513,1.7307999251280048,1.0,1.0,58.139333492148914,50.469103623060604,NOMINAL,0.6138750357709883,13.55
2906.579046457526,304.3762459809663,0.7,10000.0,0.9046425649873645,0.04035330758141919,0.0028823791129585137,14.411895564792568,124.52299479452078,21.13128737942899,103.39170741509179,103.39170741509172,31.469979768568074,777.6932647433205,185.41401406596955,210.42857096439516,3.1268196123032013,98.58922341793765,133.37892332390683,1.7394849952984592,3.647491554795765,1.7510838797501542,1.0,1.0,58.139333492148914,50.51083232995127,NOMINAL,0.6138750357709883,13.600000000000001
2906.579046457526,304.3762459809663,0.7,10000.0,0.9046425649873645,0.04035330758141919,0.0028823791129585137,14.411895564792568,124.52299479452078,21.13128737942899,103.39170741509179,103.39170741509172,31.469979768568074,777.6932647433205,185.56986749727483,210.42857096439516,3.107337933390042,98.67608904043192,133.37892332390683,1.7351417141737457,3.6466608451150124,1.8781300040021227,1.0,1.0,58.139333492148914,50.55231617864895,NOMINAL,0.6138750357709883,13.65
2906.579046457526,304.3762459809663,0.7,10000.0,0.9046425649873645,0.04035330758141919,0.0028823791129585137,14.411895564792568,124.52299479452078,21.13128737942899,103.39170741509179,103.39170741509172,31.469979768568074,777.6932647433205,185.724749882315,210.42857096439516,3.087977635260021,98.76273777009895,133.37892332390683,1.730809277690394,3.6458322096146563,1.9997392866154617,1.0,1.0,58.139333492148914,50.593556656959876,NOMINAL,0.6138750357709883,13.700000000000001
2906.579046457526,304.3762459809663,0.7,10000.0,0.9046425649873645,0.04035330758141919,0.0028823791129585137,14.411895564792568,124.52299479452078,21.13128737942899,103.39170741509179,103.39170741509172,31.469979768568074,777.6932647433205,185.87866727120291,210.42857096439516,3.068737961649031,98.84917014849358,133.37892332390683,1.7264876587706623,3.645005643115722,2.008514187125094,1.0,1.0,58.139333492148914,50.63455524351487,NOMINAL,0.6138750357709883,13.75
2906.579046457526,304.3762459809663,0.7,10000.0,0.9046425649873645,0.04035330758141919,0.0028823791129585137,14.411895564792568,124.52299479452078,21.13128737942899,103.39170741509179,103.39170741509172,31.469979768568074,777.6932647433205,186.03162567635616,210.42857096439516,3.049618161004876,98.93538671581848,133.37892332390683,1.7221768304044176,3.644181140452165,1.8967052746297892,1.0,1.0,58.139333492148914,50.67531340782621,NOMINAL,0.6138750357709883,13.8
2906.579046457526,304.3762459809663,0.7,10000.0,0.9046425649873645,0.04035330758141919,0.0028823791129585137,14.411895564792568,124.52299479452078,21.13128737942899,103.39170741509179,103.39170741509172,31.469979768568074,777.6932647433205,186.18363107273188,210.42857096439516,3.03061748645791,99.02138801092745,133.37892332390683,1.717876765648969,3.6433586964708433,1.7630550295228693,1.0,1.0,58.139333492148914,50.71583261034427,NOMINAL,0.6138750357709883,13.850000000000001
2906.579046457526,304.3762459809663,0.7,10000.0,0.9046425649873645,0.04035330758141919,0.0028823791129585137,14.411895564792568,124.52299479452078,21.13128737942899,103.39170741509179,103.39170741509172,31.469979768568074,777.6932647433205,186.3346893980602,210.42857096439516,3.0117351957918714,99.10717457132887,133.37892332390683,1.7135874376288982,3.6425383060314767,1.7255948002222652,1.0,1.0,58.139333492148914,50.75611430251367,NOMINAL,0.6138750357709883,13.9
2906.579046457526,304.3762459809663,0.7,10000.0,0.9046425649873645,0.04035330758141919,0.0028823791129585137,14.411895564792568,124.52299479452078,21.13128737942899,103.39170741509179,103.39170741509172,31.469979768568074,777.6932647433205,186.48480655307614,210.42857096439516,2.992970551414878,99.19274693318903,133.37892332390683,1.7093088195358903,3.6417199640066236,1.8174070653491414,1.0,1.0,58.139333492148914,50.796159926829255,NOMINAL,0.6138750357709883,13.950000000000001
2906.579046457526,304.3762459809663,0.7,10000.0,0.9046425649873645,0.04035330758141919,0.0028823791129585137,14.411895564792568,124.52299479452078,21.13128737942899,103.39170741509179,103.39170741509172,31.469979768568074,777.6932647433205,186.6339884017502,210.42857096439516,2.9743228203306202,99.27810563133546,133.37892332390683,1.7050408846285685,3.640903665281644,1.957409104511763,1.0,1.0,58.139333492148914,50.835970916891505,NOMINAL,0.6138750357709883,14.0
2906.579046457526,304.3762459809663,0.7,10000.0,0.9046425649873645,0.04035330758141919,0.0028823791129585137,14.411895564792568,124.52299479452078,21.13128737942899,103.39170741509179,103.39170741509172,31.469979768568074,777.6932647433205,186.78224077151728,210.42857096439516,2.9557912741097354,99.36325119926032,133.37892332390683,1.7007836062323256,3.6400894047546677,2.021960071032594,1.0,1.0,58.139333492148914,50.87554869746181,NOMINAL,0.6138750357709883,14.05
2906.579046457526,304.3762459809663,0.7,10000.0,0.9046425649873645,0.04035330758141919,0.0028823791129585137,14.411895564792568,124.52299479452078,21.13128737942899,103.39170741509179,103.39170741509172,31.469979768568074,777.6932647433205,186.92956945350443,210.42857096439516,2.937375188861342,99.44818416912366,133.37892332390683,1.6965369577391585,3.6392771773365635,1.9540526798592628,1.0,1.0,58.139333492148914,50.91489468451728,NOMINAL,0.6138750357709883,14.100000000000001
2906.579046457526,304.3762459809663,0.7,10000.0,0.9046425649873645,0.04035330758141919,0.0028823791129585137,14.411895564792568,124.52299479452078,21.13128737942899,103.39170741509179,103.39170741509172,31.469979768568074,777.6932647433205,187.07598020275702,210.42857096439516,2.9190738452047675,99.53290507175684,133.37892332390683,1.6923009126074995,3.638466977950908,1.8136583956253165,1.0,1.0,58.139333492148914,50.95401028530523,NOMINAL,0.6138750357709883,14.15
2906.579046457526,304.3762459809663,0.7,10000.0,0.9046425649873645,0.04035330758141919,0.0028823791129585137,14.411895564792568,124.52299479452078,21.13128737942899,103.39170741509179,103.39170741509172,31.469979768568074,777.6932647433205,187.2214787384636,210.42857096439516,2.900886528241447,99.61741443666577,133.37892332390683,1.6880754443620531,3.637658801533952,1.724764470768441,1.0,1.0,58.139333492148914,50.992896898397376,NOMINAL,0.6138750357709883,14.200000000000001
2906.579046457526,304.3762459809663,0.7,10000.0,0.9046425649873645,0.04035330758141919,0.0028823791129585137,14.411895564792568,124.52299479452078,21.13128737942899,103.39170741509179,103.39170741509172,31.469979768568074,777.6932647433205,187.36607074417915,210.42857096439516,2.882812527527001,99.70171279203424,133.37892332390683,1.6838605265936295,3.6368526430345907,1.7658763342058477,1.0,1.0,58.139333492148914,51.0315559137436,NOMINAL,0.6138750357709883,14.25
2906.579046457526,304.3762459809663,0.7,10000.0,0.9046425649873645,0.04035330758141919,0.0028823791129585137,14.411895564792568,124.52299479452078,21.13128737942899,103.39170741509179,103.39170741509172,31.469979768568074,777.6932647433205,187.50976186804735,210.42857096439516,2.864851137043477,99.78580066472726,133.37892332390683,1.6796561329589785,3.636048497414331,1.9006866176000488,1.0,1.0,58.139333492148914,51.069988712725504,NOMINAL,0.6138750357709883,14.3
2906.579046457526,304.3762459809663,0.7,10000.0,0.9046425649873645,0.04035330758141919,0.0028823791129585137,14.411895564792568,124.52299479452078,21.13128737942899,103.39170741509179,103.39170741509172,31.469979768568074,777.6932647433205,187.65255772302095,210.42857096439516,2.847001655171777,99.86967858029432,133.37892332390683,1.6754622371806256,3.6352463596472586,2.0101395009114613,1.0,1.0,58.139333492148914,51.10819666820952,NOMINAL,0.6138750357709883,14.350000000000001
2906.579046457526,304.3762459809663,0.7,10000.0,0.9046425649873645,0.04035330758141919,0.0028823791129585137,14.411895564792568,124.52299479452078,21.13128737942899,103.39170741509179,103.39170741509172,31.469979768568074,777.6932647433205,187.7944638870812,210.42857096439516,2.8292633846642445,99.95334706297264,133.37892332390683,1.6712788130467096,3.6344462247200116,1.9975731980344569,1.0,1.0,58.139333492148914,51.14618114459976,NOMINAL,0.6138750357709883,14.4
2906.579046457526,304.3762459809663,0.7,10000.0,0.9046425649873645,0.04035330758141919,0.0028823791129585137,14.411895564792568,124.52299479452078,21.13128737942899,103.39170741509179,103.39170741509172,31.469979768568074,777.6932647433205,187.9354859034557,210.42857096439516,2.811635632617431,100.03680663569052,133.37892332390683,1.6671058344108154,3.633648087631743,1.8740854639490268,1.0,1.0,58.139333492148914,51.18394349789049,NOMINAL,0.6138750357709883,14.450000000000001
2906.579046457526,304.3762459809663,0.7,10000.0,0.9046425649873645,0.04035330758141919,0.0028823791129585137,14.411895564792568,124.52299479452078,21.13128737942899,103.39170741509179,103.39170741509172,31.469979768568074,777.6932647433205,188.0756292808349,210.42857096439516,2.7941177104450325,100.12005782007057,133.37892332390683,1.6629432751918132,3.6328519433940945,1.7487327673171171,1.0,1.0,58.139333492148914,51.22148507571832,NOMINAL,0.6138750357709883,14.5
2906.579046457526,304.3762459809663,0.7,10000.0,0.9046425649873645,0.04035330758141919,0.0028823791129585137,14.411895564792568,124.52299479452078,21.13128737942899,103.39170741509179,103.39170741509172,31.469979768568074,777.6932647433205,188.21489949358727,210.42857096439516,2.776708933850987,100.20310113643296,133.37892332390683,1.6587911093736936,3.632057787031161,1.7322185924425944,1.0,1.0,58.139333492148914,51.258807217414045,NOMINAL,0.6138750357709883,14.55
2906.579046457526,304.3762459809663,0.7,10000.0,0.9046425649873645,0.04035330758141919,0.0028823791129585137,14.411895564792568,124.52299479452078,21.13128737942899,103.39170741509179,103.39170741509172,31.469979768568074,777.6932647433205,188.3533019819732,210.42857096439516,2.759408622802745,100.28593710379869,133.37892332390683,1.6546493110054072,3.631265613579463,1.839127202353578,1.0,1.0,58.139333492148914,51.29591125405416,NOMINAL,0.6138750357709883,14.600000000000001
2906.579046457526,304.3762459809663,0.7,10000.0,0.9046425649873645,0.04035330758141919,0.0028823791129585137,14.411895564792568,124.52299479452078,21.13128737942899,103.39170741509179,103.39170741509172,31.469979768568074,777.6932647433205,188.49084215235752,210.42857096439516,2.742216101504706,100.36856623989281,133.37892332390683,1.6505178542007009,3.6304754180879137,1.9750437504838927,1.0,1.0,58.139333492148914,51.332798508512084,NOMINAL,0.6138750357709883,14.65
2906.579046457526,304.3762459809663,0.7,10000.0,0.9046425649873645,0.04035330758141919,0.0028823791129585137,14.411895564792568,124.52299479452078,21.13128737942899,103.39170741509179,103.39170741509172,31.469979768568074,777.6932647433205,188.6275253774206,210.42857096439516,2.725130698371821,100.45098906114771,133.37892332390683,1.6463967131379562,3.629687195617789,2.0199354345341356,1.0,1.0,58.139333492148914,51.369470295509004,NOMINAL,0.6138750357709883,14.700000000000001
2906.579046457526,304.3762459809663,0.7,10000.0,0.9046425649873645,0.04035330758141919,0.0028823791129585137,14.411895564792568,124.52299479452078,21.13128737942899,103.39170741509179,103.39170741509172,31.469979768568074,777.6932647433205,188.76335699636832,210.42857096439516,2.708151746003356,100.53320608270627,133.37892332390683,1.642285862060028,3.628900941242696,1.9341567903526027,1.0,1.0,58.139333492148914,51.40592792166449,NOMINAL,0.6138750357709883,14.75
2906.579046457526,304.3762459809663,0.7,10000.0,0.9046425649873645,0.04035330758141919,0.0028823791129585137,14.411895564792568,124.52299479452078,21.13128737942899,103.39170741509179,103.39170741509172,31.469979768568074,777.6932647433205,188.89834231514055,210.42857096439516,2.6912785811568263,100.61521781842515,133.37892332390683,1.638185275274084,3.628116650048542,1.7934620302133746,1.0,1.0,58.139333492148914,51.44217268554672,NOMINAL,0.6138750357709883,14.8
2906.579046457526,304.3762459809663,0.7,10000.0,0.9046425649873645,0.04035330758141919,0.0028823791129585137,14.411895564792568,124.52299479452078,21.13128737942899,103.39170741509179,103.39170741509172,31.469979768568074,777.6932647433205,189.03248660661848,210.42857096439516,2.674510544722086,100.69702478087797,133.37892332390683,1.6340949271514433,3.6273343171335046,1.7221037676546527,1.0,1.0,58.139333492148914,51.47820587772241,NOMINAL,0.6138750357709883,14.850000000000001
2906.579046457526,304.3762459809663,0.7,10000.0,0.9046425649873645,0.04035330758141919,0.0028823791129585137,14.411895564792568,124.52299479452078,21.13128737942899,103.39170741509179,103.39170741509172,31.469979768568074,777.6932647433205,189.16579511083054,210.42857096439516,2.6578469816955774,100.77862748135851,133.37892332390683,1.630014792127416,3.626553937608,1.7831010562059704,1.0,1.0,58.139333492148914,51.514028780806484,NOMINAL,0.6138750357709883,14.9
2906.579046457526,304.3762459809663,0.7,10000.0,0.9046425649873645,0.04035330758141919,0.0028823791129585137,14.411895564792568,124.52299479452078,21.13128737942899,103.39170741509179,103.39170741509172,31.469979768568074,777.6932647433205,189.29827303515714,210.42857096439516,2.641287241154753,100.86002642988392,133.37892332390683,1.6259448447011458,3.6257755065946546,1.9225849919097313,1.0,1.0,58.139333492148914,51.54964266951136,NOMINAL,0.6138750357709883,14.950000000000001
2906.579046457526,304.3762459809663,0.7,10000.0,0.9046425649873645,0.04035330758141919,0.0028823791129585137,14.411895564792568,124.52299479452078,21.13128737942899,103.39170741509179,103.39170741509172,31.469979768568074,777.6932647433205,189.42992555453404,210.42857096439516,2.6248306762326408,100.94122213519788,133.37892332390683,1.621885059435448,3.6249990192282717,2.0173722839261807,1.0,1.0,58.139333492148914,51.58504881069597,NOMINAL,0.6138750357709883,15.0
2906.579046457526,304.3762459809663,0.7,10000.0,0.9046425649873645,0.04035330758141919,0.0028823791129585137,14.411895564792568,124.52299479452078,21.13128737942899,103.39170741509179,103.39170741509172,31.469979768568074,777.6932647433205,189.56075781165453,210.42857096439516,2.6084766440925797,101.02221510477382,133.37892332390683,1.6178354109566506,3.624224470655802,1.9837528583929545,1.0,1.0,58.139333492148914,51.620248463414505,NOMINAL,0.6138750357709883,15.05
2906.579046457526,304.3762459809663,0.7,10000.0,0.9046425649873645,0.04035330758141919,0.0028823791129585137,14.411895564792568,124.52299479452078,21.13128737942899,103.39170741509179,103.39170741509172,31.469979768568074,777.6932647433205,189.69077491717027,210.42857096439516,2.5922245059031113,101.10300584481807,133.37892332390683,1.613795873954438,3.623451856036316,1.8514172416952588,1.0,1.0,58.139333492148914,51.655242878964756,NOMINAL,0.6138750357709883,15.100000000000001
2906.579046457526,304.3762459809663,0.7,10000.0,0.9046425649873645,0.04035330758141919,0.0028823791129585137,14.411895564792568,124.52299479452078,21.13128737942899,103.39170741509179,103.39170741509172,31.469979768568074,777.6932647433205,189.819981949891,210.42857096439516,2.57607362681302,101.183594860273,133.37892332390683,1.6097664231816915,3.6226811705409676,1.7372357865219659,1.0,1.0,58.139333492148914,51.69003330093629,NOMINAL,0.6138750357709883,15.15
2906.579046457526,304.3762459809663,0.7,10000.0,0.9046425649873645,0.04035330758141919,0.0028823791129585137,14.411895564792568,124.52299479452078,21.13128737942899,103.39170741509179,103.39170741509172,31.469979768568074,777.6932647433205,189.94838395698284,210.42857096439516,2.5600233759265407,101.26398265482024,133.37892332390683,1.6057470334543296,3.6219124093529715,1.7420462512153003,1.0,1.0,58.139333492148914,51.7246209652582,NOMINAL,0.6138750357709883,15.200000000000001
2906.579046457526,304.3762459809663,0.7,10000.0,0.9046425649873645,0.04035330758141919,0.0028823791129585137,14.411895564792568,124.52299479452078,21.13128737942899,103.39170741509179,103.39170741509172,31.469979768568074,777.6932647433205,190.07598595416553,210.42857096439516,2.544073126278704,101.34416973088375,133.37892332390683,1.6017376796511542,3.621145567667568,1.8616003410278874,1.0,1.0,58.139333492148914,51.75900710024664,NOMINAL,0.6138750357709883,15.25
2906.579046457526,304.3762459809663,0.7,10000.0,0.9046425649873645,0.04035330758141919,0.0028823791129585137,14.411895564792568,124.52299479452078,21.13128737942899,103.39170741509179,103.39170741509172,31.469979768568074,777.6932647433205,190.2027929259083,210.42857096439516,2.5282222548108564,101.42415658963303,133.37892332390683,1.5977383367136901,3.6203806406919927,1.9903155303293656,1.0,1.0,58.139333492148914,51.79319292665207,NOMINAL,0.6138750357709883,15.3
2906.579046457526,304.3762459809663,0.7,10000.0,0.9046425649873645,0.04035330758141919,0.0028823791129585137,14.411895564792568,124.52299479452078,21.13128737942899,103.39170741509179,103.39170741509172,31.469979768568074,777.6932647433205,190.32880982562463,210.42857096439516,2.5124701423463165,101.5039437309862,133.37892332390683,1.593748979646032,3.6196176236454503,2.014518796350342,1.0,1.0,58.139333492148914,51.827179657706104,NOMINAL,0.6138750357709883,15.350000000000001
2906.579046457526,304.3762459809663,0.7,10000.0,0.9046425649873645,0.04035330758141919,0.0028823791129585137,14.411895564792568,124.52299479452078,21.13128737942899,103.39170741509179,103.39170741509172,31.469979768568074,777.6932647433205,190.45404157586566,210.42857096439516,2.496816173566188,101.58353165361315,133.37892332390683,1.5897695835146841,3.6188565117590823,1.9128353625440329,1.0,1.0,58.139333492148914,51.860968499168195,NOMINAL,0.6138750357709883,15.4
2906.579046457526,304.3762459809663,0.7,10000.0,0.9046425649873645,0.04035330758141919,0.0028823791129585137,14.411895564792568,124.52299479452078,21.13128737942899,103.39170741509179,103.39170741509172,31.469979768568074,777.6932647433205,190.57849306851259,210.42857096439516,2.481259736985322,101.66292085493866,133.37892332390683,1.5858001234484085,3.618097300275936,1.7750655341351909,1.0,1.0,58.139333492148914,51.89456064937197,NOMINAL,0.6138750357709883,15.450000000000001
2906.579046457526,304.3762459809663,0.7,10000.0,0.9046425649873645,0.04035330758141919,0.0028823791129585137,14.411895564792568,124.52299479452078,21.13128737942899,103.39170741509179,103.39170741509172,31.469979768568074,777.6932647433205,190.70216916496764,210.42857096439516,2.46580022492844,101.74211183114551,133.37892332390683,1.5818405746380662,3.617339984450938,1.7228788120323133,1.0,1.0,58.139333492148914,51.92795729927124,NOMINAL,0.6138750357709883,15.5
2906.579046457526,304.3762459809663,0.7,10000.0,0.9046425649873645,0.04035330758141919,0.0028823791129585137,14.411895564792568,124.52299479452078,21.13128737942899,103.39170741509179,103.39170741509172,31.469979768568074,777.6932647433205,190.8250746963441,210.42857096439516,2.4504370335063825,101.82110507717753,133.37892332390683,1.5778909123364648,3.616584559550861,1.8023631714157484,1.0,1.0,58.139333492148914,51.96115963248581,NOMINAL,0.6138750357709883,15.55
2906.579046457526,304.3762459809663,0.7,10000.0,0.9046425649873645,0.04035330758141919,0.0028823791129585137,14.411895564792568,124.52299479452078,21.13128737942899,103.39170741509179,103.39170741509172,31.469979768568074,777.6932647433205,190.9472144636549,210.42857096439516,2.4351695625925345,101.89990108674279,133.37892332390683,1.5739511118582024,3.6158310208542974,1.9433231097730352,1.0,1.0,58.139333492148914,51.99416882534694,NOMINAL,0.6138750357709883,15.600000000000001
2906.579046457526,304.3762459809663,0.7,10000.0,0.9046425649873645,0.04035330758141919,0.0028823791129585137,14.411895564792568,124.52299479452078,21.13128737942899,103.39170741509179,103.39170741509172,31.469979768568074,777.6932647433205,191.0685932380002,210.42857096439516,2.41999721579937,101.97850035231659,133.37892332390683,1.5700211485795124,3.6150793636516285,2.02127182512364,1.0,1.0,58.139333492148914,52.02698604694254,NOMINAL,0.6138750357709883,15.65
2906.579046457526,304.3762459809663,0.7,10000.0,0.9046425649873645,0.04035330758141919,0.0028823791129585137,14.411895564792568,124.52299479452078,21.13128737942899,103.39170741509179,103.39170741509172,31.469979768568074,777.6932647433205,191.18921576075385,210.42857096439516,2.4049194004551637,102.0569033651446,133.37892332390683,1.5661009979381113,3.6143295832449933,1.9673699975475136,1.0,1.0,58.139333492148914,52.05961245916207,NOMINAL,0.6138750357709883,15.700000000000001
2906.579046457526,304.3762459809663,0.7,10000.0,0.9046425649873645,0.04035330758141919,0.0028823791129585137,14.411895564792568,124.52299479452078,21.13128737942899,103.39170741509179,103.39170741509172,31.469979768568074,777.6932647433205,191.30908674374845,210.42857096439516,2.389935527580839,102.13511061524592,133.37892332390683,1.5621906354330455,3.613581674948262,1.8292202736835206,1.0,1.0,58.139333492148914,52.09204921674121,NOMINAL,0.6138750357709883,15.75
2906.579046457526,304.3762459809663,0.7,10000.0,0.9046425649873645,0.04035330758141919,0.0028823791129585137,14.411895564792568,124.52299479452078,21.13128737942899,103.39170741509179,103.39170741509172,31.469979768568074,777.6932647433205,191.42821086945952,210.42857096439516,2.3750450118669555,102.2131225914161,133.37892332390683,1.558290036624537,3.6128356340870065,1.7288276538086302,1.0,1.0,58.139333492148914,52.12429746730621,NOMINAL,0.6138750357709883,15.8
2906.579046457526,304.3762459809663,0.7,10000.0,0.9046425649873645,0.04035330758141919,0.0028823791129585137,14.411895564792568,124.52299479452078,21.13128737942899,103.39170741509179,103.39170741509172,31.469979768568074,777.6932647433205,191.54659279118837,210.42857096439516,2.3602472716508487,102.29093978123025,133.37892332390683,1.554399177133829,3.612091455998467,1.7548524788418012,1.0,1.0,58.139333492148914,52.15635835141794,NOMINAL,0.6138750357709883,15.850000000000001
2906.579046457526,304.3762459809663,0.7,10000.0,0.9046425649873645,0.04035330758141919,0.0028823791129585137,14.411895564792568,124.52299479452078,21.13128737942899,103.39170741509179,103.39170741509172,31.469979768568074,777.6932647433205,191.6642371332439,210.42857096439516,2.3455417288939095,102.36856267104606,133.37892332390683,1.5505180326430383,3.6113491360315293,1.8843112878207373,1.0,1.0,58.139333492148914,52.18823300261575,NOMINAL,0.6138750357709883,15.9
2906.579046457526,304.3762459809663,0.7,10000.0,0.9046425649873645,0.04035330758141919,0.0028823791129585137,14.411895564792568,124.52299479452078,21.13128737942899,103.39170741509179,103.39170741509172,31.469979768568074,777.6932647433205,191.78114849112313,210.42857096439516,2.3309278091590038,102.44599174600685,133.37892332390683,1.546646578894999,3.6106086695466915,2.0028743406376637,1.0,1.0,58.139333492148914,52.21992254746097,NOMINAL,0.6138750357709883,15.950000000000001
2906.579046457526,304.3762459809663,0.7,10000.0,0.9046425649873645,0.04035330758141919,0.0028823791129585137,14.411895564792568,124.52299479452078,21.13128737942899,103.39170741509179,103.39170741509172,31.469979768568074,777.6932647433205,191.8973314316909,210.42857096439516,2.316404941588033,102.52322749004459,133.37892332390683,1.5427847916931121,3.609870051916034,2.005834332151614,1.0,1.0,58.139333492148914,52.25142810558017,NOMINAL,0.6138750357709883,16.0
2906.579046457526,304.3762459809663,0.7,10000.0,0.9046425649873645,0.04035330758141919,0.0028823791129585137,14.411895564792568,124.52299479452078,21.13128737942899,103.39170741509179,103.39170741509172,31.469979768568074,777.6932647433205,192.01279049335807,210.42857096439516,2.301972558879637,102.60027038588292,133.37892332390683,1.5389326469011955,3.6091332785231964,1.8905771871738826,1.0,1.0,58.139333492148914,52.28275078970819,NOMINAL,0.6138750357709883,16.05
2906.579046457526,304.3762459809663,0.7,10000.0,0.9046425649873645,0.04035330758141919,0.0028823791129585137,14.411895564792568,124.52299479452078,21.13128737942899,103.39170741509179,103.39170741509172,31.469979768568074,777.6932647433205,192.1275301862589,210.42857096439516,2.2876300972670336,102.67712091504019,133.37892332390683,1.535090120443332,3.6083983447633416,1.7588906444827204,1.0,1.0,58.139333492148914,52.313891705730825,NOMINAL,0.6138750357709883,16.1
2906.579046457526,304.3762459809663,0.7,10000.0,0.9046425649873645,0.04035330758141919,0.0028823791129585137,14.411895564792568,124.52299479452078,21.13128737942899,103.39170741509179,103.39170741509172,31.469979768568074,777.6932647433205,192.24155499242727,210.42857096439516,2.273376996495987,102.75377955783247,133.37892332390683,1.531257188303718,3.60766524604313,1.7270718361177348,1.0,1.0,58.139333492148914,52.344851952727375,NOMINAL,0.6138750357709883,16.150000000000002
2906.579046457526,304.3762459809663,0.7,10000.0,0.9046425649873645,0.04035330758141919,0.0028823791129585137,14.411895564792568,124.52299479452078,21.13128737942899,103.39170741509179,103.39170741509172,31.469979768568074,777.6932647433205,192.35486936597164,210.42857096439516,2.2592126998029407,102.83024679337652,133.37892332390683,1.5274338265265157,3.6069339777806944,1.8232210985463213,1.0,1.0,58.139333492148914,52.375632623012706,NOMINAL,0.6138750357709883,16.2
2906.579046457526,304.3762459809663,0.7,10000.0,0.9046425649873645,0.04035330758141919,0.0028823791129585137,14.411895564792568,124.52299479452078,21.13128737942899,103.39170741509179,103.39170741509172,31.469979768568074,777.6932647433205,192.46747773324915,210.42857096439516,2.245136653893251,102.9065230995928,133.37892332390683,1.5236200112157015,3.6062045354056047,1.9624255527472796,1.0,1.0,58.139333492148914,52.40623480217932,NOMINAL,0.6138750357709883,16.25
2906.579046457526,304.3762459809663,0.7,10000.0,0.9046425649873645,0.04035330758141919,0.0028823791129585137,14.411895564792568,124.52299479452078,21.13128737942899,103.39170741509179,103.39170741509172,31.469979768568074,777.6932647433205,192.57938449303848,210.42857096439516,2.231148308919586,102.9826089532085,133.37892332390683,1.5198157185349168,3.605476914358843,2.021748728069002,1.0,1.0,58.139333492148914,52.436659569138946,NOMINAL,0.6138750357709883,16.3
2906.579046457526,304.3762459809663,0.7,10000.0,0.9046425649873645,0.04035330758141919,0.0028823791129585137,14.411895564792568,124.52299479452078,21.13128737942899,103.39170741509179,103.39170741509172,31.469979768568074,777.6932647433205,192.69059401671163,210.42857096439516,2.217247118460442,103.05850482976044,133.37892332390683,1.5160209247073198,3.604751110092777,1.9488001902848482,1.0,1.0,58.139333492148914,52.466907996164,NOMINAL,0.6138750357709883,16.35
2906.579046457526,304.3762459809663,0.7,10000.0,0.9046425649873645,0.04035330758141919,0.0028823791129585137,14.411895564792568,124.52299479452078,21.13128737942899,103.39170741509179,103.39170741509172,31.469979768568074,777.6932647433205,192.80111064840477,210.42857096439516,2.203432539498799,103.13421120359808,133.37892332390683,1.5122356060154374,3.604027118071126,1.8080034222914454,1.0,1.0,58.139333492148914,52.496981148928725,NOMINAL,0.6138750357709883,16.400000000000002
2906.579046457526,304.3762459809663,0.7,10000.0,0.9046425649873645,0.04035330758141919,0.0028823791129585137,14.411895564792568,124.52299479452078,21.13128737942899,103.39170741509179,103.39170741509172,31.469979768568074,777.6932647433205,192.9109387051879,210.42857096439516,2.1897040324009076,103.20972854788653,133.37892332390683,1.5084597388010152,3.6033049337689382,1.7237011244400393,1.0,1.0,58.139333492148914,52.526880086550115,NOMINAL,0.6138750357709883,16.45
2906.579046457526,304.3762459809663,0.7,10000.0,0.9046425649873645,0.04035330758141919,0.0028823791129585137,14.411895564792568,124.52299479452078,21.13128737942899,103.39170741509179,103.39170741509172,31.469979768568074,777.6932647433205,193.02008247723342,210.42857096439516,2.1760610608952184,103.2850573346094,133.37892332390683,1.5046932994648714,3.60258455267256,1.770343694350501,1.0,1.0,58.139333492148914,52.55660586162853,NOMINAL,0.6138750357709883,16.5
2906.579046457526,304.3762459809663,0.7,10000.0,0.9046425649873645,0.04035330758141919,0.0028823791129585137,14.411895564792568,124.52299479452078,21.13128737942899,103.39170741509179,103.39170741509172,31.469979768568074,777.6932647433205,193.12854622798383,210.42857096439516,2.1625030920514163,103.3601980345719,133.37892332390683,1.500936264466747,3.6018659702796065,1.9067393974632971,1.0,1.0,58.139333492148914,52.586159520288135,NOMINAL,0.6138750357709883,16.55
2906.579046457526,304.3762459809663,0.7,10000.0,0.9046425649873645,0.04035330758141919,0.0028823791129585137,14.411895564792568,124.52299479452078,21.13128737942899,103.39170741509179,103.39170741509172,31.469979768568074,777.6932647433205,193.23633419431818,210.42857096439516,2.1490295962596235,103.4351511174036,133.37892332390683,1.4971886103251613,3.6011491820989354,2.0124322724444026,1.0,1.0,58.139333492148914,52.61554210221699,NOMINAL,0.6138750357709883,16.6
2906.579046457526,304.3762459809663,0.7,10000.0,0.9046425649873645,0.04035330758141919,0.0028823791129585137,14.411895564792568,124.52299479452078,21.13128737942899,103.39170741509179,103.39170741509172,31.469979768568074,777.6932647433205,193.34345058671758,210.42857096439516,2.135640047209698,103.50991705156156,133.37892332390683,1.4934503136172637,3.6004341836506186,1.9940811320614162,1.0,1.0,58.139333492148914,52.644754640707006,NOMINAL,0.6138750357709883,16.650000000000002
2906.579046457526,304.3762459809663,0.7,10000.0,0.9046425649873645,0.04035330758141919,0.0028823791129585137,14.411895564792568,124.52299479452078,21.13128737942899,103.39170741509179,103.39170741509172,31.469979768568074,777.6932647433205,193.44989958942978,210.42857096439516,2.1223339218706734,103.58449630433307,133.37892332390683,1.489721350978688,3.5997209704659134,1.8678925297898905,1.0,1.0,58.139333492148914,52.67379816269358,NOMINAL,0.6138750357709883,16.7
2906.579046457526,304.3762459809663,0.7,10000.0,0.9046425649873645,0.04035330758141919,0.0028823791129585137,14.411895564792568,124.52299479452078,21.13128737942899,103.39170741509179,103.39170741509172,31.469979768568074,777.6932647433205,193.55568536063245,210.42857096439516,2.109110700470339,103.65888934183873,133.37892332390683,1.486001699103405,3.599009538087234,1.7453081683313396,1.0,1.0,58.139333492148914,52.70267368879493,NOMINAL,0.6138750357709883,16.75
2906.579046457526,304.3762459809663,0.7,10000.0,0.9046425649873645,0.04035330758141919,0.0028823791129585137,14.411895564792568,124.52299479452078,21.13128737942899,103.39170741509179,103.39170741509172,31.469979768568074,777.6932647433205,193.66081203259574,210.42857096439516,2.0959698664749276,103.73309662903526,133.37892332390683,1.4822913347435787,3.5982998820681273,1.73458671542215,1.0,1.0,58.139333492148914,52.731382233351354,NOMINAL,0.6138750357709883,16.8
2906.579046457526,304.3762459809663,0.7,10000.0,0.9046425649873645,0.04035330758141919,0.0028823791129585137,14.411895564792568,124.52299479452078,21.13128737942899,103.39170741509179,103.39170741509172,31.469979768568074,777.6932647433205,193.76528371184364,210.42857096439516,2.082910906568941,103.80711862971845,133.37892332390683,1.4785902347094193,3.5975919979732405,1.845196672544365,1.0,1.0,58.139333492148914,52.75992480446406,NOMINAL,0.6138750357709883,16.85
2906.579046457526,304.3762459809663,0.7,10000.0,0.9046425649873645,0.04035330758141919,0.0028823791129585137,14.411895564792568,124.52299479452078,21.13128737942899,103.39170741509179,103.39170741509172,31.469979768568074,777.6932647433205,193.86910447931442,210.42857096439516,2.0699333106350934,103.88095580652602,133.37892332390683,1.4748983758690408,3.596885881378295,1.9794544000072039,1.0,1.0,58.139333492148914,52.78830240403389,NOMINAL,0.6138750357709883,16.900000000000002
2906.579046457526,304.3762459809663,0.7,10000.0,0.9046425649873645,0.04035330758141919,0.0028823791129585137,14.411895564792568,124.52299479452078,21.13128737942899,103.39170741509179,103.39170741509172,31.469979768568074,777.6932647433205,193.97227839052,210.42857096439516,2.057036571734397,103.95460862094059,133.37892332390683,1.4712157351483122,3.59618152787006,2.0187920598291544,1.0,1.0,58.139333492148914,52.816516027799715,NOMINAL,0.6138750357709883,16.95
2906.579046457526,304.3762459809663,0.7,10000.0,0.9046425649873645,0.04035330758141919,0.0028823791129585137,14.411895564792568,124.52299479452078,21.13128737942899,103.39170741509179,103.39170741509172,31.469979768568074,777.6932647433205,194.07480947570437,210.42857096439516,2.044220186086349,104.02807753329249,133.37892332390683,1.467542289530717,3.5954789330463246,1.928469146830373,1.0,1.0,58.139333492148914,52.84456666537663,NOMINAL,0.6138750357709883,17.0
2906.579046457526,304.3762459809663,0.7,10000.0,0.9046425649873645,0.04035330758141919,0.0028823791129585137,14.411895564792568,124.52299479452078,21.13128737942899,103.39170741509179,103.39170741509172,31.469979768568074,777.6932647433205,194.17670174000114,210.42857096439516,2.0314836530492535,104.10136300276265,133.37892332390683,1.463878016057209,3.594778092515868,1.7882530808599177,1.0,1.0,58.139333492148914,52.87245530029395,NOMINAL,0.6138750357709883,17.05
2906.579046457526,304.3762459809663,0.7,10000.0,0.9046425649873645,0.04035330758141919,0.0028823791129585137,14.411895564792568,124.52299479452078,21.13128737942899,103.39170741509179,103.39170741509172,31.469979768568074,777.6932647433205,194.2779591635898,210.42857096439516,2.0188264751006706,104.1744654873855,133.37892332390683,1.4602228918260665,3.594079001898435,1.7219737233827048,1.0,1.0,58.139333492148914,52.900182910032854,NOMINAL,0.6138750357709883,17.1
2906.579046457526,304.3762459809663,0.7,10000.0,0.9046425649873645,0.04035330758141919,0.0028823791129585137,14.411895564792568,124.52299479452078,21.13128737942899,103.39170741509179,103.39170741509172,31.469979768568074,777.6932647433205,194.37858570185134,210.42857096439516,2.0062481578179785,104.24738544405182,133.37892332390683,1.4565768939927508,3.593381656824706,1.7881647637990883,1.0,1.0,58.139333492148914,52.92775046606394,NOMINAL,0.6138750357709883,17.150000000000002
2906.579046457526,304.3762459809663,0.7,10000.0,0.9046425649873645,0.04035330758141919,0.0028823791129585137,14.411895564792568,124.52299479452078,21.13128737942899,103.39170741509179,103.39170741509172,31.469979768568074,777.6932647433205,194.4785852855227,210.42857096439516,1.9937482098590564,104.32012332851154,133.37892332390683,1.4529399997697645,3.592686052936274,1.9283705086887233,1.0,1.0,58.139333492148914,52.955158933884455,NOMINAL,0.6138750357709883,17.2
2906.579046457526,304.3762459809663,0.7,10000.0,0.9046425649873645,0.04035330758141919,0.0028823791129585137,14.411895564792568,124.52299479452078,21.13128737942899,103.39170741509179,103.39170741509172,31.469979768568074,777.6932647433205,194.5779618208504,210.42857096439516,1.9813261429430966,104.3926795953767,133.37892332390683,1.4493121864265064,3.5919921858856108,2.01877021150414,1.0,1.0,58.139333492148914,52.982409273055275,NOMINAL,0.6138750357709883,17.25
2906.579046457526,304.3762459809663,0.7,10000.0,0.9046425649873645,0.04035330758141919,0.0028823791129585137,14.411895564792568,124.52299479452078,21.13128737942899,103.39170741509179,103.39170741509172,31.469979768568074,777.6932647433205,194.6767191897429,210.42857096439516,1.9689814718315333,104.4650546981242,133.37892332390683,1.4456934312891314,3.591300051336045,1.979528636542536,1.0,1.0,58.139333492148914,53.00950243723774,NOMINAL,0.6138750357709883,17.3
2906.579046457526,304.3762459809663,0.7,10000.0,0.9046425649873645,0.04035330758141919,0.0028823791129585137,14.411895564792568,124.52299479452078,21.13128737942899,103.39170741509179,103.39170741509172,31.469979768568074,777.6932647433205,194.7748612499225,210.42857096439516,1.9567137143090818,104.53724908909868,133.37892332390683,1.4420837117404077,3.590609644961735,1.8453014329801465,1.0,1.0,58.139333492148914,53.03643937423019,NOMINAL,0.6138750357709883,17.35
2906.579046457526,304.3762459809663,0.7,10000.0,0.9046425649873645,0.04035330758141919,0.0028823791129585137,14.411895564792568,124.52299479452078,21.13128737942899,103.39170741509179,103.39170741509172,31.469979768568074,777.6932647433205,194.87239183507594,210.42857096439516,1.9445223911649023,104.6092632195153,133.37892332390683,1.4384830052195767,3.5899209624476365,1.7346294820418118,1.0,1.0,58.139333492148914,53.063221026004314,NOMINAL,0.6138750357709883,17.400000000000002
2906.579046457526,304.3762459809663,0.7,10000.0,0.9046425649873645,0.04035330758141919,0.0028823791129585137,14.411895564792568,124.52299479452078,21.13128737942899,103.39170741509179,103.39170741509172,31.469979768568074,777.6932647433205,194.9693147550041,210.42857096439516,1.932407026173884,104.68109753946261,133.37892332390683,1.434891289222211,3.5892339994894837,1.7452511723919746,1.0,1.0,58.139333492148914,53.08984832874124,NOMINAL,0.6138750357709883,17.45
2906.579046457526,304.3762459809663,0.7,10000.0,0.9046425649873645,0.04035330758141919,0.0028823791129585137,14.411895564792568,124.52299479452078,21.13128737942899,103.39170741509179,103.39170741509172,31.469979768568074,777.6932647433205,195.06563379577082,210.42857096439516,1.9203671460780427,104.75275249790536,133.37892332390683,1.4313085413000735,3.5885487517937538,1.8677861064597214,1.0,1.0,58.139333492148914,53.11632221286744,NOMINAL,0.6138750357709883,17.5
2906.579046457526,304.3762459809663,0.7,10000.0,0.9046425649873645,0.04035330758141919,0.0028823791129585137,14.411895564792568,124.52299479452078,21.13128737942899,103.39170741509179,103.39170741509172,31.469979768568074,777.6932647433205,195.16135271985092,210.42857096439516,1.9084022805680299,104.82422854268727,133.37892332390683,1.4277347390609783,3.5878652150776484,1.9940192676189665,1.0,1.0,58.139333492148914,53.142643603090335,NOMINAL,0.6138750357709883,17.55
2906.579046457526,304.3762459809663,0.7,10000.0,0.9046425649873645,0.04035330758141919,0.0028823791129585137,14.411895564792568,124.52299479452078,21.13128737942899,103.39170741509179,103.39170741509172,31.469979768568074,777.6932647433205,195.25647526627702,210.42857096439516,1.8965119622647677,104.89552612053383,133.37892332390683,1.42416986016865,3.5871833850690598,2.012469601608764,1.0,1.0,58.139333492148914,53.16881341843382,NOMINAL,0.6138750357709883,17.6
2906.579046457526,304.3762459809663,0.7,10000.0,0.9046425649873645,0.04035330758141919,0.0028823791129585137,14.411895564792568,124.52299479452078,21.13128737942899,103.39170741509179,103.39170741509172,31.469979768568074,777.6932647433205,195.35100515078568,210.42857096439516,1.8846957267011852,104.96664567705515,133.37892332390683,1.4206138823425838,3.5865032575065485,1.906842953503755,1.0,1.0,58.139333492148914,53.194832572273405,NOMINAL,0.6138750357709883,17.650000000000002
2906.579046457526,304.3762459809663,0.7,10000.0,0.9046425649873645,0.04035330758141919,0.0028823791129585137,14.411895564792568,124.52299479452078,21.13128737942899,103.39170741509179,103.39170741509172,31.469979768568074,777.6932647433205,195.44494606596257,210.42857096439516,1.8729531123040744,105.0375876567487,133.37892332390683,1.4170667833579067,3.5858248281393146,1.7704220231955008,1.0,1.0,58.139333492148914,53.22070197237126,NOMINAL,0.6138750357709883,17.7
2906.579046457526,304.3762459809663,0.7,10000.0,0.9046425649873645,0.04035330758141919,0.0028823791129585137,14.411895564792568,124.52299479452078,21.13128737942899,103.39170741509179,103.39170741509172,31.469979768568074,777.6932647433205,195.5383016813866,210.42857096439516,1.8612836603760705,105.10835250300207,133.37892332390683,1.4135285410452383,3.585148092727173,1.7236850510634671,1.0,1.0,58.139333492148914,53.24642252091095,NOMINAL,0.6138750357709883,17.75
2906.579046457526,304.3762459809663,0.7,10000.0,0.9046425649873645,0.04035330758141919,0.0028823791129585137,14.411895564792568,124.52299479452078,21.13128737942899,103.39170741509179,103.39170741509172,31.469979768568074,777.6932647433205,195.63107564377339,210.42857096439516,1.8496869150777222,105.17894065809578,133.37892332390683,1.4099991332905524,3.5844730470405244,1.8079071416712151,1.0,1.0,58.139333492148914,53.271995114532054,NOMINAL,0.6138750357709883,17.8
2906.579046457526,304.3762459809663,0.7,10000.0,0.9046425649873645,0.04035330758141919,0.0028823791129585137,14.411895564792568,124.52299479452078,21.13128737942899,103.39170741509179,103.39170741509172,31.469979768568074,777.6932647433205,195.72327157711763,210.42857096439516,1.8381624234096918,105.24935256320603,133.37892332390683,1.40647853803504,3.5837996868603317,1.948708731306831,1.0,1.0,58.139333492148914,53.297420644364465,NOMINAL,0.6138750357709883,17.85
2906.579046457526,304.3762459809663,0.7,10000.0,0.9046425649873645,0.04035330758141919,0.0028823791129585137,14.411895564792568,124.52299479452078,21.13128737942899,103.39170741509179,103.39170741509172,31.469979768568074,777.6932647433205,195.8148930828347,210.42857096439516,1.8267097351950596,105.31958865840747,133.37892332390683,1.4029667332749682,3.5831280079780914,2.0217428614530095,1.0,1.0,58.139333492148914,53.32269999606256,NOMINAL,0.6138750357709883,17.900000000000002
2906.579046457526,304.3762459809663,0.7,10000.0,0.9046425649873645,0.04035330758141919,0.0028823791129585137,14.411895564792568,124.52299479452078,21.13128737942899,103.39170741509179,103.39170741509172,31.469979768568074,777.6932647433205,195.9059437399013,210.42857096439516,1.8153284030617343,105.3896493826759,133.37892332390683,1.3994636970615466,3.5824580061958082,1.9625104595131195,1.0,1.0,58.139333492148914,53.34783404983913,NOMINAL,0.6138750357709883,17.95
2906.579046457526,304.3762459809663,0.7,10000.0,0.9046425649873645,0.04035330758141919,0.0028823791129585137,14.411895564792568,124.52299479452078,21.13128737942899,103.39170741509179,103.39170741509172,31.469979768568074,777.6932647433205,195.9964271049953,210.42857096439516,1.804017982424984,105.45953517389108,133.37892332390683,1.3959694075007874,3.581789677325969,1.8233217944688922,1.0,1.0,58.139333492148914,53.37282368049904,NOMINAL,0.6138750357709883,18.0
2906.579046457526,304.3762459809663,0.7,10000.0,0.9046425649873645,0.04035330758141919,0.0028823791129585137,14.411895564792568,124.52299479452078,21.13128737942899,103.39170741509179,103.39170741509172,31.469979768568074,777.6932647433205,196.08634671263465,210.42857096439516,1.792778031470064,105.52924646883945,133.37892332390683,1.3924838427533692,3.5811230171915165,1.727099392998646,1.0,1.0,58.139333492148914,53.39766975747278,NOMINAL,0.6138750357709883,18.05
2906.579046457526,304.3762459809663,0.7,10000.0,0.9046425649873645,0.04035330758141919,0.0028823791129585137,14.411895564792568,124.52299479452078,21.13128737942899,103.39170741509179,103.39170741509172,31.469979768568074,777.6932647433205,196.17570607531547,210.42857096439516,1.781608111134961,105.59878370321681,133.37892332390683,1.3890069810345012,3.5804580216258213,1.758820725846988,1.0,1.0,58.139333492148914,53.42237314484976,NOMINAL,0.6138750357709883,18.1
2906.579046457526,304.3762459809663,0.7,10000.0,0.9046425649873645,0.04035330758141919,0.0028823791129585137,14.411895564792568,124.52299479452078,21.13128737942899,103.39170741509179,103.39170741509172,31.469979768568074,777.6932647433205,196.26450868364924,210.42857096439516,1.7705077850932405,105.66814731163112,133.37892332390683,1.3855388006137859,3.5797946864726606,1.8904715406886992,1.0,1.0,58.139333492148914,53.44693470141137,NOMINAL,0.6138750357709883,18.150000000000002
2906.579046457526,304.3762459809663,0.7,10000.0,0.9046425649873645,0.04035330758141919,0.0028823791129585137,14.411895564792568,124.52299479452078,21.13128737942899,103.39170741509179,103.39170741509172,31.469979768568074,777.6932647433205,196.35275800649913,210.42857096439516,1.7594766197370042,105.73733772760515,133.37892332390683,1.382079279815084,3.579133007586186,2.005786258035833,1.0,1.0,58.139333492148914,53.471355280663914,NOMINAL,0.6138750357709883,18.2
2906.579046457526,304.3762459809663,0.7,10000.0,0.9046425649873645,0.04035330758141919,0.0028823791129585137,14.411895564792568,124.52299479452078,21.13128737942899,103.39170741509179,103.39170741509172,31.469979768568074,777.6932647433205,196.44045749111552,210.42857096439516,1.748514184159955,105.80635538357922,133.37892332390683,1.3786283970163808,3.5784729808309037,2.0029262948753273,1.0,1.0,58.139333492148914,53.4956357308712,NOMINAL,0.6138750357709883,18.25
2906.579046457526,304.3762459809663,0.7,10000.0,0.9046425649873645,0.04035330758141919,0.0028823791129585137,14.411895564792568,124.52299479452078,21.13128737942899,103.39170741509179,103.39170741509172,31.469979768568074,777.6932647433205,196.5276105632707,210.42857096439516,1.7376200501405563,105.8752007109139,133.37892332390683,1.3751861306496465,3.5778146020816437,1.8844173877520525,1.0,1.0,58.139333492148914,53.519776895087105,NOMINAL,0.6138750357709883,18.3
2906.579046457526,304.3762459809663,0.7,10000.0,0.9046425649873645,0.04035330758141919,0.0028823791129585137,14.411895564792568,124.52299479452078,21.13128737942899,103.39170741509179,103.39170741509172,31.469979768568074,777.6932647433205,196.61422062739263,210.42857096439516,1.7267937921253171,105.94387413989273,133.37892332390683,1.3717524592007053,3.5771578672235362,1.754919023793586,1.0,1.0,58.139333492148914,53.54377961118779,NOMINAL,0.6138750357709883,18.35
2906.579046457526,304.3762459809663,0.7,10000.0,0.9046425649873645,0.04035330758141919,0.0028823791129585137,14.411895564792568,124.52299479452078,21.13128737942899,103.39170741509179,103.39170741509172,31.469979768568074,777.6932647433205,196.70029106669793,210.42857096439516,1.7160349872121543,106.01237609972485,133.37892332390683,1.3683273612090994,3.5765027721519873,1.7287958755353074,1.0,1.0,58.139333492148914,53.56764471190381,NOMINAL,0.6138750357709883,18.400000000000002
2906.579046457526,304.3762459809663,0.7,10000.0,0.9046425649873645,0.04035330758141919,0.0028823791129585137,14.411895564792568,124.52299479452078,21.13128737942899,103.39170741509179,103.39170741509172,31.469979768568074,777.6932647433205,196.7858252433241,210.42857096439516,1.7053432151338832,106.08070701854774,133.37892332390683,1.3649108152679545,3.57584931277265,1.8291182367238616,1.0,1.0,58.139333492148914,53.59137302485197,NOMINAL,0.6138750357709883,18.45
2906.579046457526,304.3762459809663,0.7,10000.0,0.9046425649873645,0.04035330758141919,0.0028823791129585137,14.411895564792568,124.52299479452078,21.13128737942899,103.39170741509179,103.39170741509172,31.469979768568074,777.6932647433205,196.8708264984608,210.42857096439516,1.694718058241797,106.14886732342985,133.37892332390683,1.361502800023849,3.575197485001401,1.967287814418084,1.0,1.0,58.139333492148914,53.614965372566985,NOMINAL,0.6138750357709883,18.5
2906.579046457526,304.3762459809663,0.7,10000.0,0.9046425649873645,0.04035330758141919,0.0028823791129585137,14.411895564792568,124.52299479452078,21.13128737942899,103.39170741509179,103.39170741509172,31.469979768568074,777.6932647433205,196.95529815248034,210.42857096439516,1.684159101489353,106.21685744037333,133.37892332390683,1.358103294176675,3.5745472847643147,2.021282074708048,1.0,1.0,58.139333492148914,53.63842257253298,NOMINAL,0.6138750357709883,18.55
2906.579046457526,304.3762459809663,0.7,10000.0,0.9046425649873645,0.04035330758141919,0.0028823791129585137,14.411895564792568,124.52299479452078,21.13128737942899,103.39170741509179,103.39170741509172,31.469979768568074,777.6932647433205,197.03924350506747,210.42857096439516,1.673665932415961,106.28467779431662,133.37892332390683,1.3547122764795105,3.573898707997637,1.943416740294119,1.0,1.0,58.139333492148914,53.66174543721479,NOMINAL,0.6138750357709883,18.6
2906.579046457526,304.3762459809663,0.7,10000.0,0.9046425649873645,0.04035330758141919,0.0028823791129585137,14.411895564792568,124.52299479452078,21.13128737942899,103.39170741509179,103.39170741509172,31.469979768568074,777.6932647433205,197.1226658353482,210.42857096439516,1.663238141130872,106.35232880913715,133.37892332390683,1.3513297257384842,3.573251750647763,1.8024574943857217,1.0,1.0,58.139333492148914,53.68493477408898,NOMINAL,0.6138750357709883,18.650000000000002
2906.579046457526,304.3762459809663,0.7,10000.0,0.9046425649873645,0.04035330758141919,0.0028823791129585137,14.411895564792568,124.52299479452078,21.13128737942899,103.39170741509179,103.39170741509172,31.469979768568074,777.6932647433205,197.2055684020179,210.42857096439516,1.6528753202971593,106.41981090765398,133.37892332390683,1.3479556208126424,3.572606408671205,1.7228905274368151,1.0,1.0,58.139333492148914,53.70799138567482,NOMINAL,0.6138750357709883,18.7
2906.579046457526,304.3762459809663,0.7,10000.0,0.9046425649873645,0.04035330758141919,0.0028823791129585137,14.411895564792568,124.52299479452078,21.13128737942899,103.39170741509179,103.39170741509172,31.469979768568074,777.6932647433205,197.2879544434686,210.42857096439516,1.6425770651158196,106.48712451163046,133.37892332390683,1.3445899406138189,3.571962678034574,1.7749842956785058,1.0,1.0,58.139333492148914,53.73091606956494,NOMINAL,0.6138750357709883,18.75
2906.579046457526,304.3762459809663,0.7,10000.0,0.9046425649873645,0.04035330758141919,0.0028823791129585137,14.411895564792568,124.52299479452078,21.13128737942899,103.39170741509179,103.39170741509172,31.469979768568074,777.6932647433205,197.36982717791557,210.42857096439516,1.6323429733099495,106.55427004177682,133.37892332390683,1.3412326641065007,3.5713205547145512,1.912732914835221,1.0,1.0,58.139333492148914,53.753709618455844,NOMINAL,0.6138750357709883,18.8
2906.579046457526,304.3762459809663,0.7,10000.0,0.9046425649873645,0.04035330758141919,0.0028823791129585137,14.411895564792568,124.52299479452078,21.13128737942899,103.39170741509179,103.39170741509172,31.469979768568074,777.6932647433205,197.45118980352288,210.42857096439516,1.6221726451090355,106.62124791775284,133.37892332390683,1.3378837703076996,3.5706800346978653,2.014485614653346,1.0,1.0,58.139333492148914,53.77637282017826,NOMINAL,0.6138750357709883,18.85
2906.579046457526,304.3762459809663,0.7,10000.0,0.9046425649873645,0.04035330758141919,0.0028823791129585137,14.411895564792568,124.52299479452078,21.13128737942899,103.39170741509179,103.39170741509172,31.469979768568074,777.6932647433205,197.53204549852845,210.42857096439516,1.6120656832333395,106.68805855817048,133.37892332390683,1.3345432382868174,3.570041113981262,1.9903809185969854,1.0,1.0,58.139333492148914,53.79890645772724,NOMINAL,0.6138750357709883,18.900000000000002
2906.579046457526,304.3762459809663,0.7,10000.0,0.9046425649873645,0.04035330758141919,0.0028823791129585137,14.411895564792568,124.52299479452078,21.13128737942899,103.39170741509179,103.39170741509172,31.469979768568074,777.6932647433205,197.61239742136814,210.42857096439516,1.6020216928783775,106.75470238059644,133.37892332390683,1.3312110471655196,3.5694037885714867,1.8617065525240204,1.0,1.0,58.139333492148914,53.82131130929214,NOMINAL,0.6138750357709883,18.95
2906.579046457526,304.3762459809663,0.7,10000.0,0.9046425649873645,0.04035330758141919,0.0028823791129585137,14.411895564792568,124.52299479452078,21.13128737942899,103.39170741509179,103.39170741509172,31.469979768568074,777.6932647433205,197.69224871079916,210.42857096439516,1.5920402816995,106.82117980155485,133.37892332390683,1.3278871761175992,3.568768054485252,1.7420994867398498,1.0,1.0,58.139333492148914,53.84358814828635,NOMINAL,0.6138750357709883,19.0
2906.579046457526,304.3762459809663,0.7,10000.0,0.9046425649873645,0.04035330758141919,0.0028823791129585137,14.411895564792568,124.52299479452078,21.13128737942899,103.39170741509179,103.39170741509172,31.469979768568074,777.6932647433205,197.77160248602266,210.42857096439516,1.5821210597965631,106.88749123652978,133.37892332390683,1.3245716043688525,3.568133907749219,1.7371890318643908,1.0,1.0,58.139333492148914,53.86573774337688,NOMINAL,0.6138750357709883,19.05
2906.579046457526,304.3762459809663,0.7,10000.0,0.9046425649873645,0.04035330758141919,0.0028823791129585137,14.411895564792568,124.52299479452078,21.13128737942899,103.39170741509179,103.39170741509172,31.469979768568074,777.6932647433205,197.85046184680556,210.42857096439516,1.5722636396987006,106.95363709996793,133.37892332390683,1.3212643111969449,3.5675013443999672,1.8513117875786382,1.0,1.0,58.139333492148914,53.88776085851377,NOMINAL,0.6138750357709883,19.1
2906.579046457526,304.3762459809663,0.7,10000.0,0.9046425649873645,0.04035330758141919,0.0028823791129585137,14.411895564792568,124.52299479452078,21.13128737942899,103.39170741509179,103.39170741509172,31.469979768568074,777.6932647433205,197.92882987360167,210.42857096439516,1.5624676363491865,107.01961780528117,133.37892332390683,1.317965275931283,3.5668703604839744,1.983681835148408,1.0,1.0,58.139333492148914,53.909658252959254,NOMINAL,0.6138750357709883,19.150000000000002
2906.579046457526,304.3762459809663,0.7,10000.0,0.9046425649873645,0.04035330758141919,0.0028823791129585137,14.411895564792568,124.52299479452078,21.13128737942899,103.39170741509179,103.39170741509172,31.469979768568074,777.6932647433205,198.006709627672,210.42857096439516,1.552732667090396,107.08543376484911,133.37892332390683,1.3146744779528858,3.5662409520575897,2.0173984147407564,1.0,1.0,58.139333492148914,53.93143068131684,NOMINAL,0.6138750357709883,19.200000000000003
2906.579046457526,304.3762459809663,0.7,10000.0,0.9046425649873645,0.04035330758141919,0.0028823791129585137,14.411895564792568,124.52299479452078,21.13128737942899,103.39170741509179,103.39170741509172,31.469979768568074,777.6932647433205,198.08410415120434,210.42857096439516,1.5430583516488525,107.15108539002172,133.37892332390683,1.3113918966942557,3.565613115187007,1.922685199719025,1.0,1.0,58.139333492148914,53.95307889356014,NOMINAL,0.6138750357709883,19.25
2906.579046457526,304.3762459809663,0.7,10000.0,0.9046425649873645,0.04035330758141919,0.0028823791129585137,14.411895564792568,124.52299479452078,21.13128737942899,103.39170741509179,103.39170741509172,31.469979768568074,777.6932647433205,198.16101646743215,210.42857096439516,1.533444312120377,107.21657309112186,133.37892332390683,1.3081175116392487,3.564986845948245,1.7831868438822351,1.0,1.0,58.139333492148914,53.9746036350615,NOMINAL,0.6138750357709883,19.3
2906.579046457526,304.3762459809663,0.7,10000.0,0.9046425649873645,0.04035330758141919,0.0028823791129585137,14.411895564792568,124.52299479452078,21.13128737942899,103.39170741509179,103.39170741509172,31.469979768568074,777.6932647433205,198.23744958075252,210.42857096439516,1.5238901729553298,107.28189727744788,133.37892332390683,1.3048513023229475,3.5643621404271184,1.7220993730088001,1.0,1.0,58.139333492148914,53.99600564662056,NOMINAL,0.6138750357709883,19.35
2906.579046457526,304.3762459809663,0.7,10000.0,0.9046425649873645,0.04035330758141919,0.0028823791129585137,14.411895564792568,124.52299479452078,21.13128737942899,103.39170741509179,103.39170741509172,31.469979768568074,777.6932647433205,198.31340647684368,210.42857096439516,1.5143955609439352,107.34705835727617,133.37892332390683,1.3015932483315331,3.5637389947192153,1.7933713343155469,1.0,1.0,58.139333492148914,54.01728566449249,NOMINAL,0.6138750357709883,19.400000000000002
2906.579046457526,304.3762459809663,0.7,10000.0,0.9046425649873645,0.04035330758141919,0.0028823791129585137,14.411895564792568,124.52299479452078,21.13128737942899,103.39170741509179,103.39170741509172,31.469979768568074,777.6932647433205,198.38889012278153,210.42857096439516,1.5049601052017039,107.41205673786367,133.37892332390683,1.2983433293021585,3.5631174049298737,1.9340598900192423,1.0,1.0,58.139333492148914,54.03844442041618,NOMINAL,0.6138750357709883,19.450000000000003
2906.579046457526,304.3762459809663,0.7,10000.0,0.9046425649873645,0.04035330758141919,0.0028823791129585137,14.411895564792568,124.52299479452078,21.13128737942899,103.39170741509179,103.39170741509172,31.469979768568074,777.6932647433205,198.46390346715557,210.42857096439516,1.4955834371549486,107.47689282545048,133.37892332390683,1.2951015249228177,3.562497367174155,2.0199179059417958,1.0,1.0,58.139333492148914,54.05948264164219,NOMINAL,0.6138750357709883,19.5
2906.579046457526,304.3762459809663,0.7,10000.0,0.9046425649873645,0.04035330758141919,0.0028823791129585137,14.411895564792568,124.52299479452078,21.13128737942899,103.39170741509179,103.39170741509172,31.469979768568074,777.6932647433205,198.53844944018414,210.42857096439516,1.4862651905263782,107.54156702526235,133.37892332390683,1.291867814932224,3.561878877576821,1.9751210737644749,1.0,1.0,58.139333492148914,54.080401050960525,NOMINAL,0.6138750357709883,19.55
2906.579046457526,304.3762459809663,0.7,10000.0,0.9046425649873645,0.04035330758141919,0.0028823791129585137,14.411895564792568,124.52299479452078,21.13128737942899,103.39170741509179,103.39170741509172,31.469979768568074,777.6932647433205,198.61253095382878,210.42857096439516,1.4770050013207978,107.60607974151326,133.37892332390683,1.288642179119679,3.5612619322723105,1.839231090531148,1.0,1.0,58.139333492148914,54.10120036672828,NOMINAL,0.6138750357709883,19.6
2906.579046457526,304.3762459809663,0.7,10000.0,0.9046425649873645,0.04035330758141919,0.0028823791129585137,14.411895564792568,124.52299479452078,21.13128737942899,103.39170741509179,103.39170741509172,31.469979768568074,777.6932647433205,198.686150901908,210.42857096439516,1.4678025078108945,107.67043137740788,133.37892332390683,1.2854245973249476,3.5606465274047125,1.7322572981232471,1.0,1.0,58.139333492148914,54.121881302897016,NOMINAL,0.6138750357709883,19.650000000000002
2906.579046457526,304.3762459809663,0.7,10000.0,0.9046425649873645,0.04035330758141919,0.0028823791129585137,14.411895564792568,124.52299479452078,21.13128737942899,103.39170741509179,103.39170741509172,31.469979768568074,777.6932647433205,198.75931216021044,210.42857096439516,1.4586573505230902,107.73462233514415,133.37892332390683,1.282215049438134,3.560032659127745,1.748672108119255,1.0,1.0,58.139333492148914,54.142444569040116,NOMINAL,0.6138750357709883,19.700000000000003
2906.579046457526,304.3762459809663,0.7,10000.0,0.9046425649873645,0.04035330758141919,0.0028823791129585137,14.411895564792568,124.52299479452078,21.13128737942899,103.39170741509179,103.39170741509172,31.469979768568074,777.6932647433205,198.832017586607,210.42857096439516,1.4495691722235193,107.79865301591576,133.37892332390683,1.2790135153995537,3.5594203236047286,1.8739790101965343,1.0,1.0,58.139333492148914,54.16289087037984,NOMINAL,0.6138750357709883,19.75
2906.579046457526,304.3762459809663,0.7,10000.0,0.9046425649873645,0.04035330758141919,0.0028823791129585137,14.411895564792568,124.52299479452078,21.13128737942899,103.39170741509179,103.39170741509172,31.469979768568074,777.6932647433205,198.9042700211627,210.42857096439516,1.4405376179040594,107.86252381991468,133.37892332390683,1.2758199751996073,3.5588095170085654,1.9975149628730695,1.0,1.0,58.139333492148914,54.183220907814295,NOMINAL,0.6138750357709883,19.8
2906.579046457526,304.3762459809663,0.7,10000.0,0.9046425649873645,0.04035330758141919,0.0028823791129585137,14.411895564792568,124.52299479452078,21.13128737942899,103.39170741509179,103.39170741509172,31.469979768568074,777.6932647433205,198.97607228624742,210.42857096439516,1.4315623347684685,107.92623514633364,133.37892332390683,1.2726344088786596,3.5582002355217117,2.0101809139109204,1.0,1.0,58.139333492148914,54.20343537794414,NOMINAL,0.6138750357709883,19.85
2906.579046457526,304.3762459809663,0.7,10000.0,0.9046425649873645,0.04035330758141919,0.0028823791129585137,14.411895564792568,124.52299479452078,21.13128737942899,103.39170741509179,103.39170741509172,31.469979768568074,777.6932647433205,199.04742718664627,210.42857096439516,1.4226429722186111,107.98978739336863,133.37892332390683,1.2694567965269101,3.5575924753361563,1.9007911054478237,1.0,1.0,58.139333492148914,54.22353497309925,NOMINAL,0.6138750357709883,19.900000000000002
2906.579046457526,304.3762459809663,0.7,10000.0,0.9046425649873645,0.04035330758141919,0.0028823791129585137,14.411895564792568,124.52299479452078,21.13128737942899,103.39170741509179,103.39170741509172,31.469979768568074,777.6932647433205,199.11833750966912,210.42857096439516,1.4137791818407557,108.0531809582214,133.37892332390683,1.2662871182842714,3.556986232653396,1.765951619917962,1.0,1.0,58.139333492148914,54.24352038136511,NOMINAL,0.6138750357709883,19.950000000000003
2906.579046457526,304.3762459809663,0.7,10000.0,0.9046425649873645,0.04035330758141919,0.0028823791129585137,14.411895564792568,124.52299479452078,21.13128737942899,103.39170741509179,103.39170741509172,31.469979768568074,777.6932647433205,199.18880602525948,210.42857096439516,1.4049706173919603,108.11641623710196,133.37892332390683,1.2631253543402436,3.556381503684411,1.7247440668188434,1.0,1.0,58.139333492148914,54.26339228660913,NOMINAL,0.6138750357709883,20.0
2906.579046457526,304.3762459809663,0.7,10000.0,0.9046425649873645,0.04035330758141919,0.0028823791129585137,14.411895564792568,124.52299479452078,21.13128737942899,103.39170741509179,103.39170741509172,31.469979768568074,777.6932647433205,199.25883548610273,210.42857096439516,1.3962169347865547,108.17949362523099,133.37892332390683,1.2599714849337922,3.5557782846496453,1.8135603214775387,1.0,1.0,58.139333492148914,54.283151368506736,NOMINAL,0.6138750357709883,20.05
2906.579046457526,304.3762459809663,0.7,10000.0,0.9046425649873645,0.04035330758141919,0.0028823791129585137,14.411895564792568,124.52299479452078,21.13128737942899,103.39170741509179,103.39170741509172,31.469979768568074,777.6932647433205,199.32842862773353,210.42857096439516,1.3875177920827042,108.24241351684238,133.37892332390683,1.2568254903532228,3.5551765717789765,1.9539635483276725,1.0,1.0,58.139333492148914,54.302798302567275,NOMINAL,0.6138750357709883,20.1
2906.579046457526,304.3762459809663,0.7,10000.0,0.9046425649873645,0.04035330758141919,0.0028823791129585137,14.411895564792568,124.52299479452078,21.13128737942899,103.39170741509179,103.39170741509172,31.469979768568074,777.6932647433205,199.39758816864287,210.42857096439516,1.3788728494690368,108.30517630518564,133.37892332390683,1.2536873509360595,3.554576361311698,2.02195859738543,1.0,1.0,58.139333492148914,54.32233376015986,NOMINAL,0.6138750357709883,20.150000000000002
2906.579046457526,304.3762459809663,0.7,10000.0,0.9046425649873645,0.04035330758141919,0.0028823791129585137,14.411895564792568,124.52299479452078,21.13128737942899,103.39170741509179,103.39170741509172,31.469979768568074,777.6932647433205,199.4663168103841,210.42857096439516,1.3702817692513847,108.36778238252842,133.37892332390683,1.2505570470689207,3.5539776494964914,1.9574965901799486,1.0,1.0,58.139333492148914,54.34175840853895,NOMINAL,0.6138750357709883,20.200000000000003
2906.579046457526,304.3762459809663,0.7,10000.0,0.9046425649873645,0.04035330758141919,0.0028823791129585137,14.411895564792568,124.52299479452078,21.13128737942899,103.39170741509179,103.39170741509172,31.469979768568074,777.6932647433205,199.5346172376785,210.42857096439516,1.3617442158395825,108.43023214015889,133.37892332390683,1.247434559187397,3.553380432591407,1.817506248585727,1.0,1.0,58.139333492148914,54.361072910869865,NOMINAL,0.6138750357709883,20.25
2906.579046457526,304.3762459809663,0.7,10000.0,0.9046425649873645,0.04035330758141919,0.0028823791129585137,14.411895564792568,124.52299479452078,21.13128737942899,103.39170741509179,103.39170741509172,31.469979768568074,777.6932647433205,199.60249211852025,210.42857096439516,1.3532598557343647,108.49252596838825,133.37892332390683,1.244319867775929,3.5527847068638367,1.7256180887365267,1.0,1.0,58.139333492148914,54.38027792625404,NOMINAL,0.6138750357709883,20.3
2906.579046457526,304.3762459809663,0.7,10000.0,0.9046425649873645,0.04035330758141919,0.0028823791129585137,14.411895564792568,124.52299479452078,21.13128737942899,103.39170741509179,103.39170741509172,31.469979768568074,777.6932647433205,199.6699441042805,210.42857096439516,1.3448283575143343,108.55466425655314,133.37892332390683,1.2412129533676848,3.5521904685904926,1.7629818563883204,1.0,1.0,58.139333492148914,54.399374109754206,NOMINAL,0.6138750357709883,20.35
2906.579046457526,304.3762459809663,0.7,10000.0,0.9046425649873645,0.04035330758141919,0.0028823791129585137,14.411895564792568,124.52299479452078,21.13128737942899,103.39170741509179,103.39170741509172,31.469979768568074,777.6932647433205,199.73697582981097,210.42857096439516,1.3364493918230238,108.61664739301804,133.37892332390683,1.2381137965444395,3.551597714057384,1.8966002616787647,1.0,1.0,58.139333492148914,54.41836211241937,NOMINAL,0.6138750357709883,20.400000000000002
2906.579046457526,304.3762459809663,0.7,10000.0,0.9046425649873645,0.04035330758141919,0.0028823791129585137,14.411895564792568,124.52299479452078,21.13128737942899,103.39170741509179,103.39170741509172,31.469979768568074,777.6932647433205,199.80358991354703,210.42857096439516,1.3281226313560168,108.67847576517777,133.37892332390683,1.2350223779364533,3.551006439559793,2.008470075079475,1.0,1.0,58.139333492148914,54.43724258130968,NOMINAL,0.6138750357709883,20.450000000000003
2906.579046457526,304.3762459809663,0.7,10000.0,0.9046425649873645,0.04035330758141919,0.0028823791129585137,14.411895564792568,124.52299479452078,21.13128737942899,103.39170741509179,103.39170741509172,31.469979768568074,777.6932647433205,199.86978895760976,210.42857096439516,1.3198477508481758,108.74014975945984,133.37892332390683,1.2319386782223496,3.550416641402252,1.999795032412459,1.0,1.0,58.139333492148914,54.45601615952107,NOMINAL,0.6138750357709883,20.5
2906.579046457526,304.3762459809663,0.7,10000.0,0.9046425649873645,0.04035330758141919,0.0028823791129585137,14.411895564792568,124.52299479452078,21.13128737942899,103.39170741509179,103.39170741509172,31.469979768568074,777.6932647433205,199.93557554790772,210.42857096439516,1.3116244270609307,108.80166976132693,133.37892332390683,1.2288626781289949,3.549828315898521,1.8782363765191288,1.0,1.0,58.139333492148914,54.474683486209805,NOMINAL,0.6138750357709883,20.55
2906.579046457526,304.3762459809663,0.7,10000.0,0.9046425649873645,0.04035330758141919,0.0028823791129585137,14.411895564792568,124.52299479452078,21.13128737942899,103.39170741509179,103.39170741509172,31.469979768568074,777.6932647433205,200.00095225423797,210.42857096439516,1.3034523387696488,108.86303615527926,133.37892332390683,1.2257943584313786,3.5492414593715624,1.7511469375835687,1.0,1.0,58.139333492148914,54.49324519661688,NOMINAL,0.6138750357709883,20.6
2906.579046457526,304.3762459809663,0.7,10000.0,0.9046425649873645,0.04035330758141919,0.0028823791129585137,14.411895564792568,124.52299479452078,21.13128737942899,103.39170741509179,103.39170741509172,31.469979768568074,777.6932647433205,200.06592163038644,210.42857096439516,1.2953311667510903,108.92424932485699,133.37892332390683,1.2227336999524923,3.548656068153522,1.7307639796323442,1.0,1.0,58.139333492148914,54.51170192209224,NOMINAL,0.6138750357709883,20.650000000000002
2906.579046457526,304.3762459809663,0.7,10000.0,0.9046425649873645,0.04035330758141919,0.0028823791129585137,14.411895564792568,124.52299479452078,21.13128737942899,103.39170741509179,103.39170741509172,31.469979768568074,777.6932647433205,200.13048621422763,210.42857096439516,1.2872605937709416,108.98530965264261,133.37892332390683,1.219680683563211,3.548072138585703,1.8350884274658787,1.0,1.0,58.139333492148914,54.530054290118834,NOMINAL,0.6138750357709883,20.700000000000003
2906.579046457526,304.3762459809663,0.7,10000.0,0.9046425649873645,0.04035330758141919,0.0028823791129585137,14.411895564792568,124.52299479452078,21.13128737942899,103.39170741509179,103.39170741509172,31.469979768568074,777.6932647433205,200.1946485278238,210.42857096439516,1.2792403045714202,109.04621752026338,133.37892332390683,1.2166352901821724,3.547489667018543,1.9719876011860547,1.0,1.0,58.139333492148914,54.54830292433655,NOMINAL,0.6138750357709883,20.75
2906.579046457526,304.3762459809663,0.7,10000.0,0.9046425649873645,0.04035330758141919,0.0028823791129585137,14.411895564792568,124.52299479452078,21.13128737942899,103.39170741509179,103.39170741509172,31.469979768568074,777.6932647433205,200.2584110775235,210.42857096439516,1.2712699858589573,109.10697330839368,133.37892332390683,1.2135975007756579,3.5469086498115936,2.0205609064192283,1.0,1.0,58.139333492148914,54.56644844456601,NOMINAL,0.6138750357709883,20.8
2906.579046457526,304.3762459809663,0.7,10000.0,0.9046425649873645,0.04035330758141919,0.0028823791129585137,14.411895564792568,124.52299479452078,21.13128737942899,103.39170741509179,103.39170741509172,31.469979768568074,777.6932647433205,200.32177635405944,210.42857096439516,1.2633493262919657,109.16757739675737,133.37892332390683,1.2105672963574734,3.546329083333495,1.9379115066564063,1.0,1.0,58.139333492148914,54.58449146683219,NOMINAL,0.6138750357709883,20.85
2906.579046457526,304.3762459809663,0.7,10000.0,0.9046425649873645,0.04035330758141919,0.0028823791129585137,14.411895564792568,124.52299479452078,21.13128737942899,103.39170741509179,103.39170741509172,31.469979768568074,777.6932647433205,200.38474683264576,210.42857096439516,1.2554780164686754,109.22803016413019,133.37892332390683,1.2075446579888323,3.545750963961954,1.7970300656418223,1.0,1.0,58.139333492148914,54.602432603387896,NOMINAL,0.6138750357709883,20.900000000000002
2906.579046457526,304.3762459809663,0.7,10000.0,0.9046425649873645,0.04035330758141919,0.0028823791129585137,14.411895564792568,124.52299479452078,21.13128737942899,103.39170741509179,103.39170741509172,31.469979768568074,777.6932647433205,200.4473249730748,210.42857096439516,1.2476557489150437,109.28833198834215,133.37892332390683,1.204529566778234,3.545174288083724,1.722334061523539,1.0,1.0,58.139333492148914,54.62027246273711,NOMINAL,0.6138750357709883,20.950000000000003
2906.579046457526,304.3762459809663,0.7,10000.0,0.9046425649873645,0.04035330758141919,0.0028823791129585137,14.411895564792568,124.52299479452078,21.13128737942899,103.39170741509179,103.39170741509172,31.469979768568074,777.6932647433205,200.50951321981316,210.42857096439516,1.2398822180727507,109.34848324627984,133.37892332390683,1.2015220038813497,3.5445990520945783,1.7797902276997448,1.0,1.0,58.139333492148914,54.63801164965821,NOMINAL,0.6138750357709883,21.0
2906.579046457526,304.3762459809663,0.7,10000.0,0.9046425649873645,0.04035330758141919,0.0028823791129585137,14.411895564792568,124.52299479452078,21.13128737942899,103.39170741509179,103.39170741509172,31.469979768568074,777.6932647433205,200.57131400209707,210.42857096439516,1.2321571202872619,109.40848431388882,133.37892332390683,1.1985219505009006,3.54402525239929,1.9186569530097115,1.0,1.0,58.139333492148914,54.65565076522694,NOMINAL,0.6138750357709883,21.05
2906.579046457526,304.3762459809663,0.7,10000.0,0.9046425649873645,0.04035330758141919,0.0028823791129585137,14.411895564792568,124.52299479452078,21.13128737942899,103.39170741509179,103.39170741509172,31.469979768568074,777.6932647433205,200.6327297340275,210.42857096439516,1.2244801537959589,109.46833556617597,133.37892332390683,1.1955293878865434,3.543452885411609,2.016296027357581,1.0,1.0,58.139333492148914,54.67319040683938,NOMINAL,0.6138750357709883,21.1
2906.579046457526,304.3762459809663,0.7,10000.0,0.9046425649873645,0.04035330758141919,0.0028823791129585137,14.411895564792568,124.52299479452078,21.13128737942899,103.39170741509179,103.39170741509172,31.469979768568074,777.6932647433205,200.69376281466427,210.42857096439516,1.216851018716362,109.52803737721179,133.37892332390683,1.1925442973347522,3.54288194755424,1.9864788651217393,1.0,1.0,58.139333492148914,54.690631168234745,NOMINAL,0.6138750357709883,21.150000000000002
2906.579046457526,304.3762459809663,0.7,10000.0,0.9046425649873645,0.04035330758141919,0.0028823791129585137,14.411895564792568,124.52299479452078,21.13128737942899,103.39170741509179,103.39170741509172,31.469979768568074,777.6932647433205,200.75441562811986,210.42857096439516,1.2092694170344132,109.5875901201328,133.37892332390683,1.1895666601887016,3.5423124352588196,1.8555380769296808,1.0,1.0,58.139333492148914,54.7079736395179,NOMINAL,0.6138750357709883,21.200000000000003
2906.579046457526,304.3762459809663,0.7,10000.0,0.9046425649873645,0.04035330758141919,0.0028823791129585137,14.411895564792568,124.52299479452078,21.13128737942899,103.39170741509179,103.39170741509172,31.469979768568074,777.6932647433205,200.8146905436525,210.42857096439516,1.2017350525928343,109.64699416714384,133.37892332390683,1.1865964578381494,3.541744344965894,1.7391121921450168,1.0,1.0,58.139333492148914,54.72521840718191,NOMINAL,0.6138750357709883,21.25
2906.579046457526,304.3762459809663,0.7,10000.0,0.9046425649873645,0.04035330758141919,0.0028823791129585137,14.411895564792568,124.52299479452078,21.13128737942899,103.39170741509179,103.39170741509172,31.469979768568074,777.6932647433205,200.87458991575872,210.42857096439516,1.1942476310795556,109.70624988952041,133.37892332390683,1.1836336717193212,3.541177673124897,1.7400211057928043,1.0,1.0,58.139333492148914,54.742366054130386,NOMINAL,0.6138750357709883,21.3
2906.579046457526,304.3762459809663,0.7,10000.0,0.9046425649873645,0.04035330758141919,0.0028823791129585137,14.411895564792568,124.52299479452078,21.13128737942899,103.39170741509179,103.39170741509172,31.469979768568074,777.6932647433205,200.9341160842654,210.42857096439516,1.186806860016219,109.76535765761095,133.37892332390683,1.1806782833147942,3.540612416194128,1.8574621234717408,1.0,1.0,58.139333492148914,54.75941715969966,NOMINAL,0.6138750357709883,21.35
2906.579046457526,304.3762459809663,0.7,10000.0,0.9046425649873645,0.04035330758141919,0.0028823791129585137,14.411895564792568,124.52299479452078,21.13128737942899,103.39170741509179,103.39170741509172,31.469979768568074,777.6932647433205,200.99327137442106,210.42857096439516,1.1794124487467634,109.82431784083921,133.37892332390683,1.1777302741533808,3.5400485706407285,1.987718849711251,1.0,1.0,58.139333492148914,54.77637229968086,NOMINAL,0.6138750357709883,21.400000000000002
2906.579046457526,304.3762459809663,0.7,10000.0,0.9046425649873645,0.04035330758141919,0.0028823791129585137,14.411895564792568,124.52299479452078,21.13128737942899,103.39170741509179,103.39170741509172,31.469979768568074,777.6932647433205,201.0520580969867,210.42857096439516,1.1720641084260564,109.88313080770654,133.37892332390683,1.1747896258100148,3.539486132940663,2.015756874912558,1.0,1.0,58.139333492148914,54.79323204634184,NOMINAL,0.6138750357709883,21.450000000000003
2906.579046457526,304.3762459809663,0.7,10000.0,0.9046425649873645,0.04035330758141919,0.0028823791129585137,14.411895564792568,124.52299479452078,21.13128737942899,103.39170741509179,103.39170741509172,31.469979768568074,777.6932647433205,201.11047854832623,210.42857096439516,1.164761552008617,109.94179692579414,133.37892332390683,1.1718563199056349,3.5389250995786936,1.9168148084857333,1.0,1.0,58.139333492148914,54.80999696844898,NOMINAL,0.6138750357709883,21.5
2906.579046457526,304.3762459809663,0.7,10000.0,0.9046425649873645,0.04035330758141919,0.0028823791129585137,14.411895564792568,124.52299479452078,21.13128737942899,103.39170741509179,103.39170741509172,31.469979768568074,777.6932647433205,201.16853501049587,210.42857096439516,1.1575044942374113,110.00031656176546,133.37892332390683,1.1689303381070686,3.53836546704836,1.7782719553200792,1.0,1.0,58.139333492148914,54.826667631288814,NOMINAL,0.6138750357709883,21.55
2906.579046457526,304.3762459809663,0.7,10000.0,0.9046425649873645,0.04035330758141919,0.0028823791129585137,14.411895564792568,124.52299479452078,21.13128737942899,103.39170741509179,103.39170741509172,31.469979768568074,777.6932647433205,201.22622975133362,210.42857096439516,1.150292651632693,110.05869008136841,133.37892332390683,1.166011662126921,3.5378072318519576,1.7224805023473069,1.0,1.0,58.139333492148914,54.84324459668959,NOMINAL,0.6138750357709883,21.6
2906.579046457526,304.3762459809663,0.7,10000.0,0.9046425649873645,0.04035330758141919,0.0028823791129585137,14.411895564792568,124.52299479452078,21.13128737942899,103.39170741509179,103.39170741509172,31.469979768568074,777.6932647433205,201.28356502454758,210.42857096439516,1.1431257424809473,110.1169178494377,133.37892332390683,1.1631002737234568,3.5372503905005135,1.7987118924993821,1.0,1.0,58.139333492148914,54.859728423042604,NOMINAL,0.6138750357709883,21.650000000000002
2906.579046457526,304.3762459809663,0.7,10000.0,0.9046425649873645,0.04035330758141919,0.0028823791129585137,14.411895564792568,124.52299479452078,21.13128737942899,103.39170741509179,103.39170741509172,31.469979768568074,777.6932647433205,201.3405430698042,210.42857096439516,1.1360034868238706,110.17500022989704,133.37892332390683,1.1601961547004898,3.5366949395137675,1.9396434376341698,1.0,1.0,58.139333492148914,54.87611966532355,NOMINAL,0.6138750357709883,21.700000000000003
2906.579046457526,304.3762459809663,0.7,10000.0,0.9046425649873645,0.04035330758141919,0.0028823791129585137,14.411895564792568,124.52299479452078,21.13128737942899,103.39170741509179,103.39170741509172,31.469979768568074,777.6932647433205,201.39716611281557,210.42857096439516,1.1289256064474493,110.2329375857615,133.37892332390683,1.1572992869072665,3.53614087542015,2.0208134108492617,1.0,1.0,58.139333492148914,54.89241887511351,NOMINAL,0.6138750357709883,21.75
2906.579046457526,304.3762459809663,0.7,10000.0,0.9046425649873645,0.04035330758141919,0.0028823791129585137,14.411895564792568,124.52299479452078,21.13128737942899,103.39170741509179,103.39170741509172,31.469979768568074,777.6932647433205,201.45343636542654,210.42857096439516,1.1218918248710779,110.29073027913977,133.37892332390683,1.1544096522383533,3.535588194756759,1.9705376833052948,1.0,1.0,58.139333492148914,54.90862660062009,NOMINAL,0.6138750357709883,21.8
2906.579046457526,304.3762459809663,0.7,10000.0,0.9046425649873645,0.04035330758141919,0.0028823791129585137,14.411895564792568,124.52299479452078,21.13128737942899,103.39170741509179,103.39170741509172,31.469979768568074,777.6932647433205,201.509356025701,210.42857096439516,1.1149018673367692,110.34837867123635,133.37892332390683,1.1515272326335242,3.5350368940693366,1.8332165620124032,1.0,1.0,58.139333492148914,54.92474338669814,NOMINAL,0.6138750357709883,21.85
2906.579046457526,304.3762459809663,0.7,10000.0,0.9046425649873645,0.04035330758141919,0.0028823791129585137,14.411895564792568,124.52299479452078,21.13128737942899,103.39170741509179,103.39170741509172,31.469979768568074,777.6932647433205,201.5649272780078,210.42857096439516,1.107955460798422,110.40588312235387,133.37892332390683,1.148652010077648,3.5344869699122534,1.7301232784528802,1.0,1.0,58.139333492148914,54.940769774870596,NOMINAL,0.6138750357709883,21.900000000000002
2906.579046457526,304.3762459809663,0.7,10000.0,0.9046425649873645,0.04035330758141919,0.0028823791129585137,14.411895564792568,124.52299479452078,21.13128737942899,103.39170741509179,103.39170741509172,31.469979768568074,777.6932647433205,201.620152293106,210.42857096439516,1.101052333911145,110.46324399189535,133.37892332390683,1.145783966600574,3.5339384188484813,1.752303226981573,1.0,1.0,58.139333492148914,54.95670630334904,NOMINAL,0.6138750357709883,21.950000000000003
2906.579046457526,304.3762459809663,0.7,10000.0,0.9046425649873645,0.04035330758141919,0.0028823791129585137,14.411895564792568,124.52299479452078,21.13128737942899,103.39170741509179,103.39170741509172,31.469979768568074,777.6932647433205,201.67503322822984,210.42857096439516,1.094192217020666,110.52046163836643,133.37892332390683,1.1429230842770202,3.5333912374495737,1.8801684956530167,1.0,1.0,58.139333492148914,54.97255350705416,NOMINAL,0.6138750357709883,22.0
2906.579046457526,304.3762459809663,0.7,10000.0,0.9046425649873645,0.04035330758141919,0.0028823791129585137,14.411895564792568,124.52299479452078,21.13128737942899,103.39170741509179,103.39170741509172,31.469979768568074,777.6932647433205,201.72957222717278,210.42857096439516,1.0873748421527978,110.57753641937755,133.37892332390683,1.140069345226464,3.5328454222956456,2.0007966572383262,1.0,1.0,58.139333492148914,54.988311917636125,NOMINAL,0.6138750357709883,22.05
2906.579046457526,304.3762459809663,0.7,10000.0,0.9046425649873645,0.04035330758141919,0.0028823791129585137,14.411895564792568,124.52299479452078,21.13128737942899,103.39170741509179,103.39170741509172,31.469979768568074,777.6932647433205,201.78377142037144,210.42857096439516,1.0805999430029658,110.6344686916463,133.37892332390683,1.1372227316130263,3.532300969975351,2.007656634613582,1.0,1.0,58.139333492148914,55.00398206349482,NOMINAL,0.6138750357709883,22.1
2906.579046457526,304.3762459809663,0.7,10000.0,0.9046425649873645,0.04035330758141919,0.0028823791129585137,14.411895564792568,124.52299479452078,21.13128737942899,103.39170741509179,103.39170741509172,31.469979768568074,777.6932647433205,201.83763292498867,210.42857096439516,1.073867254925812,110.69125881099956,133.37892332390683,1.1343832256453639,3.53175787708586,1.8946901345143543,1.0,1.0,58.139333492148914,55.019564469799874,NOMINAL,0.6138750357709883,22.150000000000002
2906.579046457526,304.3762459809663,0.7,10000.0,0.9046425649873645,0.04035330758141919,0.0028823791129585137,14.411895564792568,124.52299479452078,21.13128737942899,103.39170741509179,103.39170741509172,31.469979768568074,777.6932647433205,201.89115884499634,210.42857096439516,1.0671765149248529,110.74790713237576,133.37892332390683,1.1315508095765536,3.5312161402328415,1.7616619446682589,1.0,1.0,58.139333492148914,55.0350596585107,NOMINAL,0.6138750357709883,22.200000000000003
2906.579046457526,304.3762459809663,0.7,10000.0,0.9046425649873645,0.04035330758141919,0.0028823791129585137,14.411895564792568,124.52299479452078,21.13128737942899,103.39170741509179,103.39170741509172,31.469979768568074,777.6932647433205,201.94435127125752,210.42857096439516,1.0605274616422058,110.80441400982708,133.37892332390683,1.1287254657039874,3.5306757560304374,1.7260540540725513,1.0,1.0,58.139333492148914,55.05046814839631,NOMINAL,0.6138750357709883,22.25
2906.579046457526,304.3762459809663,0.7,10000.0,0.9046425649873645,0.04035330758141919,0.0028823791129585137,14.411895564792568,124.52299479452078,21.13128737942899,103.39170741509179,103.39170741509172,31.469979768568074,777.6932647433205,201.9972122816081,210.42857096439516,1.0539198353483812,110.86077979652173,133.37892332390683,1.1259071763692554,3.530136721101245,1.819313074276905,1.0,1.0,58.139333492148914,55.06579045505507,NOMINAL,0.6138750357709883,22.3
2906.579046457526,304.3762459809663,0.7,10000.0,0.9046425649873645,0.04035330758141919,0.0028823791129585137,14.411895564792568,124.52299479452078,21.13128737942899,103.39170741509179,103.39170741509172,31.469979768568074,777.6932647433205,202.04974394093807,210.42857096439516,1.0473533779321365,110.91700484474602,133.37892332390683,1.1230959239580407,3.529599032076294,1.9590786033373453,1.0,1.0,58.139333492148914,55.08102709093424,NOMINAL,0.6138750357709883,22.35
2906.579046457526,304.3762459809663,0.7,10000.0,0.9046425649873645,0.04035330758141919,0.0028823791129585137,14.411895564792568,124.52299479452078,21.13128737942899,103.39170741509179,103.39170741509172,31.469979768568074,777.6932647433205,202.10194830127202,210.42857096439516,1.0408278328903933,110.9730895059067,133.37892332390683,1.1202916909000067,3.529062685595027,2.021918665171775,1.0,1.0,58.139333492148914,55.09617856534952,NOMINAL,0.6138750357709883,22.400000000000002
2906.579046457526,304.3762459809663,0.7,10000.0,0.9046425649873645,0.04035330758141919,0.0028823791129585137,14.411895564792568,124.52299479452078,21.13128737942899,103.39170741509179,103.39170741509172,31.469979768568074,777.6932647433205,202.1538274018494,210.42857096439516,1.034342945318219,111.02903413053308,133.37892332390683,1.1174944596686878,3.5285276783052764,1.952336936320058,1.0,1.0,58.139333492148914,55.11124538450437,NOMINAL,0.6138750357709883,22.450000000000003
2906.579046457526,304.3762459809663,0.7,10000.0,0.9046425649873645,0.04035330758141919,0.0028823791129585137,14.411895564792568,124.52299479452078,21.13128737942899,103.39170741509179,103.39170741509172,31.469979768568074,777.6932647433205,202.2053832692042,210.42857096439516,1.0278984618988716,111.08483906827924,133.37892332390683,1.1147042127813798,3.5279940068632447,1.81178354936529,1.0,1.0,58.139333492148914,55.12622805150926,NOMINAL,0.6138750357709883,22.5
2906.579046457526,304.3762459809663,0.7,10000.0,0.9046425649873645,0.04035330758141919,0.0028823791129585137,14.411895564792568,124.52299479452078,21.13128737942899,103.39170741509179,103.39170741509172,31.469979768568074,777.6932647433205,202.256617917244,210.42857096439516,1.0214941308938954,111.14050466792624,133.37892332390683,1.1119209327990298,3.5274616679334834,1.7243862660921712,1.0,1.0,58.139333492148914,55.14112706640077,NOMINAL,0.6138750357709883,22.55
2906.579046457526,304.3762459809663,0.7,10000.0,0.9046425649873645,0.04035330758141919,0.0028823791129585137,14.411895564792568,124.52299479452078,21.13128737942899,103.39170741509179,103.39170741509172,31.469979768568074,777.6932647433205,202.3075333473288,210.42857096439516,1.0151297021332937,111.19603127738424,133.37892332390683,1.1091446023261298,3.526930658188873,1.7673287772940962,1.0,1.0,58.139333492148914,55.15594292616063,NOMINAL,0.6138750357709883,22.6
2906.579046457526,304.3762459809663,0.7,10000.0,0.9046425649873645,0.04035330758141919,0.0028823791129585137,14.411895564792568,124.52299479452078,21.13128737942899,103.39170741509179,103.39170741509172,31.469979768568074,777.6932647433205,202.35813154834906,210.42857096439516,1.0088049270057624,111.25141924369474,133.37892332390683,1.1063752040106045,3.5264009743106004,1.9026870036129377,1.0,1.0,58.139333492148914,55.17067612473457,NOMINAL,0.6138750357709883,22.650000000000002
2906.579046457526,304.3762459809663,0.7,10000.0,0.9046425649873645,0.04035330758141919,0.0028823791129585137,14.411895564792568,124.52299479452078,21.13128737942899,103.39170741509179,103.39170741509172,31.469979768568074,777.6932647433205,202.40841449680343,210.42857096439516,1.0025195584489666,111.30666891303271,133.37892332390683,1.103612720543706,3.5258726129881404,2.0109212168642614,1.0,1.0,58.139333492148914,55.1853271530511,NOMINAL,0.6138750357709883,22.700000000000003
2906.579046457526,304.3762459809663,0.7,10000.0,0.9046425649873645,0.04035330758141919,0.0028823791129585137,14.411895564792568,124.52299479452078,21.13128737942899,103.39170741509179,103.39170741509172,31.469979768568074,777.6932647433205,202.45838415687598,210.42857096439516,0.996273350939898,111.36178063070876,133.37892332390683,1.1008571346599034,3.525345570919232,1.9964458823947107,1.0,1.0,58.139333492148914,55.19989649904015,NOMINAL,0.6138750357709883,22.75
2906.579046457526,304.3762459809663,0.7,10000.0,0.9046425649873645,0.04035330758141919,0.0028823791129585137,14.411895564792568,124.52299479452078,21.13128737942899,103.39170741509179,103.39170741509172,31.469979768568074,777.6932647433205,202.5080424805129,210.42857096439516,0.9900660604852831,111.41675474117132,133.37892332390683,1.0981084291367758,3.524819844809861,1.8720446897881482,1.0,1.0,58.139333492148914,55.214384647651585,NOMINAL,0.6138750357709883,22.8
2906.579046457526,304.3762459809663,0.7,10000.0,0.9046425649873645,0.04035330758141919,0.0028823791129585137,14.411895564792568,124.52299479452078,21.13128737942899,103.39170741509179,103.39170741509172,31.469979768568074,777.6932647433205,202.55739140749876,210.42857096439516,0.983897444612051,111.47159158800874,133.37892332390683,1.095366586794905,3.524295431374238,1.7475808158495836,1.0,1.0,58.139333492148914,55.22879208087367,NOMINAL,0.6138750357709883,22.85
2906.579046457526,304.3762459809663,0.7,10000.0,0.9046425649873645,0.04035330758141919,0.0028823791129585137,14.411895564792568,124.52299479452078,21.13128737942899,103.39170741509179,103.39170741509172,31.469979768568074,777.6932647433205,202.60643286553233,210.42857096439516,0.9777672623578546,111.52629151395149,133.37892332390683,1.092631590497767,3.5237723273347767,1.7329727935272456,1.0,1.0,58.139333492148914,55.24311927775132,NOMINAL,0.6138750357709883,22.900000000000002
2906.579046457526,304.3762459809663,0.7,10000.0,0.9046425649873645,0.04035330758141919,0.0028823791129585137,14.411895564792568,124.52299479452078,21.13128737942899,103.39170741509179,103.39170741509172,31.469979768568074,777.6932647433205,202.65516877030177,210.42857096439516,0.9716752742616741,111.5808548608743,133.37892332390683,1.0899034231516267,3.5232505294220755,1.841121493829972,1.0,1.0,58.139333492148914,55.25736671440434,NOMINAL,0.6138750357709883,22.950000000000003
2906.579046457526,304.3762459809663,0.7,10000.0,0.9046425649873645,0.04035330758141919,0.0028823791129585137,14.411895564792568,124.52299479452078,21.13128737942899,103.39170741509179,103.39170741509172,31.469979768568074,777.6932647433205,202.70360102555958,210.42857096439516,0.9656212423544481,111.63528196979826,133.37892332390683,1.0871820677054287,3.522730034374895,1.9765169016720294,1.0,1.0,58.139333492148914,55.27153486404547,NOMINAL,0.6138750357709883,23.0
2906.579046457526,304.3762459809663,0.7,10000.0,0.9046425649873645,0.04035330758141919,0.0028823791129585137,14.411895564792568,124.52299479452078,21.13128737942899,103.39170741509179,103.39170741509172,31.469979768568074,777.6932647433205,202.75173152319687,210.42857096439516,0.9596049301497871,111.68957318089298,133.37892332390683,1.0844675071506926,3.5222108389401408,2.019586452524826,1.0,1.0,58.139333492148914,55.28562419699833,NOMINAL,0.6138750357709883,23.05
2906.579046457526,304.3762459809663,0.7,10000.0,0.9046425649873645,0.04035330758141919,0.0028823791129585137,14.411895564792568,124.52299479452078,21.13128737942899,103.39170741509179,103.39170741509172,31.469979768568074,777.6932647433205,202.79956214331733,210.42857096439516,0.953626102634729,111.7437288334787,133.37892332390683,1.0817597245214068,3.521692939872838,1.9322938737366249,1.0,1.0,58.139333492148914,55.29963518071531,NOMINAL,0.6138750357709883,23.1
2906.579046457526,304.3762459809663,0.7,10000.0,0.9046425649873645,0.04035330758141919,0.0028823791129585137,14.411895564792568,124.52299479452078,21.13128737942899,103.39170741509179,103.39170741509172,31.469979768568074,777.6932647433205,202.84709475431066,210.42857096439516,0.9476845262605629,111.79774926602842,133.37892332390683,1.0790587028939207,3.521176333936118,1.7917303877964088,1.0,1.0,58.139333492148914,55.313568279795334,NOMINAL,0.6138750357709883,23.150000000000002
2906.579046457526,304.3762459809663,0.7,10000.0,0.9046425649873645,0.04035330758141919,0.0028823791129585137,14.411895564792568,124.52299479452078,21.13128737942899,103.39170741509179,103.39170741509172,31.469979768568074,777.6932647433205,202.8943312129255,210.42857096439516,0.9417799689337087,111.85163481617003,133.37892332390683,1.0763644253868399,3.52066101790119,1.722032675266478,1.0,1.0,58.139333492148914,55.3274239560014,NOMINAL,0.6138750357709883,23.200000000000003
2906.579046457526,304.3762459809663,0.7,10000.0,0.9046425649873645,0.04035330758141919,0.0028823791129585137,14.411895564792568,124.52299479452078,21.13128737942899,103.39170741509179,103.39170741509172,31.469979768568074,777.6932647433205,202.941273364342,210.42857096439516,0.9359122000066442,111.9053858206884,133.37892332390683,1.0736768751609218,3.5201469885473275,1.784753298097087,1.0,1.0,58.139333492148914,55.341202668278186,NOMINAL,0.6138750357709883,23.25
2906.579046457526,304.3762459809663,0.7,10000.0,0.9046425649873645,0.04035330758141919,0.0028823791129585137,14.411895564792568,124.52299479452078,21.13128737942899,103.39170741509179,103.39170741509172,31.469979768568074,777.6932647433205,202.98792304224398,210.42857096439516,0.9300809902688982,111.95900261552747,133.37892332390683,1.0709960354189683,3.519634242661846,1.9245014137167131,1.0,1.0,58.139333492148914,55.35490487276945,NOMINAL,0.6138750357709883,23.3
2906.579046457526,304.3762459809663,0.7,10000.0,0.9046425649873645,0.04035330758141919,0.0028823791129585137,14.411895564792568,124.52299479452078,21.13128737942899,103.39170741509179,103.39170741509172,31.469979768568074,777.6932647433205,203.03428206889038,210.42857096439516,0.9242861119380983,112.01248553579238,133.37892332390683,1.0683218894057227,3.519122777040082,2.017860424480372,1.0,1.0,58.139333492148914,55.368531022835306,NOMINAL,0.6138750357709883,23.35
2906.579046457526,304.3762459809663,0.7,10000.0,0.9046425649873645,0.04035330758141919,0.0028823791129585137,14.411895564792568,124.52299479452078,21.13128737942899,103.39170741509179,103.39170741509172,31.469979768568074,777.6932647433205,203.08035225518657,210.42857096439516,0.9185273386510744,112.06583491575157,133.37892332390683,1.0656544204077634,3.5186125884853734,1.9823816231778533,1.0,1.0,58.139333492148914,55.38208156906942,NOMINAL,0.6138750357709883,23.400000000000002
2906.579046457526,304.3762459809663,0.7,10000.0,0.9046425649873645,0.04035330758141919,0.0028823791129585137,14.411895564792568,124.52299479452078,21.13128737942899,103.39170741509179,103.39170741509172,31.469979768568074,777.6932647433205,203.12613540075506,210.42857096439516,0.9128044454550128,112.11905108883883,133.37892332390683,1.0629936117534,3.51810367380904,1.8493976179507883,1.0,1.0,58.139333492148914,55.39555695931614,NOMINAL,0.6138750357709883,23.450000000000003
2906.579046457526,304.3762459809663,0.7,10000.0,0.9046425649873645,0.04035330758141919,0.0028823791129585137,14.411895564792568,124.52299479452078,21.13128737942899,103.39170741509179,103.39170741509172,31.469979768568074,777.6932647433205,203.1716332940058,210.42857096439516,0.9071172087986703,112.17213438765542,133.37892332390683,1.0603394468125706,3.5175960298303637,1.7363513767671583,1.0,1.0,58.139333492148914,55.40895763868747,NOMINAL,0.6138750357709883,23.5
2906.579046457526,304.3762459809663,0.7,10000.0,0.9046425649873645,0.04035330758141919,0.0028823791129585137,14.411895564792568,124.52299479452078,21.13128737942899,103.39170741509179,103.39170741509172,31.469979768568074,777.6932647433205,203.21684771220603,210.42857096439516,0.9014654065236414,112.22508514397212,133.37892332390683,1.0576919089967354,3.5170896533765674,1.7430781095802708,1.0,1.0,58.139333492148914,55.42228404957989,NOMINAL,0.6138750357709883,23.55
2906.579046457526,304.3762459809663,0.7,10000.0,0.9046425649873645,0.04035330758141919,0.0028823791129585137,14.411895564792568,124.52299479452078,21.13128737942899,103.39170741509179,103.39170741509172,31.469979768568074,777.6932647433205,203.2617804215497,210.42857096439516,0.8958488178556827,112.27790368873134,133.37892332390683,1.0550509817587745,3.5165845412827976,1.8636371962006204,1.0,1.0,58.139333492148914,55.43553663169123,NOMINAL,0.6138750357709883,23.6
2906.579046457526,304.3762459809663,0.7,10000.0,0.9046425649873645,0.04035330758141919,0.0028823791129585137,14.411895564792568,124.52299479452078,21.13128737942899,103.39170741509179,103.39170741509172,31.469979768568074,777.6932647433205,203.3064331772265,210.42857096439516,0.8902672233960836,112.33059035204914,133.37892332390683,1.0524166485928845,3.5160806903921014,1.9915585620953662,1.0,1.0,58.139333492148914,55.44871582203725,NOMINAL,0.6138750357709883,23.650000000000002
2906.579046457526,304.3762459809663,0.7,10000.0,0.9046425649873645,0.04035330758141919,0.0028823791129585137,14.411895564792568,124.52299479452078,21.13128737942899,103.39170741509179,103.39170741509172,31.469979768568074,777.6932647433205,203.35080772349036,210.42857096439516,0.8847204051131001,112.38314546321736,133.37892332390683,1.0497888930344736,3.5155780975554087,2.0138702385562413,1.0,1.0,58.139333492148914,55.46182205496828,NOMINAL,0.6138750357709883,23.700000000000003
2906.579046457526,304.3762459809663,0.7,10000.0,0.9046425649873645,0.04035330758141919,0.0028823791129585137,14.411895564792568,124.52299479452078,21.13128737942899,103.39170741509179,103.39170741509172,31.469979768568074,777.6932647433205,203.39490579372765,210.42857096439516,0.8792081463334398,112.4355693507056,133.37892332390683,1.0471676986600613,3.5150767596315133,1.9108679799525774,1.0,1.0,58.139333492148914,55.47485576218562,NOMINAL,0.6138750357709883,23.75
2906.579046457526,304.3762459809663,0.7,10000.0,0.9046425649873645,0.04035330758141919,0.0028823791129585137,14.411895564792568,124.52299479452078,21.13128737942899,103.39170741509179,103.39170741509172,31.469979768568074,777.6932647433205,203.43872911052483,210.42857096439516,0.8737302317337914,112.48786234216334,133.37892332390683,1.0445530490871746,3.5145766734870514,1.773516793220743,1.0,1.0,58.139333492148914,55.487817372757945,NOMINAL,0.6138750357709883,23.8
2906.579046457526,304.3762459809663,0.7,10000.0,0.9046425649873645,0.04035330758141919,0.0028823791129585137,14.411895564792568,124.52299479452078,21.13128737942899,103.39170741509179,103.39170741509172,31.469979768568074,777.6932647433205,203.4822793857358,210.42857096439516,0.8682864473324194,112.54002476442193,133.37892332390683,1.0419449279742452,3.514077835996483,1.7231164617152095,1.0,1.0,58.139333492148914,55.50070731313754,NOMINAL,0.6138750357709883,23.85
2906.579046457526,304.3762459809663,0.7,10000.0,0.9046425649873645,0.04035330758141919,0.0028823791129585137,14.411895564792568,124.52299479452078,21.13128737942899,103.39170741509179,103.39170741509172,31.469979768568074,777.6932647433205,203.52555832054873,210.42857096439516,0.8628765804808047,112.59205694349669,133.37892332390683,1.0393433190205073,3.5135802440420725,1.804177334695756,1.0,1.0,58.139333492148914,55.513526007176495,NOMINAL,0.6138750357709883,23.900000000000002
2906.579046457526,304.3762459809663,0.7,10000.0,0.9046425649873645,0.04035330758141919,0.0028823791129585137,14.411895564792568,124.52299479452078,21.13128737942899,103.39170741509179,103.39170741509172,31.469979768568074,777.6932647433205,203.5685676055525,210.42857096439516,0.8575004198553344,112.64395920458891,133.37892332390683,1.0367482059658961,3.513083894513868,1.94511163367229,1.0,1.0,58.139333492148914,55.5262738761427,NOMINAL,0.6138750357709883,23.950000000000003
2906.579046457526,304.3762459809663,0.7,10000.0,0.9046425649873645,0.04035330758141919,0.0028823791129585137,14.411895564792568,124.52299479452078,21.13128737942899,103.39170741509179,103.39170741509172,31.469979768568074,777.6932647433205,203.61130892080277,210.42857096439516,0.8521577554490491,112.69573187208789,133.37892332390683,1.0341595725909472,3.5125887843096835,2.0214551997255272,1.0,1.0,58.139333492148914,55.53895133873589,NOMINAL,0.6138750357709883,24.0
2906.579046457526,304.3762459809663,0.7,10000.0,0.9046425649873645,0.04035330758141919,0.0028823791129585137,14.411895564792568,124.52299479452078,21.13128737942899,103.39170741509179,103.39170741509172,31.469979768568074,777.6932647433205,203.65378393588762,210.42857096439516,0.8468483785634433,112.74737526957297,133.37892332390683,1.031577402716693,3.5120949103350783,1.9657862781319728,1.0,1.0,58.139333492148914,55.55155881110342,NOMINAL,0.6138750357709883,24.05
2906.579046457526,304.3762459809663,0.7,10000.0,0.9046425649873645,0.04035330758141919,0.0028823791129585137,14.411895564792568,124.52299479452078,21.13128737942899,103.39170741509179,103.39170741509172,31.469979768568074,777.6932647433205,203.6959943099927,210.42857096439516,0.8415720818003081,112.79888971981555,133.37892332390683,1.0290016802045643,3.511602269503339,1.82726809994617,1.0,1.0,58.139333492148914,55.56409670685607,NOMINAL,0.6138750357709883,24.1
2906.579046457526,304.3762459809663,0.7,10000.0,0.9046425649873645,0.04035330758141919,0.0028823791129585137,14.411895564792568,124.52299479452078,21.13128737942899,103.39170741509179,103.39170741509172,31.469979768568074,777.6932647433205,203.73794169196614,210.42857096439516,0.8363286590536276,112.8502755447811,133.37892332390683,1.0264323889562867,3.5111108587354583,1.7282310607363267,1.0,1.0,58.139333492148914,55.57656543708374,NOMINAL,0.6138750357709883,24.150000000000002
2906.579046457526,304.3762459809663,0.7,10000.0,0.9046425649873645,0.04035330758141919,0.0028823791129585137,14.411895564792568,124.52299479452078,21.13128737942899,103.39170741509179,103.39170741509172,31.469979768568074,777.6932647433205,203.77962772038288,210.42857096439516,0.8311179055015359,112.90153306563121,133.37892332390683,1.023869512913781,3.510620674960118,1.7561383392786725,1.0,1.0,58.139333492148914,55.588965410370925,NOMINAL,0.6138750357709883,24.200000000000003
2906.579046457526,304.3762459809663,0.7,10000.0,0.9046425649873645,0.04035330758141919,0.0028823791129585137,14.411895564792568,124.52299479452078,21.13128737942899,103.39170741509179,103.39170741509172,31.469979768568074,777.6932647433205,203.8210540236087,210.42857096439516,0.8259396175983085,112.95266260272555,133.37892332390683,1.0213130360590639,3.5101317151136673,1.8863440120707495,1.0,1.0,58.139333492148914,55.60129703281228,NOMINAL,0.6138750357709883,24.25
2906.579046457526,304.3762459809663,0.7,10000.0,0.9046425649873645,0.04035330758141919,0.0028823791129585137,14.411895564792568,124.52299479452078,21.13128737942899,103.39170741509179,103.39170741509172,31.469979768568074,777.6932647433205,203.8622222198638,210.42857096439516,0.8207935930664192,113.00366447562389,133.37892332390683,1.0187629424141469,3.5096439761401057,2.0038587566528885,1.0,1.0,58.139333492148914,55.61356070802794,NOMINAL,0.6138750357709883,24.3
2906.579046457526,304.3762459809663,0.7,10000.0,0.9046425649873645,0.04035330758141919,0.0028823791129585137,14.411895564792568,124.52299479452078,21.13128737942899,103.39170741509179,103.39170741509172,31.469979768568074,777.6932647433205,203.90313391728614,210.42857096439516,0.8156796308886278,113.05453900308811,133.37892332390683,1.0162192160409362,3.5091574549910627,2.004901066669109,1.0,1.0,58.139333492148914,55.62575683717883,NOMINAL,0.6138750357709883,24.35
2906.579046457526,304.3762459809663,0.7,10000.0,0.9046425649873645,0.04035330758141919,0.0028823791129585137,14.411895564792568,124.52299479452078,21.13128737942899,103.39170741509179,103.39170741509172,31.469979768568074,777.6932647433205,203.94379071399408,210.42857096439516,0.8105975313001359,113.10528650308416,133.37892332390683,1.0136818410411337,3.5086721486257804,1.8885504405776001,1.0,1.0,58.139333492148914,55.63788581898179,NOMINAL,0.6138750357709883,24.400000000000002
2906.579046457526,304.3762459809663,0.7,10000.0,0.9046425649873645,0.04035330758141919,0.0028823791129585137,14.411895564792568,124.52299479452078,21.13128737942899,103.39170741509179,103.39170741509172,31.469979768568074,777.6932647433205,203.9841941981489,210.42857096439516,0.8055470957807813,113.15590729278408,133.37892332390683,1.0111508015561377,3.5081880540110917,1.7575603097389596,1.0,1.0,58.139333492148914,55.649948049724756,NOMINAL,0.6138750357709883,24.450000000000003
2906.579046457526,304.3762459809663,0.7,10000.0,0.9046425649873645,0.04035330758141919,0.0028823791129585137,14.411895564792568,124.52299479452078,21.13128737942899,103.39170741509179,103.39170741509172,31.469979768568074,777.6932647433205,204.02434594801687,210.42857096439516,0.8005281270472864,113.20640168856798,133.37892332390683,1.0086260817669426,3.507705168121404,1.727612779786135,1.0,1.0,58.139333492148914,55.66194392328168,NOMINAL,0.6138750357709883,24.5
2906.579046457526,304.3762459809663,0.7,10000.0,0.9046425649873645,0.04035330758141919,0.0028823791129585137,14.411895564792568,124.52299479452078,21.13128737942899,103.39170741509179,103.39170741509172,31.469979768568074,777.6932647433205,204.0642475320308,210.42857096439516,0.7955404290455448,113.25677000602599,133.37892332390683,1.0061076658940422,3.507223487938679,1.8251555937767785,1.0,1.0,58.139333492148914,55.67387383112745,NOMINAL,0.6138750357709883,24.55
2906.579046457526,304.3762459809663,0.7,10000.0,0.9046425649873645,0.04035330758141919,0.0028823791129585137,14.411895564792568,124.52299479452078,21.13128737942899,103.39170741509179,103.39170741509172,31.469979768568074,777.6932647433205,204.10390050885138,210.42857096439516,0.7905838069429727,113.30701255996026,133.37892332390683,1.0035955381973287,3.5067430104524138,1.9640451770796061,1.0,1.0,58.139333492148914,55.68573816235271,NOMINAL,0.6138750357709883,24.6
2906.579046457526,304.3762459809663,0.7,10000.0,0.9046425649873645,0.04035330758141919,0.0028823791129585137,14.411895564792568,124.52299479452078,21.13128737942899,103.39170741509179,103.39170741509172,31.469979768568074,777.6932647433205,204.1433064274281,210.42857096439516,0.7856580671208846,113.35712966438692,133.37892332390683,1.0010896829759957,3.506263732659623,2.02162313288152,1.0,1.0,58.139333492148914,55.697537303678615,NOMINAL,0.6138750357709883,24.650000000000002
2906.579046457526,304.3762459809663,0.7,10000.0,0.9046425649873645,0.04035330758141919,0.0028823791129585137,14.411895564792568,124.52299479452078,21.13128737942899,103.39170741509179,103.39170741509172,31.469979768568074,777.6932647433205,204.1824668270596,210.42857096439516,0.7807630171669437,113.40712163253804,133.37892332390683,0.9985900845684398,3.505785651564817,1.947040293214272,1.0,1.0,58.139333492148914,55.70927163947135,NOMINAL,0.6138750357709883,24.700000000000003
2906.579046457526,304.3762459809663,0.7,10000.0,0.9046425649873645,0.04035330758141919,0.0028823791129585137,14.411895564792568,124.52299479452078,21.13128737942899,103.39170741509179,103.39170741509172,31.469979768568074,777.6932647433205,204.22138323745403,210.42857096439516,0.7758984658676411,113.45698877686357,133.37892332390683,0.9960967273521633,3.5053087641799903,1.8061634518700023,1.0,1.0,58.139333492148914,55.72094155175679,NOMINAL,0.6138750357709883,24.75
2906.579046457526,304.3762459809663,0.7,10000.0,0.9046425649873645,0.04035330758141919,0.0028823791129585137,14.411895564792568,124.52299479452078,21.13128737942899,103.39170741509179,103.39170741509172,31.469979768568074,777.6932647433205,204.2600571787886,210.42857096439516,0.7710642232008205,113.50673140903334,133.37892332390683,0.9936095957436748,3.504833067524593,1.7234060248626024,1.0,1.0,58.139333492148914,55.73254742023487,NOMINAL,0.6138750357709883,24.8
2906.579046457526,304.3762459809663,0.7,10000.0,0.9046425649873645,0.04035330758141919,0.0028823791129585137,14.411895564792568,124.52299479452078,21.13128737942899,103.39170741509179,103.39170741509172,31.469979768568074,777.6932647433205,204.29849016176905,210.42857096439516,0.7662601003282639,113.55634983993895,133.37892332390683,0.9911286741983943,3.5043585586255204,1.7718540786895098,1.0,1.0,58.139333492148914,55.74408962229396,NOMINAL,0.6138750357709883,24.85
2906.579046457526,304.3762459809663,0.7,10000.0,0.9046425649873645,0.04035330758141919,0.0028823791129585137,14.411895564792568,124.52299479452078,21.13128737942899,103.39170741509179,103.39170741509172,31.469979768568074,777.6932647433205,204.33668368768866,210.42857096439516,0.7614859095883126,113.60584437969575,133.37892332390683,0.988653947210554,3.50388523451709,1.9087213908720881,1.0,1.0,58.139333492148914,55.75556853302514,NOMINAL,0.6138750357709883,24.900000000000002
2906.579046457526,304.3762459809663,0.7,10000.0,0.9046425649873645,0.04035330758141919,0.0028823791129585137,14.411895564792568,124.52299479452078,21.13128737942899,103.39170741509179,103.39170741509172,31.469979768568074,777.6932647433205,204.37463924848691,210.42857096439516,0.7567414644885311,113.65521533764479,133.37892332390683,0.9861853993131021,3.5034130922410247,2.013135505109821,1.0,1.0,58.139333492148914,55.76698452523637,NOMINAL,0.6138750357709883,24.950000000000003
2906.579046457526,304.3762459809663,0.7,10000.0,0.9046425649873645,0.04035330758141919,0.0028823791129585137,14.411895564792568,124.52299479452078,21.13128737942899,103.39170741509179,103.39170741509172,31.469979768568074,777.6932647433205,204.41235832680772,210.42857096439516,0.7520265796984305,113.70446302235472,133.37892332390683,0.9837230150776058,3.5029421288464335,1.9928845538705966,1.0,1.0,58.139333492148914,55.77833796946657,NOMINAL,0.6138750357709883,25.0
2906.579046457526,304.3762459809663,0.7,10000.0,0.9046425649873645,0.04035330758141919,0.0028823791129585137,14.411895564792568,124.52299479452078,21.13128737942899,103.39170741509179,103.39170741509172,31.469979768568074,777.6932647433205,204.4498423960574,210.42857096439516,0.7473410710422215,113.7535877416237,133.37892332390683,0.9812667791141564,3.5024723413897942,1.86585288206988,1.0,1.0,58.139333492148914,55.78962923399967,NOMINAL,0.6138750357709883,25.05
2906.579046457526,304.3762459809663,0.7,10000.0,0.9046425649873645,0.04035330758141919,0.0028823791129585137,14.411895564792568,124.52299479452078,21.13128737942899,103.39170741509179,103.39170741509172,31.469979768568074,777.6932647433205,204.48709292046212,210.42857096439516,0.7426847554916307,113.80258980248142,133.37892332390683,0.9788166760712705,3.5020037269349333,1.7442267374956233,1.0,1.0,58.139333492148914,55.800858684878456,NOMINAL,0.6138750357709883,25.1
2906.579046457526,304.3762459809663,0.7,10000.0,0.9046425649873645,0.04035330758141919,0.0028823791129585137,14.411895564792568,124.52299479452078,21.13128737942899,103.39170741509179,103.39170741509172,31.469979768568074,777.6932647433205,204.52411135512526,210.42857096439516,0.7380574511587383,113.8514695111909,133.37892332390683,0.9763726906357967,3.5015362825530087,1.7354185520182086,1.0,1.0,58.139333492148914,55.81202668591844,NOMINAL,0.6138750357709883,25.150000000000002
2906.579046457526,304.3762459809663,0.7,10000.0,0.9046425649873645,0.04035330758141919,0.0028823791129585137,14.411895564792568,124.52299479452078,21.13128737942899,103.39170741509179,103.39170741509172,31.469979768568074,777.6932647433205,204.56089914608413,210.42857096439516,0.7334589772888798,113.90022717325049,133.37892332390683,0.9739348075328174,3.501070005322492,1.847207151693527,1.0,1.0,58.139333492148914,55.82313359872162,NOMINAL,0.6138750357709883,25.200000000000003
2906.579046457526,304.3762459809663,0.7,10000.0,0.9046425649873645,0.04035330758141919,0.0028823791129585137,14.411895564792568,124.52299479452078,21.13128737942899,103.39170741509179,103.39170741509172,31.469979768568074,777.6932647433205,204.5974577303665,210.42857096439516,0.7288891542535829,113.94886309339573,133.37892332390683,0.9715030115255552,3.5006048923291484,1.9808679951122108,1.0,1.0,58.139333492148914,55.83417978269009,NOMINAL,0.6138750357709883,25.25
2906.579046457526,304.3762459809663,0.7,10000.0,0.9046425649873645,0.04035330758141919,0.0028823791129585137,14.411895564792568,124.52299479452078,21.13128737942899,103.39170741509179,103.39170741509172,31.469979768568074,777.6932647433205,204.6337885360467,210.42857096439516,0.7243478035435587,113.99737757560128,133.37892332390683,0.9690772874152778,3.500140940666021,2.018360374104377,1.0,1.0,58.139333492148914,55.845165595039674,NOMINAL,0.6138750357709883,25.3
2906.579046457526,304.3762459809663,0.7,10000.0,0.9046425649873645,0.04035330758141919,0.0028823791129585137,14.411895564792568,124.52299479452078,21.13128737942899,103.39170741509179,103.39170741509172,31.469979768568074,777.6932647433205,204.66989298230143,210.42857096439516,0.7198347477617162,114.04577092308281,133.37892332390683,0.9666576200412009,3.4996781474334098,1.9265734174984372,1.0,1.0,58.139333492148914,55.856091390813354,NOMINAL,0.6138750357709883,25.35
2906.579046457526,304.3762459809663,0.7,10000.0,0.9046425649873645,0.04035330758141919,0.0028823791129585137,14.411895564792568,124.52299479452078,21.13128737942899,103.39170741509179,103.39170741509172,31.469979768568074,777.6932647433205,204.70577247946525,210.42857096439516,0.7153498106162388,114.09404343829891,133.37892332390683,0.9642439942803961,3.4992165097388557,1.7865674948186276,1.0,1.0,58.139333492148914,55.86695752289471,NOMINAL,0.6138750357709883,25.400000000000002
2906.579046457526,304.3762459809663,0.7,10000.0,0.9046425649873645,0.04035330758141919,0.0028823791129585137,14.411895564792568,124.52299479452078,21.13128737942899,103.39170741509179,103.39170741509172,31.469979768568074,777.6932647433205,204.74142842908557,210.42857096439516,0.7108928169136988,114.14219542295294,133.37892332390683,0.9618363950476947,3.4987560246971214,1.7219868824165407,1.0,1.0,58.139333492148914,55.87776434202125,NOMINAL,0.6138750357709883,25.450000000000003
2906.579046457526,304.3762459809663,0.7,10000.0,0.9046425649873645,0.04035330758141919,0.0028823791129585137,14.411895564792568,124.52299479452078,21.13128737942899,103.39170741509179,103.39170741509172,31.469979768568074,777.6932647433205,204.77686222397745,210.42857096439516,0.7064635925522147,114.19022717799497,133.37892332390683,0.9594348072955932,3.498296689430174,1.7898650466912254,1.0,1.0,58.139333492148914,55.88851219679762,NOMINAL,0.6138750357709883,25.5
2906.579046457526,304.3762459809663,0.7,10000.0,0.9046425649873645,0.04035330758141919,0.0028823791129585137,14.411895564792568,124.52299479452078,21.13128737942899,103.39170741509179,103.39170741509172,31.469979768568074,777.6932647433205,204.812075248278,210.42857096439516,0.7020619645146446,114.23813900362363,133.37892332390683,0.9570392160141601,3.4978385010671675,1.9302563343359975,1.0,1.0,58.139333492148914,55.89920143370881,NOMINAL,0.6138750357709883,25.55
2906.579046457526,304.3762459809663,0.7,10000.0,0.9046425649873645,0.04035330758141919,0.0028823791129585137,14.411895564792568,124.52299479452078,21.13128737942899,103.39170741509179,103.39170741509172,31.469979768568074,777.6932647433205,204.8470688775005,210.42857096439516,0.6976877608618324,114.28593119928797,133.37892332390683,0.954649606230943,3.4973814567444217,2.0191761393095597,1.0,1.0,58.139333492148914,55.909832397133165,NOMINAL,0.6138750357709883,25.6
2906.579046457526,304.3762459809663,0.7,10000.0,0.9046425649873645,0.04035330758141919,0.0028823791129585137,14.411895564792568,124.52299479452078,21.13128737942899,103.39170741509179,103.39170741509172,31.469979768568074,777.6932647433205,204.881844478588,210.42857096439516,0.6933408107258963,114.33360406368939,133.37892332390683,0.952265963010872,3.496925553605409,1.9780961770308592,1.0,1.0,58.139333492148914,55.92040542935543,NOMINAL,0.6138750357709883,25.650000000000002
2906.579046457526,304.3762459809663,0.7,10000.0,0.9046425649873645,0.04035330758141919,0.0028823791129585137,14.411895564792568,124.52299479452078,21.13128737942899,103.39170741509179,103.39170741509172,31.469979768568074,777.6932647433205,204.91640340996685,210.42857096439516,0.6890209443035396,114.38115789478344,133.37892332390683,0.9498882714561695,3.4964707888007327,1.8432956427742218,1.0,1.0,58.139333492148914,55.93092087057965,NOMINAL,0.6138750357709883,25.700000000000003
2906.579046457526,304.3762459809663,0.7,10000.0,0.9046425649873645,0.04035330758141919,0.0028823791129585137,14.411895564792568,124.52299479452078,21.13128737942899,103.39170741509179,103.39170741509172,31.469979768568074,777.6932647433205,204.95074702159968,210.42857096439516,0.6847279928494352,114.4285929897817,133.37892332390683,0.9475165167062564,3.4960171594881118,1.7338217467642092,1.0,1.0,58.139333492148914,55.941379058941976,NOMINAL,0.6138750357709883,25.75
2906.579046457526,304.3762459809663,0.7,10000.0,0.9046425649873645,0.04035330758141919,0.0028823791129585137,14.411895564792568,124.52299479452078,21.13128737942899,103.39170741509179,103.39170741509172,31.469979768568074,777.6932647433205,204.98487665503822,210.42857096439516,0.6804617886696178,114.4759096451537,133.37892332390683,0.9451506839376563,3.4955646628323613,1.7463548321783637,1.0,1.0,58.139333492148914,55.951780330523505,NOMINAL,0.6138750357709883,25.8
2906.579046457526,304.3762459809663,0.7,10000.0,0.9046425649873645,0.04035330758141919,0.0028823791129585137,14.411895564792568,124.52299479452078,21.13128737942899,103.39170741509179,103.39170741509172,31.469979768568074,777.6932647433205,205.01879364347562,210.42857096439516,0.6762221651149432,114.52310815662868,133.37892332390683,0.9427907583639076,3.495113296005376,1.8698264795751696,1.0,1.0,58.139333492148914,55.96212501936285,NOMINAL,0.6138750357709883,25.85
2906.579046457526,304.3762459809663,0.7,10000.0,0.9046425649873645,0.04035330758141919,0.0028823791129585137,14.411895564792568,124.52299479452078,21.13128737942899,103.39170741509179,103.39170741509172,31.469979768568074,777.6932647433205,205.05249931179853,210.42857096439516,0.6720089565745795,114.57018881919747,133.37892332390683,0.9404367252354682,3.4946630561861114,1.995194427026829,1.0,1.0,58.139333492148914,55.9724134574688,NOMINAL,0.6138750357709883,25.900000000000002
2906.579046457526,304.3762459809663,0.7,10000.0,0.9046425649873645,0.04035330758141919,0.0028823791129585137,14.411895564792568,124.52299479452078,21.13128737942899,103.39170741509179,103.39170741509172,31.469979768568074,777.6932647433205,205.08599497663891,210.42857096439516,0.667821998469531,114.61715192711438,133.37892332390683,0.9380885698396227,3.4942139405605674,2.0117417216813696,1.0,1.0,58.139333492148914,55.98264597483279,NOMINAL,0.6138750357709883,25.950000000000003
2906.579046457526,304.3762459809663,0.7,10000.0,0.9046425649873645,0.04035330758141919,0.0028823791129585137,14.411895564792568,124.52299479452078,21.13128737942899,103.39170741509179,103.39170741509172,31.469979768568074,777.6932647433205,205.11928194642545,210.42857096439516,0.6636611272462147,114.66399777389898,133.37892332390683,0.9357462775003924,3.4937659463217696,1.9048548512386534,1.0,1.0,58.139333492148914,55.99282289944144,NOMINAL,0.6138750357709883,26.0
2906.579046457526,304.3762459809663,0.7,10000.0,0.9046425649873645,0.04035330758141919,0.0028823791129585137,14.411895564792568,124.52299479452078,21.13128737942899,103.39170741509179,103.39170741509172,31.469979768568074,777.6932647433205,205.15236152143459,210.42857096439516,0.6595261803700723,114.71072665233798,133.37892332390683,0.9334098335784425,3.4933190706697532,1.768929463357624,1.0,1.0,58.139333492148914,56.002944557288785,NOMINAL,0.6138750357709883,26.05
2906.579046457526,304.3762459809663,0.7,10000.0,0.9046425649873645,0.04035330758141919,0.0028823791129585137,14.411895564792568,124.52299479452078,21.13128737942899,103.39170741509179,103.39170741509172,31.469979768568074,777.6932647433205,205.18523499384148,210.42857096439516,0.6554169963192109,114.75733885448702,133.37892332390683,0.9310792234709908,3.4928733108115426,1.7240061670395748,1.0,1.0,58.139333492148914,56.01301127238869,NOMINAL,0.6138750357709883,26.1
2906.579046457526,304.3762459809663,0.7,10000.0,0.9046425649873645,0.04035330758141919,0.0028823791129585137,14.411895564792568,124.52299479452078,21.13128737942899,103.39170741509179,103.39170741509172,31.469979768568074,777.6932647433205,205.2179036477703,210.42857096439516,0.651333414578108,114.8038346716725,133.37892332390683,0.9287544326117164,3.492428663961139,1.8097583443692833,1.0,1.0,58.139333492148914,56.023023366786944,NOMINAL,0.6138750357709883,26.150000000000002
2906.579046457526,304.3762459809663,0.7,10000.0,0.9046425649873645,0.04035330758141919,0.0028823791129585137,14.411895564792568,124.52299479452078,21.13128737942899,103.39170741509179,103.39170741509172,31.469979768568074,777.6932647433205,205.2503687593445,210.42857096439516,0.6472752756313334,114.85021439449345,133.37892332390683,0.9264354464706692,3.4919851273394964,1.9504551569039477,1.0,1.0,58.139333492148914,56.0329811605735,NOMINAL,0.6138750357709883,26.200000000000003
2906.579046457526,304.3762459809663,0.7,10000.0,0.9046425649873645,0.04035330758141919,0.0028823791129585137,14.411895564792568,124.52299479452078,21.13128737942899,103.39170741509179,103.39170741509172,31.469979768568074,777.6932647433205,205.28263159673662,210.42857096439516,0.6432424209573178,114.89647831282326,133.37892332390683,0.9241222505541785,3.491542698174511,2.0218421785604708,1.0,1.0,58.139333492148914,56.042884971894445,NOMINAL,0.6138750357709883,26.25
2906.579046457526,304.3762459809663,0.7,10000.0,0.9046425649873645,0.04035330758141919,0.0028823791129585137,14.411895564792568,124.52299479452078,21.13128737942899,103.39170741509179,103.39170741509172,31.469979768568074,777.6932647433205,205.31469342021785,210.42857096439516,0.6392346930221642,114.9426267158116,133.37892332390683,0.9218148304047616,3.4911013737009977,1.960874957613752,1.0,1.0,58.139333492148914,56.052735116964065,NOMINAL,0.6138750357709883,26.3
2906.579046457526,304.3762459809663,0.7,10000.0,0.9046425649873645,0.04035330758141919,0.0028823791129585137,14.411895564792568,124.52299479452078,21.13128737942899,103.39170741509179,103.39170741509172,31.469979768568074,777.6932647433205,205.34655548220726,210.42857096439516,0.6352519352734873,114.98865989188612,133.37892332390683,0.9195131716010359,3.490661151160678,1.8213958442361073,1.0,1.0,58.139333492148914,56.06253191007671,NOMINAL,0.6138750357709883,26.35
2906.579046457526,304.3762459809663,0.7,10000.0,0.9046425649873645,0.04035330758141919,0.0028823791129585137,14.411895564792568,124.52299479452078,21.13128737942899,103.39170741509179,103.39170741509172,31.469979768568074,777.6932647433205,205.37821902732068,210.42857096439516,0.6312939921343101,115.03457812875432,133.37892332390683,0.9172172597576257,3.49022202780216,1.7265838704972825,1.0,1.0,58.139333492148914,56.07227566361859,NOMINAL,0.6138750357709883,26.400000000000002
2906.579046457526,304.3762459809663,0.7,10000.0,0.9046425649873645,0.04035330758141919,0.0028823791129585137,14.411895564792568,124.52299479452078,21.13128737942899,103.39170741509179,103.39170741509172,31.469979768568074,777.6932647433205,205.40968529241937,210.42857096439516,0.6273607089969744,115.08038171340534,133.37892332390683,0.9149270805250744,3.4897840008809196,1.7601709075780572,1.0,1.0,58.139333492148914,56.081966688079646,NOMINAL,0.6138750357709883,26.450000000000003
2906.579046457526,304.3762459809663,0.7,10000.0,0.9046425649873645,0.04035330758141919,0.0028823791129585137,14.411895564792568,124.52299479452078,21.13128737942899,103.39170741509179,103.39170741509172,31.469979768568074,777.6932647433205,205.44095550665833,210.42857096439516,0.6234519322171046,115.12607093211173,133.37892332390683,0.9126426195897551,3.489347067659289,1.8924950325033012,1.0,1.0,58.139333492148914,56.09160529206517,NOMINAL,0.6138750357709883,26.5
2906.579046457526,304.3762459809663,0.7,10000.0,0.9046425649873645,0.04035330758141919,0.0028823791129585137,14.411895564792568,124.52299479452078,21.13128737942899,103.39170741509179,103.39170741509172,31.469979768568074,777.6932647433205,205.47203089153427,210.42857096439516,0.6195675091076112,115.17164607043125,133.37892332390683,0.9103638626737791,3.4889112254064325,2.0066960413821904,1.0,1.0,58.139333492148914,56.1011917823074,NOMINAL,0.6138750357709883,26.55
2906.579046457526,304.3762459809663,0.7,10000.0,0.9046425649873645,0.04035330758141919,0.0028823791129585137,14.411895564792568,124.52299479452078,21.13128737942899,103.39170741509179,103.39170741509172,31.469979768568074,777.6932647433205,205.50291266093336,210.42857096439516,0.6157072879327252,115.21710741320868,133.37892332390683,0.9080907955349076,3.488476471398336,2.0019189072905244,1.0,1.0,58.139333492148914,56.11072646367714,NOMINAL,0.6138750357709883,26.6
2906.579046457526,304.3762459809663,0.7,10000.0,0.9046425649873645,0.04035330758141919,0.0028823791129585137,14.411895564792568,124.52299479452078,21.13128737942899,103.39170741509179,103.39170741509172,31.469979768568074,777.6932647433205,205.53360202117864,210.42857096439516,0.6118711179020657,115.26245524457754,133.37892332390683,0.9058234039664648,3.488042802917785,1.8823824895200567,1.0,1.0,58.139333492148914,56.120209639195146,NOMINAL,0.6138750357709883,26.650000000000002
2906.579046457526,304.3762459809663,0.7,10000.0,0.9046425649873645,0.04035330758141919,0.0028823791129585137,14.411895564792568,124.52299479452078,21.13128737942899,103.39170741509179,103.39170741509172,31.469979768568074,777.6932647433205,205.56410017107714,210.42857096439516,0.6080588491647525,115.30768984796192,133.37892332390683,0.9035616737972454,3.4876102172543493,1.7536537068839935,1.0,1.0,58.139333492148914,56.12964161004363,NOMINAL,0.6138750357709883,26.700000000000003
2906.579046457526,304.3762459809663,0.7,10000.0,0.9046425649873645,0.04035330758141919,0.0028823791129585137,14.411895564792568,124.52299479452078,21.13128737942899,103.39170741509179,103.39170741509172,31.469979768568074,777.6932647433205,205.59440830196675,210.42857096439516,0.6042703328035515,115.35281150607827,133.37892332390683,0.9013055908914283,3.4871787117043684,1.729417586915069,1.0,1.0,58.139333492148914,56.13902267557749,NOMINAL,0.6138750357709883,26.75
2906.579046457526,304.3762459809663,0.7,10000.0,0.9046425649873645,0.04035330758141919,0.0028823791129585137,14.411895564792568,124.52299479452078,21.13128737942899,103.39170741509179,103.39170741509172,31.469979768568074,777.6932647433205,205.62452759776266,210.42857096439516,0.6005054208290623,115.39782050093707,133.37892332390683,0.899055141148488,3.4867482835709303,1.8310779206659635,1.0,1.0,58.139333492148914,56.14835313333567,NOMINAL,0.6138750357709883,26.8
2906.579046457526,304.3762459809663,0.7,10000.0,0.9046425649873645,0.04035330758141919,0.0028823791129585137,14.411895564792568,124.52299479452078,21.13128737942899,103.39170741509179,103.39170741509172,31.469979768568074,777.6932647433205,205.6544592350037,210.42857096439516,0.5967639661739312,115.4427171138447,133.37892332390683,0.8968103105031069,3.4863189301638586,1.968854803403255,1.0,1.0,58.139333492148914,56.15763327905223,NOMINAL,0.6138750357709883,26.85
2906.579046457526,304.3762459809663,0.7,10000.0,0.9046425649873645,0.04035330758141919,0.0028823791129585137,14.411895564792568,124.52299479452078,21.13128737942899,103.39170741509179,103.39170741509172,31.469979768568074,777.6932647433205,205.68420438289826,210.42857096439516,0.5930458226871131,115.48750162540512,133.37892332390683,0.8945710849250859,3.485890648799692,2.0210725042867437,1.0,1.0,58.139333492148914,56.166863406667595,NOMINAL,0.6138750357709883,26.900000000000002
2906.579046457526,304.3762459809663,0.7,10000.0,0.9046425649873645,0.04035330758141919,0.0028823791129585137,14.411895564792568,124.52299479452078,21.13128737942899,103.39170741509179,103.39170741509172,31.469979768568074,777.6932647433205,205.71376420336995,210.42857096439516,0.589350845128152,115.53217431552169,133.37892332390683,0.8923374504192573,3.4854634368016715,1.9416156896583996,1.0,1.0,58.139333492148914,56.17604380833956,NOMINAL,0.6138750357709883,26.950000000000003
2906.579046457526,304.3762459809663,0.7,10000.0,0.9046425649873645,0.04035330758141919,0.0028823791129585137,14.411895564792568,124.52299479452078,21.13128737942899,103.39170741509179,103.39170741509172,31.469979768568074,777.6932647433205,205.74313985110302,210.42857096439516,0.5856788891615174,115.57673546339886,133.37892332390683,0.8901093930253985,3.4850372914997205,1.8006555362647068,1.0,1.0,58.139333492148914,56.185174774454225,NOMINAL,0.6138750357709883,27.0
2906.579046457526,304.3762459809663,0.7,10000.0,0.9046425649873645,0.04035330758141919,0.0028823791129585137,14.411895564792568,124.52299479452078,21.13128737942899,103.39170741509179,103.39170741509172,31.469979768568074,777.6932647433205,205.77233247358745,210.42857096439516,0.5820298113509637,115.62118534754396,133.37892332390683,0.8878868988181438,3.484612210230429,1.722679035992599,1.0,1.0,58.139333492148914,56.19425659363699,NOMINAL,0.6138750357709883,27.05
2906.579046457526,304.3762459809663,0.7,10000.0,0.9046425649873645,0.04035330758141919,0.0028823791129585137,14.411895564792568,124.52299479452078,21.13128737942899,103.39170741509179,103.39170741509172,31.469979768568074,777.6932647433205,205.80134321116378,210.42857096439516,0.5784034691539226,115.66552424576889,133.37892332390683,0.885669953906897,3.484188190337038,1.7765500466277175,1.0,1.0,58.139333492148914,56.203289552763366,NOMINAL,0.6138750357709883,27.1
2906.579046457526,304.3762459809663,0.7,10000.0,0.9046425649873645,0.04035330758141919,0.0028823791129585137,14.411895564792568,124.52299479452078,21.13128737942899,103.39170741509179,103.39170741509172,31.469979768568074,777.6932647433205,205.8301731970676,210.42857096439516,0.5747997209159443,115.70975243519193,133.37892332390683,0.8834585444357451,3.4837652291694226,1.914693137082492,1.0,1.0,58.139333492148914,56.21227393696973,NOMINAL,0.6138750357709883,27.150000000000002
2906.579046457526,304.3762459809663,0.7,10000.0,0.9046425649873645,0.04035330758141919,0.0028823791129585137,14.411895564792568,124.52299479452078,21.13128737942899,103.39170741509179,103.39170741509172,31.469979768568074,777.6932647433205,205.85882355747393,210.42857096439516,0.5712184258651547,115.7538701922394,133.37892332390683,0.8812526565833714,3.4833433240840725,2.015109165282713,1.0,1.0,58.139333492148914,56.22121002966411,NOMINAL,0.6138750357709883,27.200000000000003
2906.579046457526,304.3762459809663,0.7,10000.0,0.9046425649873645,0.04035330758141919,0.0028823791129585137,14.411895564792568,124.52299479452078,21.13128737942899,103.39170741509179,103.39170741509172,31.469979768568074,777.6932647433205,205.88729541154112,210.42857096439516,0.5676594441067557,115.79787779264743,133.37892332390683,0.8790522765629702,3.4829224724440806,1.9891171175736493,1.0,1.0,58.139333492148914,56.23009811253678,NOMINAL,0.6138750357709883,27.25
2906.579046457526,304.3762459809663,0.7,10000.0,0.9046425649873645,0.04035330758141919,0.0028823791129585137,14.411895564792568,124.52299479452078,21.13128737942899,103.39170741509179,103.39170741509172,31.469979768568074,777.6932647433205,205.91558987145456,210.42857096439516,0.5641226366175758,115.84177551146365,133.37892332390683,0.8768573906221591,3.482502671619123,1.859671508081332,1.0,1.0,58.139333492148914,56.23893846557084,NOMINAL,0.6138750357709883,27.3
2906.579046457526,304.3762459809663,0.7,10000.0,0.9046425649873645,0.04035330758141919,0.0028823791129585137,14.411895564792568,124.52299479452078,21.13128737942899,103.39170741509179,103.39170741509172,31.469979768568074,777.6932647433205,205.9437080424702,210.42857096439516,0.5606078652406197,115.88556362304895,133.37892332390683,0.874667985042894,3.4820839189854422,1.7410904199711728,1.0,1.0,58.139333492148914,56.24773136705277,NOMINAL,0.6138750357709883,27.35
2906.579046457526,304.3762459809663,0.7,10000.0,0.9046425649873645,0.04035330758141919,0.0028823791129585137,14.411895564792568,124.52299479452078,21.13128737942899,103.39170741509179,103.39170741509172,31.469979768568074,777.6932647433205,205.9716510229577,210.42857096439516,0.5571149926796828,115.92924240107918,133.37892332390683,0.8724840461413826,3.4816662119258344,1.738097086001612,1.0,1.0,58.139333492148914,56.25647709358286,NOMINAL,0.6138750357709883,27.400000000000002
2906.579046457526,304.3762459809663,0.7,10000.0,0.9046425649873645,0.04035330758141919,0.0028823791129585137,14.411895564792568,124.52299479452078,21.13128737942899,103.39170741509179,103.39170741509172,31.469979768568074,777.6932647433205,205.99941990444324,210.42857096439516,0.55364388249399,115.97281211854684,133.37892332390683,0.8703055602679995,3.481249547829627,1.8533350272856193,1.0,1.0,58.139333492148914,56.26517592008558,NOMINAL,0.6138750357709883,27.450000000000003
2906.579046457526,304.3762459809663,0.7,10000.0,0.9046425649873645,0.04035330758141919,0.0028823791129585137,14.411895564792568,124.52299479452078,21.13128737942899,103.39170741509179,103.39170741509172,31.469979768568074,777.6932647433205,206.02701577165232,210.42857096439516,0.550194399092856,116.01627304776281,133.37892332390683,0.8681325138072011,3.48083392409267,1.9850334645191823,1.0,1.0,58.139333492148914,56.27382811981993,NOMINAL,0.6138750357709883,27.5
2906.579046457526,304.3762459809663,0.7,10000.0,0.9046425649873645,0.04035330758141919,0.0028823791129585137,14.411895564792568,124.52299479452078,21.13128737942899,103.39170741509179,103.39170741509172,31.469979768568074,777.6932647433205,206.054439702552,210.42857096439516,0.5467664077303951,116.05962546035803,133.37892332390683,0.8659648931774399,3.4804193381173127,2.016884761163151,1.0,1.0,58.139333492148914,56.2824339643897,NOMINAL,0.6138750357709883,27.55
2906.579046457526,304.3762459809663,0.7,10000.0,0.9046425649873645,0.04035330758141919,0.0028823791129585137,14.411895564792568,124.52299479452078,21.13128737942899,103.39170741509179,103.39170741509172,31.469979768568074,777.6932647433205,206.08169276839308,210.42857096439516,0.5433597745002601,116.10286962728523,133.37892332390683,0.8638026848310801,3.480005787312391,1.9207598891805606,1.0,1.0,58.139333492148914,56.290993723753644,NOMINAL,0.6138750357709883,27.6
2906.579046457526,304.3762459809663,0.7,10000.0,0.9046425649873645,0.04035330758141919,0.0028823791129585137,14.411895564792568,124.52299479452078,21.13128737942899,103.39170741509179,103.39170741509172,31.469979768568074,777.6932647433205,206.1087760337519,210.42857096439516,0.5399743663304086,116.14600581882058,133.37892332390683,0.8616458752543125,3.4795932690932125,1.7815501875103537,1.0,1.0,58.139333492148914,56.2995076662356,NOMINAL,0.6138750357709883,27.650000000000002
2906.579046457526,304.3762459809663,0.7,10000.0,0.9046425649873645,0.04035330758141919,0.0028823791129585137,14.411895564792568,124.52299479452078,21.13128737942899,103.39170741509179,103.39170741509172,31.469979768568074,777.6932647433205,206.13569055657194,210.42857096439516,0.5366100509779024,116.18903430456544,133.37892332390683,0.8594944509670697,3.4791817808815355,1.722196761033399,1.0,1.0,58.139333492148914,56.30797605853461,NOMINAL,0.6138750357709883,27.700000000000003
2906.579046457526,304.3762459809663,0.7,10000.0,0.9046425649873645,0.04035330758141919,0.0028823791129585137,14.411895564792568,124.52299479452078,21.13128737942899,103.39170741509179,103.39170741509172,31.469979768568074,777.6932647433205,206.16243738820518,210.42857096439516,0.5332666970237483,116.23195535344796,133.37892332390683,0.8573483985229438,3.4787713201055586,1.795116759862119,1.0,1.0,58.139333492148914,56.31639916573487,NOMINAL,0.6138750357709883,27.75
2906.579046457526,304.3762459809663,0.7,10000.0,0.9046425649873645,0.04035330758141919,0.0028823791129585137,14.411895564792568,124.52299479452078,21.13128737942899,103.39170741509179,103.39170741509172,31.469979768568074,777.6932647433205,206.18901757345313,210.42857096439516,0.5299441738677544,116.27476923372485,133.37892332390683,0.8552077045090989,3.478361884199899,1.9359119048797067,1.0,1.0,58.139333492148914,56.32477725131574,NOMINAL,0.6138750357709883,27.8
2906.579046457526,304.3762459809663,0.7,10000.0,0.9046425649873645,0.04035330758141919,0.0028823791129585137,14.411895564792568,124.52299479452078,21.13128737942899,103.39170741509179,103.39170741509172,31.469979768568074,777.6932647433205,206.21543215060768,210.42857096439516,0.5266423517234351,116.31747621298301,133.37892332390683,0.8530723555461911,3.477953470605583,2.0202409290433563,1.0,1.0,58.139333492148914,56.33311057716152,NOMINAL,0.6138750357709883,27.85
2906.579046457526,304.3762459809663,0.7,10000.0,0.9046425649873645,0.04035330758141919,0.0028823791129585137,14.411895564792568,124.52299479452078,21.13128737942899,103.39170741509179,103.39170741509172,31.469979768568074,777.6932647433205,206.2416821514916,210.42857096439516,0.5233611016129451,116.36007655814117,133.37892332390683,0.8509423382882829,3.4775460767700226,1.9736298317638845,1.0,1.0,58.139333492148914,56.341399403571415,NOMINAL,0.6138750357709883,27.900000000000002
2906.579046457526,304.3762459809663,0.7,10000.0,0.9046425649873645,0.04035330758141919,0.0028823791129585137,14.411895564792568,124.52299479452078,21.13128737942899,103.39170741509179,103.39170741509172,31.469979768568074,777.6932647433205,206.26776860149886,210.42857096439516,0.5201002953620382,116.40257053545166,133.37892332390683,0.8488176394227587,3.4771397001470055,1.837242552986359,1.0,1.0,58.139333492148914,56.349643989269154,NOMINAL,0.6138750357709883,27.950000000000003
2906.579046457526,304.3762459809663,0.7,10000.0,0.9046425649873645,0.04035330758141919,0.0028823791129585137,14.411895564792568,124.52299479452078,21.13128737942899,103.39170741509179,103.39170741509172,31.469979768568074,777.6932647433205,206.29369251963476,210.42857096439516,0.5168598055950504,116.44495841050195,133.37892332390683,0.8466982456702439,3.476734338196677,1.7315276142094809,1.0,1.0,58.139333492148914,56.35784459141278,NOMINAL,0.6138750357709883,28.0
2906.579046457526,304.3762459809663,0.7,10000.0,0.9046425649873645,0.04035330758141919,0.0028823791129585137,14.411895564792568,124.52299479452078,21.13128737942899,103.39170741509179,103.39170741509172,31.469979768568074,777.6932647433205,206.31945491855564,210.42857096439516,0.513639505729941,116.48724044821641,133.37892332390683,0.8445841437845211,3.4763299883855225,1.7498456880003974,1.0,1.0,58.139333492148914,56.366001465604256,NOMINAL,0.6138750357709883,28.05
2906.579046457526,304.3762459809663,0.7,10000.0,0.9046425649873645,0.04035330758141919,0.0028823791129585137,14.411895564792568,124.52299479452078,21.13128737942899,103.39170741509179,103.39170741509172,31.469979768568074,777.6932647433205,206.34505680460848,210.42857096439516,0.510439269973336,116.52941691285791,133.37892332390683,0.842475320552446,3.475926648186356,1.8760194231817156,1.0,1.0,58.139333492148914,56.374114865899074,NOMINAL,0.6138750357709883,28.1
2906.579046457526,304.3762459809663,0.7,10000.0,0.9046425649873645,0.04035330758141919,0.0028823791129585137,14.411895564792568,124.52299479452078,21.13128737942899,103.39170741509179,103.39170741509172,31.469979768568074,777.6932647433205,206.37049917787022,210.42857096439516,0.5072589733156185,116.5714880680295,133.37892332390683,0.8403717627938668,3.4755243150782986,1.9986202467152556,1.0,1.0,58.139333492148914,56.38218504481573,NOMINAL,0.6138750357709883,28.150000000000002
2906.579046457526,304.3762459809663,0.7,10000.0,0.9046425649873645,0.04035330758141919,0.0028823791129585137,14.411895564792568,124.52299479452078,21.13128737942899,103.39170741509179,103.39170741509172,31.469979768568074,777.6932647433205,206.39578303218678,210.42857096439516,0.5040984915260474,116.61345417667602,133.37892332390683,0.8382734573615409,3.4751229865467677,2.0093749526134594,1.0,1.0,58.139333492148914,56.3902122533452,NOMINAL,0.6138750357709883,28.200000000000003
2906.579046457526,304.3762459809663,0.7,10000.0,0.9046425649873645,0.04035330758141919,0.0028823791129585137,14.411895564792568,124.52299479452078,21.13128737942899,103.39170741509179,103.39170741509172,31.469979768568074,777.6932647433205,206.42090935521196,210.42857096439516,0.5009577011479003,116.6553155010858,133.37892332390683,0.8361803911410519,3.474722660083458,1.8987856724800756,1.0,1.0,58.139333492148914,56.39819674096037,NOMINAL,0.6138750357709883,28.25
2906.579046457526,304.3762459809663,0.7,10000.0,0.9046425649873645,0.04035330758141919,0.0028823791129585137,14.411895564792568,124.52299479452078,21.13128737942899,103.39170741509179,103.39170741509172,31.469979768568074,777.6932647433205,206.4458791284459,210.42857096439516,0.4978364794936567,116.69707230289224,133.37892332390683,0.8340925510507298,3.4743233331863284,1.7645177854127196,1.0,1.0,58.139333492148914,56.40613875562538,NOMINAL,0.6138750357709883,28.3
2906.579046457526,304.3762459809663,0.7,10000.0,0.9046425649873645,0.04035330758141919,0.0028823791129585137,14.411895564792568,124.52299479452078,21.13128737942899,103.39170741509179,103.39170741509172,31.469979768568074,777.6932647433205,206.4706933272736,210.42857096439516,0.4947347046401944,116.7387248430755,133.37892332390683,0.8320099240415665,3.4739250033595845,1.7251481017055459,1.0,1.0,58.139333492148914,56.41403854380484,NOMINAL,0.6138750357709883,28.35
2906.579046457526,304.3762459809663,0.7,10000.0,0.9046425649873645,0.04035330758141919,0.0028823791129585137,14.411895564792568,124.52299479452078,21.13128737942899,103.39170741509179,103.39170741509172,31.469979768568074,777.6932647433205,206.49535292100285,210.42857096439516,0.49165225542403945,116.7802733819641,133.37892332390683,0.8299324970971369,3.4735276681136633,1.8154454079849895,1.0,1.0,58.139333492148914,56.421896350473176,NOMINAL,0.6138750357709883,28.400000000000002
2906.579046457526,304.3762459809663,0.7,10000.0,0.9046425649873645,0.04035330758141919,0.0028823791129585137,14.411895564792568,124.52299479452078,21.13128737942899,103.39170741509179,103.39170741509172,31.469979768568074,777.6932647433205,206.51985887290212,210.42857096439516,0.48858901143663047,116.82171817923651,133.37892332390683,0.827860257233516,3.4731313249652183,1.95566489861978,1.0,1.0,58.139333492148914,56.42971241912367,NOMINAL,0.6138750357709883,28.450000000000003
2906.579046457526,304.3762459809663,0.7,10000.0,0.9046425649873645,0.04035330758141919,0.0028823791129585137,14.411895564792568,124.52299479452078,21.13128737942899,103.39170741509179,103.39170741509172,31.469979768568074,777.6932647433205,206.5442121402383,210.42857096439516,0.4855448530196078,116.86305949392289,133.37892332390683,0.8257931914991972,3.4727359714371033,2.0219736876999055,1.0,1.0,58.139333492148914,56.4374869917777,NOMINAL,0.6138750357709883,28.5
2906.579046457526,304.3762459809663,0.7,10000.0,0.9046425649873645,0.04035330758141919,0.0028823791129585137,14.411895564792568,124.52299479452078,21.13128737942899,103.39170741509179,103.39170741509172,31.469979768568074,777.6932647433205,206.568413674314,210.42857096439516,0.4825196612601452,116.90429758440656,133.37892332390683,0.8237312869750134,3.472341605058358,1.955812093715519,1.0,1.0,58.139333492148914,56.445220308993704,NOMINAL,0.6138750357709883,28.55
2906.579046457526,304.3762459809663,0.7,10000.0,0.9046425649873645,0.04035330758141919,0.0028823791129585137,14.411895564792568,124.52299479452078,21.13128737942899,103.39170741509179,103.39170741509172,31.469979768568074,777.6932647433205,206.5924644205047,210.42857096439516,0.4795133179863065,116.94543270842574,133.37892332390683,0.8216745307740545,3.471948223364191,1.8156098048822782,1.0,1.0,58.139333492148914,56.45291260987624,NOMINAL,0.6138750357709883,28.6
2906.579046457526,304.3762459809663,0.7,10000.0,0.9046425649873645,0.04035330758141919,0.0028823791129585137,14.411895564792568,124.52299479452078,21.13128737942899,103.39170741509179,103.39170741509172,31.469979768568074,777.6932647433205,206.61636531829578,210.42857096439516,0.47652570576242326,116.98646512307508,133.37892332390683,0.8196229100415877,3.471555823895965,1.725184515579267,1.0,1.0,58.139333492148914,56.46056413208492,NOMINAL,0.6138750357709883,28.650000000000002
2906.579046457526,304.3762459809663,0.7,10000.0,0.9046425649873645,0.04035330758141919,0.0028823791129585137,14.411895564792568,124.52299479452078,21.13128737942899,103.39170741509179,103.39170741509172,31.469979768568074,777.6932647433205,206.64011730131904,210.42857096439516,0.47355670788451576,117.0273950848073,133.37892332390683,0.8175764119549769,3.4711644042011836,1.7643940578585768,1.0,1.0,58.139333492148914,56.46817511184325,NOMINAL,0.6138750357709883,28.700000000000003
2906.579046457526,304.3762459809663,0.7,10000.0,0.9046425649873645,0.04035330758141919,0.0028823791129585137,14.411895564792568,124.52299479452078,21.13128737942899,103.39170741509179,103.39170741509172,31.469979768568074,777.6932647433205,206.66372129738937,210.42857096439516,0.47060620837572387,117.06822284943479,133.37892332390683,0.8155350237236021,3.47077396183347,1.8986110717610045,1.0,1.0,58.139333492148914,56.47574578394754,NOMINAL,0.6138750357709883,28.75
2906.579046457526,304.3762459809663,0.7,10000.0,0.9046425649873645,0.04035330758141919,0.0028823791129585137,14.411895564792568,124.52299479452078,21.13128737942899,103.39170741509179,103.39170741509172,31.469979768568074,777.6932647433205,206.68717822854086,210.42857096439516,0.4676740919817881,117.10894867213122,133.37892332390683,0.8134987325887806,3.4703844943525604,2.009303674916756,1.0,1.0,58.139333492148914,56.48327638177565,NOMINAL,0.6138750357709883,28.8
2906.579046457526,304.3762459809663,0.7,10000.0,0.9046425649873645,0.04035330758141919,0.0028823791129585137,14.411895564792568,124.52299479452078,21.13128737942899,103.39170741509179,103.39170741509172,31.469979768568074,777.6932647433205,206.71048901106286,210.42857096439516,0.4647602441665377,117.14957280743312,133.37892332390683,0.8114675258236858,3.46999599932428,1.9987152399446675,1.0,1.0,58.139333492148914,56.490767137295734,NOMINAL,0.6138750357709883,28.85
2906.579046457526,304.3762459809663,0.7,10000.0,0.9046425649873645,0.04035330758141919,0.0028823791129585137,14.411895564792568,124.52299479452078,21.13128737942899,103.39170741509179,103.39170741509172,31.469979768568074,777.6932647433205,206.7336545555358,210.42857096439516,0.4618645511074213,117.19009550924146,133.37892332390683,0.8094413907332687,3.469608474320535,1.8761967953923182,1.0,1.0,58.139333492148914,56.49821828107486,NOMINAL,0.6138750357709883,28.900000000000002
2906.579046457526,304.3762459809663,0.7,10000.0,0.9046425649873645,0.04035330758141919,0.0028823791129585137,14.411895564792568,124.52299479452078,21.13128737942899,103.39170741509179,103.39170741509172,31.469979768568074,777.6932647433205,206.75667576686666,210.42857096439516,0.45898689969106243,117.23051703082326,133.37892332390683,0.8074203146541784,3.4692219169192917,1.7499487954005273,1.0,1.0,58.139333492148914,56.505630042287706,NOMINAL,0.6138750357709883,28.950000000000003
2906.579046457526,304.3762459809663,0.7,10000.0,0.9046425649873645,0.04035330758141919,0.0028823791129585137,14.411895564792568,124.52299479452078,21.13128737942899,103.39170741509179,103.39170741509172,31.469979768568074,777.6932647433205,206.77955354432447,210.42857096439516,0.45612717750883647,117.27083762481317,133.37892332390683,0.8054042849546832,3.4688363247045664,1.7314653989381221,1.0,1.0,58.139333492148914,56.513002648725056,NOMINAL,0.6138750357709883,29.0
2906.579046457526,304.3762459809663,0.7,10000.0,0.9046425649873645,0.04035330758141919,0.0028823791129585137,14.411895564792568,124.52299479452078,21.13128737942899,103.39170741509179,103.39170741509172,31.469979768568074,777.6932647433205,206.80228878157533,210.42857096439516,0.45328527285247944,117.31105754321501,133.37892332390683,0.803393289034591,3.4684516952664053,1.8370699595917708,1.0,1.0,58.139333492148914,56.52033632680237,NOMINAL,0.6138750357709883,29.05
2906.579046457526,304.3762459809663,0.7,10000.0,0.9046425649873645,0.04035330758141919,0.0028823791129585137,14.411895564792568,124.52299479452078,21.13128737942899,103.39170741509179,103.39170741509172,31.469979768568074,777.6932647433205,206.8248823667173,210.42857096439516,0.4504610747097324,117.35117703740343,133.37892332390683,0.8013873143251701,3.4680680262008736,1.9734992836935557,1.0,1.0,58.139333492148914,56.5276313015682,NOMINAL,0.6138750357709883,29.1
2906.579046457526,304.3762459809663,0.7,10000.0,0.9046425649873645,0.04035330758141919,0.0028823791129585137,14.411895564792568,124.52299479452078,21.13128737942899,103.39170741509179,103.39170741509172,31.469979768568074,777.6932647433205,206.84733518231522,210.42857096439516,0.4476544727599929,117.39119635812538,133.37892332390683,0.7993863482890724,3.4676853151100384,2.020267718003351,1.0,1.0,58.139333492148914,56.534887796712624,NOMINAL,0.6138750357709883,29.150000000000002
2906.579046457526,304.3762459809663,0.7,10000.0,0.9046425649873645,0.04035330758141919,0.0028823791129585137,14.411895564792568,124.52299479452078,21.13128737942899,103.39170741509179,103.39170741509172,31.469979768568074,777.6932647433205,206.86964810543503,210.42857096439516,0.4448653573700163,117.43111575550175,133.37892332390683,0.7973903784202541,3.4673035596019544,1.9360723725739377,1.0,1.0,58.139333492148914,56.54210603457558,NOMINAL,0.6138750357709883,29.200000000000003
2906.579046457526,304.3762459809663,0.7,10000.0,0.9046425649873645,0.04035330758141919,0.0028823791129585137,14.411895564792568,124.52299479452078,21.13128737942899,103.39170741509179,103.39170741509172,31.469979768568074,777.6932647433205,206.89182200767812,210.42857096439516,0.442093619589631,117.47093547902891,133.37892332390683,0.7953993922438961,3.4669227572906482,1.7952691914858345,1.0,1.0,58.139333492148914,56.549286236155176,NOMINAL,0.6138750357709883,29.25
2906.579046457526,304.3762459809663,0.7,10000.0,0.9046425649873645,0.04035330758141919,0.0028823791129585137,14.411895564792568,124.52299479452078,21.13128737942899,103.39170741509179,103.39170741509172,31.469979768568074,777.6932647433205,206.91385775521536,210.42857096439516,0.43933915114747535,117.51065577758025,133.37892332390683,0.7934133773163289,3.4665429057961035,1.7222065387263745,1.0,1.0,58.139333492148914,56.556428621115955,NOMINAL,0.6138750357709883,29.3
2906.579046457526,304.3762459809663,0.7,10000.0,0.9046425649873645,0.04035330758141919,0.0028823791129585137,14.411895564792568,124.52299479452078,21.13128737942899,103.39170741509179,103.39170741509172,31.469979768568074,777.6932647433205,206.93575620882095,210.42857096439516,0.43660184444677697,117.55027689940778,133.37892332390683,0.7914323212249528,3.4661640027442484,1.7814086762390169,1.0,1.0,58.139333492148914,56.5635334077971,NOMINAL,0.6138750357709883,29.35
2906.579046457526,304.3762459809663,0.7,10000.0,0.9046425649873645,0.04035330758141919,0.0028823791129585137,14.411895564792568,124.52299479452078,21.13128737942899,103.39170741509179,103.39170741509172,31.469979768568074,777.6932647433205,206.95751822390602,210.42857096439516,0.4338815925611428,117.58979909214362,133.37892332390683,0.7894562115881605,3.465786045766937,1.920592062648947,1.0,1.0,58.139333492148914,56.570600813220544,NOMINAL,0.6138750357709883,29.400000000000002
2906.579046457526,304.3762459809663,0.7,10000.0,0.9046425649873645,0.04035330758141919,0.0028823791129585137,14.411895564792568,124.52299479452078,21.13128737942899,103.39170741509179,103.39170741509172,31.469979768568074,777.6932647433205,206.97914465055206,210.42857096439516,0.43117828923038815,117.62922260280162,133.37892332390683,0.7874850360552607,3.465409032501937,2.01683883303006,1.0,1.0,58.139333492148914,56.57763105309912,NOMINAL,0.6138750357709883,29.450000000000003
2906.579046457526,304.3762459809663,0.7,10000.0,0.9046425649873645,0.04035330758141919,0.0028823791129585137,14.411895564792568,124.52299479452078,21.13128737942899,103.39170741509179,103.39170741509172,31.469979768568074,777.6932647433205,207.0006363335441,210.42857096439516,0.4284918288563837,117.66854767777885,133.37892332390683,0.7855187823063993,3.465032960592914,1.98514999557391,1.0,1.0,58.139333492148914,56.584624341844545,NOMINAL,0.6138750357709883,29.5
2906.579046457526,304.3762459809663,0.7,10000.0,0.9046425649873645,0.04035330758141919,0.0028823791129585137,14.411895564792568,124.52299479452078,21.13128737942899,103.39170741509179,103.39170741509172,31.469979768568074,777.6932647433205,207.02199411240372,210.42857096439516,0.4258221064989307,117.70777456285714,133.37892332390683,0.7835574380524847,3.4646578276894178,1.8535111047541741,1.0,1.0,58.139333492148914,56.5915808925755,NOMINAL,0.6138750357709883,29.55
2906.579046457526,304.3762459809663,0.7,10000.0,0.9046425649873645,0.04035330758141919,0.0028823791129585137,14.411895564792568,124.52299479452078,21.13128737942899,103.39170741509179,103.39170741509172,31.469979768568074,777.6932647433205,207.0432188214219,210.42857096439516,0.4231690178716576,117.74690350320466,133.37892332390683,0.7816009910351085,3.464283631446866,1.738177209525047,1.0,1.0,58.139333492148914,56.59850091712552,NOMINAL,0.6138750357709883,29.6
2906.579046457526,304.3762459809663,0.7,10000.0,0.9046425649873645,0.04035330758141919,0.0028823791129585137,14.411895564792568,124.52299479452078,21.13128737942899,103.39170741509179,103.39170741509172,31.469979768568074,777.6932647433205,207.06431128969155,210.42857096439516,0.42053245933795225,117.78593474337742,133.37892332390683,0.7796494290264704,3.4639103695265314,1.741003829578165,1.0,1.0,58.139333492148914,56.605384626050935,NOMINAL,0.6138750357709883,29.650000000000002
2906.579046457526,304.3762459809663,0.7,10000.0,0.9046425649873645,0.04035330758141919,0.0028823791129585137,14.411895564792568,124.52299479452078,21.13128737942899,103.39170741509179,103.39170741509172,31.469979768568074,777.6932647433205,207.08527234113984,210.42857096439516,0.41791232790691524,117.8248685273208,133.37892332390683,0.7777027398293015,3.4635380395955253,1.8594946748688002,1.0,1.0,58.139333492148914,56.61223222863867,NOMINAL,0.6138750357709883,29.700000000000003
2906.579046457526,304.3762459809663,0.7,10000.0,0.9046425649873645,0.04035330758141919,0.0028823791129585137,14.411895564792568,124.52299479452078,21.13128737942899,103.39170741509179,103.39170741509172,31.469979768568074,777.6932647433205,207.10610279456057,210.42857096439516,0.41530852122932416,117.86370509837106,133.37892332390683,0.7757609112767888,3.463166639326785,1.9890062093249268,1.0,1.0,58.139333492148914,56.61904393291408,NOMINAL,0.6138750357709883,29.75
2906.579046457526,304.3762459809663,0.7,10000.0,0.9046425649873645,0.04035330758141919,0.0028823791129585137,14.411895564792568,124.52299479452078,21.13128737942899,103.39170741509179,103.39170741509172,31.469979768568074,777.6932647433205,207.12680346364593,210.42857096439516,0.41272093759365447,117.9024446992569,133.37892332390683,0.7738239312324964,3.462796166399057,2.015162129069554,1.0,1.0,58.139333492148914,56.62581994564873,NOMINAL,0.6138750357709883,29.8
2906.579046457526,304.3762459809663,0.7,10000.0,0.9046425649873645,0.04035330758141919,0.0028823791129585137,14.411895564792568,124.52299479452078,21.13128737942899,103.39170741509179,103.39170741509172,31.469979768568074,777.6932647433205,207.14737515701844,210.42857096439516,0.41014947592208983,117.94108757210097,133.37892332390683,0.7718917875902932,3.462426618496885,1.914863198675839,1.0,1.0,58.139333492148914,56.63256047236804,NOMINAL,0.6138750357709883,29.85
2906.579046457526,304.3762459809663,0.7,10000.0,0.9046425649873645,0.04035330758141919,0.0028823791129585137,14.411895564792568,124.52299479452078,21.13128737942899,103.39170741509179,103.39170741509172,31.469979768568074,777.6932647433205,207.16781867826253,210.42857096439516,0.4075940357665786,117.97963395842133,133.37892332390683,0.769964468274275,3.4620579933105926,1.7766870185051997,1.0,1.0,58.139333492148914,56.63926571735902,NOMINAL,0.6138750357709883,29.900000000000002
2906.579046457526,304.3762459809663,0.7,10000.0,0.9046425649873645,0.04035330758141919,0.0028823791129585137,14.411895564792568,124.52299479452078,21.13128737942899,103.39170741509179,103.39170741509172,31.469979768568074,777.6932647433205,207.1881348259558,210.42857096439516,0.4050545173049187,118.01808409913303,133.37892332390683,0.76804196123869,3.4616902885362717,1.7226619533525307,1.0,1.0,58.139333492148914,56.64593588367778,NOMINAL,0.6138750357709883,29.950000000000003
2906.579046457526,304.3762459809663,0.7,10000.0,0.9046425649873645,0.04035330758141919,0.002305903290366811,11.529516451834056,99.61839583561665,21.13128737942899,78.48710845618766,103.39170741509172,23.889611429795355,629.65172817026,207.2083243937004,167.38045677151615,-4.97848345277303,118.05643823454957,109.12174463983415,-0.4467346797357713,3.4613235018757664,2.575587231124224,0.8,1.0,47.79783917877824,57.87011736876702,NOMINAL,0.6138750357709883,30.0
2851.9479208533257,298.6552878857831,0.7,10000.0,0.9046425649873645,0.03956844233441284,0.0022610538476807336,11.305269238403667,99.51282173746088,20.959658636573494,78.55316310088739,99.54159877606821,23.460317540234396,628.9430000543134,206.94691764449823,163.2505246166415,-5.462049128482089,118.03148125693193,107.05982426710837,-0.5485828494911779,3.4220126741738075,2.473109192949821,0.8,1.0,46.8654341670478,58.03686641846408,NOMINAL,0.6134657719935179,30.05
2805.8325776106462,293.82610043415065,0.7,10000.0,0.9046425649873645,0.03890492832407221,0.002223138761375555,11.115693806877776,99.41771397573625,20.814783013024517,78.60293096271172,96.34849546271498,23.095592687468347,628.3447469527867,206.6635392917441,159.7822427188405,-5.860162071612947,118.00184868042935,105.3166878874383,-0.6342580396495521,3.388905479462949,2.7277667294466026,0.8,1.0,46.07794833235016,58.16477352045146,NOMINAL,0.6130922683355209,30.1
2766.7888810853688,289.7374540950573,0.7,10000.0,0.9046425649873645,0.03834251574588221,0.002191000899764698,10.95500449882349,99.33290902809733,20.692123622851717,78.64078540524562,93.68573621292173,22.785180951351606,627.8382341329994,206.36207120316905,156.8590083796064,-6.187882852945332,117.96827944665182,103.83918424118329,-0.7064547602734266,3.360949630129474,2.463240033520501,0.8,1.0,45.410965962582516,58.259533635013106,NOMINAL,0.6127559767804889,30.150000000000002
2733.64854990081,286.26700672882583,0.7,10000.0,0.9046425649873645,0.03786471289506918,0.002163697879718239,10.818489398591193,99.25784935960056,20.588010201864776,78.66983915773578,91.4548598418935,22.520579375523194,627.4083055122267,206.04572038655255,154.38749785963597,-6.457277815864572,117.93139071938754,102.58399993913518,-0.7673695390126177,3.3372939422513954,2.441593879332626,0.8,1.0,44.84467583395381,58.32601770286299,NOMINAL,0.6124560969166114,30.200000000000003
2705.4584549654405,283.31494689039397,0.7,10000.0,0.9046425649873645,0.0374579958647939,0.0021404569065596513,10.702284532798256,99.1917797454237,20.49944840671182,78.69233133871188,89.57837279076155,22.29471367390844,627.0425961725246,205.71715077750164,152.2923415479506,-6.678101153693881,117.89170006644643,101.51560291909223,-0.81880485736771,3.3172440480876144,2.5368080770393506,0.8,1.0,44.36287939132579,58.368387925611906,NOMINAL,0.6121905779558519,30.25
2681.4352838214095,280.7992462909934,0.7,10000.0,0.9046425649873645,0.0371112059682649,0.0021206403410437085,10.603201705218542,99.13386571948091,20.423977388729803,78.70988833075111,87.99460985683041,22.10167731892317,626.730944222548,205.37858557982506,150.512178655938,-6.858300865485884,117.84964308559948,100.60466919400075,-0.8622486945799366,3.3002293285865827,2.669479603281248,0.8,1.0,43.952242388986015,58.39019979642621,NOMINAL,0.611956737751608,30.3
2660.9311837888054,278.65206195663006,0.7,10000.0,0.9046425649873645,0.036815085565733596,0.002103719175184777,10.518595875923884,99.08326395770615,20.359561858698903,78.72370209900726,86.65402034207267,21.936521914747857,626.4649450869899,205.03188762602724,148.99669604155974,-7.004398948058437,117.8055875282273,99.82686807002429,-0.8989359729101508,3.2857778602495578,2.484750502023701,0.8,1.0,43.60172321376991,58.39449074995622,NOMINAL,0.6117516427364287,30.35
2643.4073770513323,276.81697320631764,0.7,10000.0,0.9046425649873645,0.036561916936408284,0.0020892523963661875,10.446261981830938,99.03916279992366,20.304509196189528,78.73465360373413,85.51644250709963,21.79508849703357,626.2376092158011,204.67862312377275,147.70437835173254,-7.121780596505026,117.75984470546321,99.16191543747195,-0.9298964633995631,3.27349717989411,2.3750413021337833,0.8,1.0,43.30213110957949,58.383856382818266,NOMINAL,0.6115723372954016,30.400000000000002
2628.4136511480565,275.2468339013953,0.7,10000.0,0.9046425649873645,0.03634523863806494,0.0020768707793179966,10.384353896589984,99.00080418371697,20.257405017041858,78.7433991666751,84.54907464318039,21.673871311261088,626.0430960148938,204.32011269412058,146.60077882715655,-7.214916733370504,117.71267876639799,98.59282931046582,-0.9559924727966085,3.263059336162529,2.362712501917289,0.8,1.0,43.04578110057311,58.3605156003836,NOMINAL,0.6114159778385067,30.450000000000003
2615.5722397022614,273.9020844394008,0.7,10000.0,0.9046425649873645,0.036159620717394134,0.002066264040993951,10.331320204969755,98.96749405093728,20.217062533182023,78.75043151775526,83.72494467603751,21.569907343215455,625.8765047312728,203.9574725800607,145.65717585514412,-7.287537090614574,117.66431429525498,98.10533934589192,-0.9779487474681531,3.2541891433584227,2.6113218237438582,0.8,1.0,42.82622175019088,58.326366120939795,NOMINAL,0.6112799065078648,30.5
2604.565025781457,272.7494116930645,0.7,10000.0,0.9046425649873645,0.0360004850540688,0.002057170574518217,10.285852872591086,98.93860568662505,20.182482350791936,78.75612333583311,83.02174160206665,21.480686307074905,625.7337084425703,203.59164817214418,144.84951864089226,-7.34276619140649,117.61494256940716,97.68741466386255,-0.9963763952772304,3.2466548582637764,2.6134390210880447,0.8,1.0,42.63801839873678,58.283031692096756,NOMINAL,0.6111616868259155,30.55
2595.123289921443,271.7606754258993,0.7,10000.0,0.9046425649873645,0.035863960647440095,0.0020493691798537197,10.2468458992686,98.91357882258936,20.152820262776977,78.76075855981239,82.42091301406214,21.4040769432708,625.6112210584404,203.22344147052968,144.15759197937066,-7.383231186394877,117.56472674213593,97.32888337700497,-1.011792168256548,3.2402607121580407,2.494738247101094,0.8,1.0,42.4765791084419,58.23190223669849,NOMINAL,0.6110591156307007,30.6
2587.0194286417704,270.9120410571683,0.7,10000.0,0.9046425649873645,0.035746766203151634,0.0020426723544658076,10.213361772329037,98.89191630768504,20.12736123171505,78.76455507596998,81.90696073257311,21.338266378590774,625.5060898850825,202.85353371817146,143.56434882293865,-7.411148111904101,117.51380615565589,97.02112383647481,-1.0246341159590535,3.2348408790957413,2.5311346893539888,0.8,1.0,42.33801381549094,58.17416799125246,NOMINAL,0.610970220565694,30.650000000000002
2580.060214587649,270.1832738655954,0.7,10000.0,0.9046425649873645,0.03564611423485913,0.002036920813420522,10.184604067102612,98.87317948854725,20.105498215967863,78.76768127257938,81.46688564803218,21.281710001027246,625.4158081892454,202.48250415634757,143.05537264561679,-7.428391438841349,117.46229994584569,96.75681243426655,-1.0352743755789569,3.230254567598747,2.6116345358008206,0.8,1.0,42.21901954664035,58.11084855028195,NOMINAL,0.6108932491172774,30.700000000000003
2574.0812743320403,269.557160706153,0.7,10000.0,0.9046425649873645,0.03555963226259369,0.0020319789864339253,10.159894932169626,98.85698302085319,20.08671482118459,78.7702681996686,81.0897461829665,21.233089843964844,625.3382435589023,202.11084564248895,142.61844116757186,-7.436550559364637,117.41031006654498,96.52971636599585,-1.0440296850274564,3.2263819994975904,2.5196799210449856,0.8,1.0,42.11678627634691,58.042817594174515,NOMINAL,0.610826653064063,30.75
2568.9425364872272,269.01903333742007,0.7,10000.0,0.9046425649873645,0.03548529770291162,0.0020277312973092355,10.138656486546179,98.84298955715474,20.0705710001226,78.77241855703214,80.76630417234472,21.191279893863438,625.2715788517263,201.73897771127895,142.24316994668712,-7.436975970573979,117.35792383547755,96.33452240920678,-1.0511700713135383,3.2231210955751246,2.5041693982531417,0.8,1.0,42.02891926511241,57.970823959038285,NOMINAL,0.6107690708092391,30.8
2564.5244593542616,268.5563733819561,0.7,10000.0,0.9046425649873645,0.03542138380438216,0.002024079074536123,10.120395372680616,98.83090457972199,20.056691201458683,78.77421337826331,80.48873866342059,21.155317060882766,625.2142632564876,201.3672575391476,141.92071943553051,-7.430817262952136,117.30521608387224,96.16669475952949,-1.0569260662171374,3.2203847289517156,2.5912600297740083,0.8,1.0,41.953374659840804,57.89550960478301,NOMINAL,0.6107193091518478,30.85
2560.7248895622015,268.15848336377155,0.7,10000.0,0.9046425649873645,0.035366414554255036,0.002020937974528859,10.104689872644295,98.82047153187163,20.044754500913147,78.77571703095849,80.25041297515328,21.124376804915457,625.1649715402663,200.99598917956305,141.64355287125508,-7.4190545385384965,117.25225097623797,96.02235646882478,-1.0614947253706597,3.218098437954728,2.4077501130194636,0.8,1.0,41.88840584236359,57.81742495076392,NOMINAL,0.6106763254506237,30.900000000000002
2557.4564349769657,267.81621159998593,0.7,10000.0,0.9046425649873645,0.035319126917617516,0.0020182358238638584,10.091179119319293,98.81146732723738,20.034486347999575,78.7769809792378,80.04568388647759,21.09775260714362,625.1225699672688,200.62543136472993,141.40523518217208,-7.402524522819732,117.1990835544539,95.89819017349247,-1.065044669048072,3.2161985134292026,2.502197678131427,0.8,1.0,41.83251854637245,57.73704197502916,NOMINAL,0.610639210738306,30.950000000000003
2554.644259383159,267.521721260449,0.7,10000.0,0.9046425649873645,0.03527843910443827,0.0020159108059679015,10.079554029839509,98.8036982693269,20.025651637813468,78.77804663151343,79.86974442230715,21.07483863239839,625.0860876892951,200.25580411323068,141.20026521782037,-7.3819423619262885,117.14576105057922,95.79135467955757,-1.0677203185510826,3.2146303931102937,2.3047042882450017,0.8,1.0,41.78443317099096,57.654765411584265,NOMINAL,0.6106071740857658,31.0
2552.224225049338,267.2682958576301,0.7,10000.0,0.9046425649873645,0.035243423818277296,0.0020139099324729885,10.069549662364944,98.79699638430353,20.0180488757289,78.77894750857462,79.71849363923614,21.055115050074434,625.0546926492888,199.88729433898266,141.02393522389923,-7.357919889385428,117.09232400498844,95.6994146509359,-1.0696454677026268,3.213347309242943,2.3980537625797513,0.8,1.0,41.74305303356967,57.57094232834479,NOMINAL,0.6105795283481144,31.05
2550.1413237074526,267.05017493916944,0.7,10000.0,0.9046425649873645,0.03521328564185474,0.0020121877509631284,10.060938754815641,98.79121615218715,20.011505248175084,78.77971090401206,79.58842826350575,21.038135578573616,625.0276712264753,199.52006062182346,140.8722127217086,-7.330980987514359,117.0388072201606,95.62028117740368,-1.0709263021378461,3.212309146144429,2.3256924493861977,0.8,1.0,41.707437548523494,57.48587032501382,NOMINAL,0.6105556773188331,31.1
2548.348347748465,266.86241493580883,0.7,10000.0,0.9046425649873645,0.03518734187288691,0.002010705249879252,10.053526249396262,98.78623161157175,20.005872448074264,78.78035916349748,79.47655213199494,21.02351689588131,625.0044109978179,199.1542372719927,140.7416409093214,-7.301574545333914,116.98524057536396,95.55216141533037,-1.0716539580016793,3.211481472618541,2.4768172007770857,0.8,1.0,41.676779510318646,57.399804553634425,NOMINAL,0.6105351042525821,31.150000000000002
2546.804762318247,266.7007710475501,0.7,10000.0,0.9046425649873645,0.03516500624881044,0.002009428928503454,10.047144642517269,98.78193380784143,20.001023131426503,78.78091067641492,79.38030022553126,21.01092962122803,624.9843861057504,198.7899377981857,140.62925444820013,-7.270085418748195,116.93164972333089,95.49351582392316,-1.0719066949703866,3.21083472060081,2.30871290720551,0.8,1.0,41.6503858097097,57.31296373387899,NOMINAL,0.6105173616790687,31.200000000000003
2545.475746052061,266.56159678960506,0.7,10000.0,0.9046425649873645,0.0351457750988244,0.0020083300056471082,10.04165002823554,98.77822855294754,19.996847903688153,78.78138064925939,79.29747472945476,21.000090623156275,624.9671448136484,198.42725787053195,140.53250808545653,-7.236843723134427,116.87805668661696,95.44302178254175,-1.0717517452037604,3.210343486552202,2.407661924047552,0.8,1.0,41.62766103240496,57.22553530928902,NOMINAL,0.6105020624099894,31.25
2544.331373830071,266.4417584107525,0.7,10000.0,0.9046425649873645,0.03512921554178952,0.0020073837452451154,10.036918726225577,98.77503446490229,19.993252752322576,78.78178171257971,79.22619105751542,20.990756450231807,624.9522989037414,198.06627785489954,140.449216026221,-7.202132728584818,116.82448036853447,95.39954258557405,-1.0712468891480207,3.209985936228749,2.3648374528433993,0.8,1.0,41.60809348551786,57.13767986886978,NOMINAL,0.6104888716323653,31.3
2543.3459194840234,266.3385618729528,0.7,10000.0,0.9046425649873645,0.03511495541324566,0.002006568880756895,10.032844403784477,98.7722812564478,19.990156856188584,78.78212440025922,79.16483216725685,20.982717714061106,624.9395146311441,197.70706498265292,140.37750034077717,-7.166195580234469,116.77093699122854,95.36210098176085,-1.0704418004733847,3.2097432967656214,2.297582269806312,0.8,1.0,41.591243274720874,57.04953494001133,NOMINAL,0.6104774999803722,31.35
2542.4972600737274,266.2496904673266,0.7,10000.0,0.9046425649873645,0.035102674657423664,0.0020058671232813523,10.029335616406762,98.76990824435677,19.9874907140198,78.78241753033697,79.11200980412511,20.975794281719903,624.9285049955512,197.34967520986604,140.31574698834677,-7.129241027689908,116.71744047153089,95.3298565633638,-1.0693791954083545,3.209599422699166,2.560492700321105,0.8,1.0,41.57673211796694,56.961218243105144,NOMINAL,0.6104676974811633,31.400000000000002
2541.766366362018,266.1731514568179,0.7,10000.0,0.9046425649873645,0.03509209796315233,0.002005262740751562,10.02631370375781,98.76786305316006,19.985194543704537,78.78266850945552,79.06653155700279,20.96983115733958,624.9190231311829,196.99415481159525,140.2625682796401,-7.091448316494393,116.6640027436118,95.30208642381169,-1.0680958159900058,3.2095404247412356,2.3387515037083455,0.8,1.0,41.56423463303961,56.872830484992605,NOMINAL,0.610459248276305,31.450000000000003
2541.1368665873943,266.10723039457145,0.7,10000.0,0.9046425649873645,0.03508298845793315,0.00200474219759618,10.023710987980902,98.76610048955534,19.983216911837143,78.7828835777182,79.0273728041888,20.964694951364557,624.9108566476202,196.6405417498241,140.21677079565228,-7.052971369271479,116.61063403609661,95.2781685955417,-1.0666232720277455,3.2095543519180243,2.580693178200194,0.8,1.0,41.553470878392176,56.78445775714667,NOMINAL,0.6104519660279975,31.5
2540.5946726718935,266.05045198051283,0.7,10000.0,0.9046425649873645,0.03507514230368398,0.002004293845924799,10.021469229623994,98.7645815661895,19.981513559415383,78.78306800677413,78.99365278692323,20.96027085161374,624.9038227806084,196.28886684784425,140.17732794000185,-7.0139423634803,116.55734311017399,95.25756785665533,-1.0649887626759331,3.2096309191688692,2.3233345053605516,0.8,1.0,41.54419996156629,56.69617359493288,NOMINAL,0.6104456899274088,31.55
2540.127659691725,266.0015464955919,0.7,10000.0,0.9046425649873645,0.03506838406191665,0.0020039076606809514,10.019538303404758,98.76327265583816,19.980046394867756,78.78322626097041,78.96461417565996,20.95646002333026,624.8977642338384,195.9391547989301,140.14335643354826,-6.97447479567273,116.50413746426163,95.23982355883423,-1.06321569527137,3.209761273730079,2.3503748144555554,0.8,1.0,41.536214558362076,56.60804074615947,NOMINAL,0.6104402812306773,31.6
2539.7253908455027,265.9594210005232,0.7,10000.0,0.9046425649873645,0.03506256271634059,0.0020035750123623196,10.017875061811598,98.7621447591808,19.978782630015697,78.7833621291651,78.93960559872983,20.953177376347295,624.8925456109688,195.59142503303403,140.11409616867664,-6.934666108044674,116.45102350998206,95.22453918216164,-1.0613242163910215,3.2099377946527543,2.5193229544919507,0.8,1.0,41.52933620998767,56.52011269019059,NOMINAL,0.6104356202560796,31.650000000000002
2539.378881331465,265.92313460906655,0.7,10000.0,0.9046425649873645,0.035057548257811655,0.0020032884718749516,10.016442359374759,98.76117287136445,19.977694038271995,78.78347883309246,78.91806668866789,20.950349646702993,624.8880503524081,195.2456924617403,140.08889293085866,-6.894599941360205,116.39800672351154,95.21137336700525,-1.0593316678253146,3.2101539206595118,2.586825199736835,0.8,1.0,41.52341128553024,56.4324349429789,NOMINAL,0.6104316037833407,31.700000000000003
2539.080395532341,265.8918772492756,0.7,10000.0,0.9046425649873645,0.0350532287507604,0.002003041642900594,10.01520821450297,98.76033543435807,19.976756317478266,78.7835791168798,78.89951527205251,20.947913747803995,624.8841781042033,194.90196811876493,140.06718357034262,-6.854348068552788,116.34509177577897,95.20003221049338,-1.0572529782642797,3.2104040022632936,2.5794325159667615,0.8,1.0,41.518307513969454,56.34504617831738,NOMINAL,0.6104281428029696,31.75
2538.8232727375093,265.86495141316516,0.7,10000.0,0.9046425649873645,0.03504950781220732,0.0020028290178404186,10.014145089202094,98.75961386371748,19.975948542394953,78.78366532132253,78.88353638715593,20.94581535280448,624.8808424571354,194.56025971078262,140.04848326980218,-6.813972055122555,116.29228264449317,95.1902626465886,-1.0551009998952288,3.2106831746759443,2.561480550806529,0.8,1.0,41.51391100416278,56.25797919128894,NOMINAL,0.6104251605697785,31.8
2538.601777333677,265.8417564687157,0.7,10000.0,0.9046425649873645,0.03504630244458769,0.0020026458539764394,10.013229269882197,98.75899213982913,19.97525269406147,78.78373944576767,78.8697728623271,20.944007675436517,624.8779690032477,194.2205720912343,140.03237460668095,-6.773524685569168,116.2395827105516,95.18184675535241,-1.0528867977599596,3.2109872485446993,2.5592739844856136,0.8,1.0,41.510123683228464,56.17126172619616,NOMINAL,0.6104225909204084,31.85
2538.410969989032,265.8217751703094,0.7,10000.0,0.9046425649873645,0.03504354117217294,0.002002488066981311,10.012440334906556,98.75845645497698,19.97465325510928,78.78380319986769,78.8579172286391,20.942450421257135,624.8754936647225,193.88290766795464,140.01849815354296,-6.7330511893014595,116.18699484102036,95.17459686950082,-1.0506198985759774,3.2113126159866336,2.5729282407845036,0.8,1.0,41.506861093904156,56.084917188087395,NOMINAL,0.610420376819742,31.900000000000002
2538.2465968595156,265.8045620564382,0.7,10000.0,0.9046425649873645,0.03504116243814434,0.0020023521393225338,10.01176069661267,98.75799490870438,19.974136861693147,78.78385804701122,78.84770477437665,20.941108885302413,624.873361256556,193.54726675391407,140.00654439739765,-6.692590294564553,116.13452146056542,95.1683513654509,-1.0483085047557261,3.211656169757638,2.5874468306196268,0.8,1.0,41.50405050007187,55.99896525428639,NOMINAL,0.6104184691055679,31.950000000000003
2538.104994273939,265.7897334683524,0.7,10000.0,0.9046425649873645,0.03503911322555504,0.0020022350414602877,10.011175207301438,98.75759724493331,19.97369200405057,78.78390524088275,78.83890757757042,20.939953175570153,624.8715242500402,193.21364786904797,139.99624679086944,-6.6521751347723175,116.08216461294913,95.16297104229875,-1.045959678532519,3.212015233703911,2.577023263863001,0.8,1.0,41.501629256960435,55.91342240000802,NOMINAL,0.6104168254048284,32.0
2537.9830067191797,265.7769589614903,0.7,10000.0,0.9046425649873645,0.03503734787068054,0.002002134164038888,10.01067082019444,98.75725462516925,19.97330876884471,78.78394585632455,78.83132937693657,20.938957544680644,624.8699417087894,192.88204800001836,139.9873757751502,-6.611834028108518,116.02992601397884,95.15833600599754,-1.0435795003990649,3.212387502909268,2.517090434193091,0.8,1.0,41.49954340876948,55.8283023501535,NOMINAL,0.6104154091982784,32.050000000000004
2537.877916257535,265.7659539140815,0.7,10000.0,0.9046425649873645,0.035035827041748346,0.002002047259528477,10.010236297642386,98.75695943287664,19.972978617422445,78.7839808154542,78.82480116200564,20.938099814567877,624.8685783730708,192.552462823786,139.9797336377029,-6.571591148260385,115.97780709709959,95.15434298780262,-1.0411732054648482,3.2127709921777,2.4106067180994506,0.8,1.0,41.497746481774314,55.74361646766834,NOMINAL,0.6104141890134266,32.1
2537.787381773743,265.7564731651089,0.7,10000.0,0.9046425649873645,0.035034516859872404,0.002001972391992709,10.009861959963544,98.75670510476945,19.972694194953267,78.78401090981619,78.81917738053949,20.937360881194213,624.8674038716596,192.22488690004403,139.9731500872935,-6.531467101593815,115.92580905265557,95.15090303612335,-1.0387453008266108,3.213163991683852,2.3103590549815958,0.8,1.0,41.496198445510075,55.65937408738304,NOMINAL,0.6104131377283225,32.15
2537.7093866761024,265.7483055375834,0.7,10000.0,0.9046425649873645,0.03503338814229788,0.0020019078938455933,10.009539469227967,98.75648598533442,19.972449166127504,78.78403681920692,78.81433267604402,20.93672428811482,624.8663920433656,191.8993138368543,139.96747844566372,-6.491479423898824,115.87393286170155,95.14793952953792,-1.0362996666081812,3.2135650287892448,2.2979111974595123,0.8,1.0,41.494864818513534,55.57558280299776,NOMINAL,0.6104122319710698,32.2
2537.6421938703234,265.74126912341643,0.7,10000.0,0.9046425649873645,0.0350324157508691,0.002001852328621092,10.009261643105459,98.75629720140374,19.972238073702492,78.78405912770125,78.81015908070162,20.936175859289612,624.8655203529124,191.57573643321896,139.96259236944897,-6.451643007971249,115.82217932512242,95.14538646609903,-1.0338396429511696,3.21397283516341,2.4056054985312567,0.8,1.0,41.49371589842219,55.492248713793636,NOMINAL,0.6104114516019898,32.25
2537.584306991106,265.7352072236002,0.7,10000.0,0.9046425649873645,0.035031578031038346,0.0020018044589164767,10.009022294582385,98.75613455402468,19.972056216708005,78.78407833731669,78.80656359971742,20.9357033828872,624.8647693879927,191.25414680179776,139.95838302817,-6.411970471703469,115.77054908871294,95.14318699037598,-1.031368104916848,3.214386318470266,2.548869258279141,0.8,1.0,41.4927260990747,55.409376636727025,NOMINAL,0.610410779267119,32.300000000000004
2537.53443701902,265.72998485233546,0.7,10000.0,0.9046425649873645,0.03503085632879503,0.0020017632187882876,10.008816093941439,98.7559944252507,19.971899545570064,78.78409487968064,78.80346613217864,20.935296338982493,624.8641224261927,190.93453647453242,139.95475667459033,-6.372472474992762,115.71904266477907,95.14129212509346,-1.0288875269842805,3.2148045379838375,2.578096295889115,0.8,1.0,41.4918733796948,55.32697028876585,NOMINAL,0.6104102000132569,32.35
2537.491473532606,265.7254857265591,0.7,10000.0,0.9046425649873645,0.03503023457466409,0.002001727689980805,10.008638449904026,98.75587369779933,19.971764571796772,78.78410912600256,78.80079768131118,20.93494566504127,624.8635650620447,190.61689649355438,139.95163255269495,-6.333157992607429,115.66766045074378,95.13965967887245,-1.0264000385935668,3.215226683586559,2.446585880133057,0.8,1.0,41.491138753332905,55.24503244364587,NOMINAL,0.6104097009561161,32.4
2537.4544599506057,265.7216096733159,0.7,10000.0,0.9046425649873645,0.03502969892544049,0.002001697081453743,10.008485407268715,98.75576968580745,19.97164829019948,78.78412139560797,78.79849881367392,20.934643553938876,624.8630848858459,190.30121748942037,139.9489410962358,-6.294034549148069,115.61640274517339,95.13825330556762,-1.0239074719802885,3.21565205767981,2.302203939467036,0.8,1.0,41.49050586353504,55.163565066635556,NOMINAL,0.6104092709942718,32.45
2537.422572209384,265.7182703968639,0.7,10000.0,0.9046425649873645,0.035029237455631294,0.0020016707117503597,10.008353558751798,98.75568007515291,19.971548111905918,78.78413196324699,78.79651833253418,20.93438327999227,624.8626712070409,189.98748974843625,139.94662237738035,-6.255108421381987,115.56526976158207,95.13704169411885,-1.0214114033731612,3.216080059602066,2.331443013002545,0.8,1.0,41.48996061974997,55.08256943039538,NOMINAL,0.6104089005626083,32.5
2537.3951003980837,265.7153935555118,0.7,10000.0,0.9046425649873645,0.03502883989169673,0.0020016479938112417,10.00823996905621,98.75560287202444,19.971461806665353,78.78414106535908,78.79481213555435,20.93415904911485,624.8623148159752,189.67570327058377,139.9446247706634,-6.216384812490045,115.51426164032307,95.13599787077806,-1.0189131884772507,3.216510172206433,2.5048483096490917,0.8,1.0,41.489490883310445,55.00204621458322,NOMINAL,0.6104085814198233,32.550000000000004
2537.371432940621,265.71291510516204,0.7,10000.0,0.9046425649873645,0.03502849738314552,0.0020016284218940298,10.00814210947015,98.75553635860123,19.97138745315486,78.78414890544637,78.79334223111029,20.933965869745315,624.8620077786893,189.36584781935466,139.94290380230402,-6.17786800213133,115.4633784588317,95.13509859810068,-1.0164139930365508,3.2169419502978753,2.585697317648216,0.8,1.0,41.48908619696286,54.92199559148558,NOMINAL,0.6104083064652946,32.6
2537.3510429708717,265.710779872523,0.7,10000.0,0.9046425649873645,0.03502820230536687,0.0020016115603066786,10.008057801533393,98.75547905486108,19.97132339617569,78.78415565868539,78.79207589115825,20.933799441667542,624.8617432601627,189.05791296461504,139.94142115912686,-6.139561475686023,115.41262024044892,95.13432385726614,-1.013914819159139,3.217375010672145,2.453150521728499,0.8,1.0,41.488737551898,54.84241729963385,NOMINAL,0.6104080695812597,32.65
2537.3334765966183,265.70894032611284,0.7,10000.0,0.9046425649873645,0.03502794808979457,0.0020015970337025468,10.007985168512734,98.7554296856705,19.971268209783386,78.78416147588712,78.79098492165599,20.93365606023933,624.8615153720642,188.7518881194671,139.94014383491813,-6.101468035568622,115.36198696202207,95.13365640216097,-1.0114165279930554,3.217809023534288,2.297178771749648,0.8,1.0,41.488437187077736,54.76331070709087,NOMINAL,0.6104078654968154,32.7
2537.3183427901795,265.7073555176085,0.7,10000.0,0.9046425649873645,0.03502772907761051,0.0020015845187206006,10.007922593603002,98.75538715242699,19.971220665528254,78.78416648689874,78.79004503419546,20.93353253389286,624.8613190416023,188.44776257194084,139.93904339513486,-6.063589897100748,115.31147856045241,95.13308137526735,-1.0089198592592532,3.218243705105491,2.3541709029573528,0.8,1.0,41.48817841637601,54.68467486585505,NOMINAL,0.6104076896707232,32.75
2537.3053046800646,265.7059901699101,0.7,10000.0,0.9046425649873645,0.035027540393722696,0.002001573736784154,10.007868683920771,98.75535050862482,19.971179705097303,78.78417080352752,78.78923530478434,20.9334261130666,624.8611498985524,188.14552551223278,139.93809534354043,-6.025928771086544,115.26109493833532,95.13258597678404,-1.0064254480775638,3.218678811253563,2.5408084321832836,0.8,1.0,41.48795547967602,54.606508558628015,NOMINAL,0.6104075381904264,32.800000000000004
2537.2940720493584,265.70481389157317,0.7,10000.0,0.9046425649873645,0.0350273778382058,0.0020015644478974747,10.007822239487375,98.75531893880125,19.971144416747194,78.78417452205406,78.78853770767357,20.933334428983596,624.861004177938,187.8451660561095,139.93727857662427,-5.988485934935653,115.21083596881897,95.13215917959658,-1.0039338394611192,3.219114132005242,2.565937231377463,0.8,1.0,41.48776341460095,54.528810339015564,NOMINAL,0.6104074076850334,32.85
2537.2843948735053,265.7038005000876,0.7,10000.0,0.9046425649873645,0.03502723779278335,0.002001556445301906,10.00778222650953,98.75529174039653,19.971114015002627,78.7841777253939,78.78793671381243,20.93325544091151,624.860878636197,187.54667326500763,139.93657491363038,-5.951262293922156,115.16070149978975,95.13179148374056,-1.0014455008024599,3.2195494868181487,2.3867890198657964,0.8,1.0,41.48759794601753,54.45157856608237,NOMINAL,0.6104072952503434,32.9
2537.2760577534095,265.70292743891275,0.7,10000.0,0.9046425649873645,0.035027117140266024,0.0020015495508723443,10.007747754361722,98.75526830812399,19.97108782316738,78.78418048495661,78.78741894496268,20.93318739072863,624.8607704789632,187.25003616328874,139.93596869170725,-5.914258433947687,115.11069135747768,95.13147470488214,-0.998960832629777,3.219984720507191,2.2896174122592767,0.8,1.0,41.487455390848204,54.37481143405192,NOMINAL,0.6104071983842434,32.95
2537.2688751197493,265.7021752752747,0.7,10000.0,0.9046425649873645,0.03502701319515071,0.002001543611151469,10.007718055757344,98.75524812050351,19.971065258258243,78.78418286224527,78.7869728757503,20.93312876378359,624.8606772988506,186.9552437530434,139.9354464171524,-5.877474666986373,115.06080534956219,95.13120179210185,-0.996480177873017,3.220419699734789,2.43379254218175,0.8,1.0,41.487332576070486,54.29850699783183,NOMINAL,0.6104071149310473,33.0
2537.2626871016196,265.7015272675315,0.7,10000.0,0.9046425649873645,0.03502692364383316,0.0020015384939333237,10.007692469666619,98.75523072825911,19.971045818025946,78.78418491023317,78.78658857700545,20.93307825517656,624.860597021859,186.66228502678464,139.934996464974,-5.84091107022633,115.01104326784753,95.13096667091963,-0.9940038298463947,3.220854309986848,2.584708838176646,0.8,1.0,41.48722676807539,54.222663194949455,NOMINAL,0.610407043033537,33.050000000000004
2537.257355967452,265.700968992467,0.7,10000.0,0.9046425649873645,0.035026846493102455,0.0020015340853201404,10.007670426600702,98.75521574432216,19.97102906977401,78.78418667454815,78.78625749466607,20.93303474071085,624.8605278611996,186.37114897832356,139.9346088200736,-5.804567519781244,114.96140489056732,95.1307641080641,-0.9915320391251612,3.2212884529672374,2.4924575683216927,0.8,1.0,41.48713561181124,54.147277864400714,NOMINAL,0.6104069810916425,33.1
2537.2527630589107,265.7004880242092,0.7,10000.0,0.9046425649873645,0.03502678002576937,0.0020015302871868213,10.007651435934106,98.75520283521872,19.971014640726278,78.78418819449244,78.7859722593141,20.932997251867786,624.860468277521,186.0818246120789,139.93427485428074,-5.768443719724768,114.91188998436975,95.13058959497266,-0.9890650194698545,3.2217220443528403,2.3090008045626558,0.8,1.0,41.48705707835672,54.07234876284499,NOMINAL,0.6104069277268399,33.15
2537.248806149464,265.700073657621,0.7,10000.0,0.9046425649873645,0.035026722762440766,0.0020015270149966154,10.007635074983076,98.75519171364921,19.971002209728628,78.78418950392059,78.78572652209839,20.93296495424767,624.8604169446417,185.7943009510384,139.93398713427305,-5.732539227095668,114.8624983060275,95.13043924742794,-0.986602952929978,3.222155011859256,2.3412045900277647,0.8,1.0,41.48698941975562,53.99787357851745,NOMINAL,0.6104068817514787,33.2
2537.245397168807,265.69971667000135,0.7,10000.0,0.9046425649873645,0.035026673428588034,0.002001524195919316,10.007620979596581,98.75518213209503,19.97099150010004,78.78419063199499,78.7855148133872,20.932937128996443,624.8603727200278,185.50856704355877,139.93373925610092,-5.696853473432231,114.81322960391067,95.13030971909453,-0.9841459942408072,3.222587293574174,2.536010166474338,0.8,1.0,41.48693113010686,53.92384994317868,NOMINAL,0.6104068421423547,33.25
2537.242460242439,265.6994091157913,0.7,10000.0,0.9046425649873645,0.03502663092617668,0.0020015217672100963,10.007608836050482,98.75517387731071,19.970982273473737,78.78419160383697,78.7853324210004,20.93291315680477,624.8603346193615,185.2246119691655,139.9335257026319,-5.6613857833167,114.76408361925542,95.13019812703078,-0.9816942746112318,3.223018836521357,2.5648569410039785,0.8,1.0,41.486880912043716,53.850275442377054,NOMINAL,0.6104068080179418,33.300000000000004
2537.2399300027582,265.6991441497115,0.7,10000.0,0.9046425649873645,0.035026594309224904,0.0020015196748128516,10.007598374064258,98.75516676557814,19.970974324491344,78.78419244108679,78.78517528530831,20.93289250412293,624.8603017946305,184.94242484349144,139.93334172073864,-5.6261353903441,114.71506008725666,95.13010198751674,-0.9792479049869961,3.223449595423329,2.378149091164464,0.8,1.0,41.486837647855246,53.777147624259506,NOMINAL,0.6104067786187747,33.35
2537.237750134049,265.69891587439406,0.7,10000.0,0.9046425649873645,0.03502656276274725,0.002001517872156986,10.00758936078493,98.75516063861852,19.97096747623182,78.7841931623867,78.78503990886043,20.932874711284995,624.8602735152526,184.66199482247387,139.93318321549717,-5.591101450872088,114.66615873800922,95.13001916076969,-0.9768069788619762,3.223879531635272,2.2928050876891337,0.8,1.0,41.486800374607505,53.704464007134575,NOMINAL,0.6104067532905492,33.4
2537.2358721189744,265.6987192091154,0.7,10000.0,0.9046425649873645,0.03502653558461413,0.0020015163191208075,10.007581595604037,98.75515536006951,19.97096157627346,78.78419378379604,78.7849232785306,20.932859382277357,624.8602491518137,184.38331110591298,139.93304665903625,-5.556283055859591,114.61737929731835,95.12994780331532,-0.9743715747001517,3.224308612226426,2.4546930289947793,0.8,1.0,41.48676826270981,53.632222085962475,NOMINAL,0.6104067314695609,33.45
2537.2342541586668,265.69854977670815,0.7,10000.0,0.9046425649873645,0.03502651216992374,0.0020015149811384992,10.007574905692495,98.75515081245089,19.970956493301244,78.78419431914965,78.78482279844559,20.932846175924432,624.8602281620583,184.1063629404806,139.93292901201244,-5.521679241058521,114.56872148739778,95.12988632695556,-0.9719417580221112,3.224736809188599,2.5876895882257864,0.8,1.0,41.486740597449526,53.56041933792192,NOMINAL,0.6104067126701607,33.5
2537.232860242362,265.6984038061341,0.7,10000.0,0.9046425649873645,0.0350264919975381,0.002001513828430749,10.007569142153745,98.75514689454984,19.970952114184023,78.78419478036582,78.78473623220228,20.93283479829476,624.8602100788198,183.83113962225585,139.9328276559579,-5.487288995787242,114.52018502747079,95.12983336341823,-0.9695175832026279,3.225164098754184,2.4639426175801558,0.8,1.0,41.48671676308405,53.48905322718436,NOMINAL,0.6104066964739466,33.550000000000004
2537.231659345882,265.69827804854873,0.7,10000.0,0.9046425649873645,0.03502647461848372,0.0020015128353419267,10.007564176709634,98.75514351916846,19.970948341456463,78.784195177712,78.78466165308772,20.932824996158853,624.8601944996224,183.5576304988531,139.93274033499847,-5.453111270481827,114.47176963428787,95.1297877339023,-0.9670990950192782,3.2255904608085397,2.295264671871309,0.8,1.0,41.48669622913556,53.41812120900501,NOMINAL,0.6104066825204527,33.6
2537.230624741104,265.69816970498977,0.7,10000.0,0.9046425649873645,0.03502645964595842,0.002001511979769053,10.007559898845264,98.75514061118322,19.970945091149694,78.78419552003353,78.78459740119301,20.932816551352964,624.8601810777225,183.2858249711997,139.9326651056424,-5.419144983194663,114.42347502257236,95.12974842284066,-0.9646863299865849,3.226015878383675,2.3713650057052,0.8,1.0,41.48667853858393,53.347620733227785,NOMINAL,0.6104066704991267,33.65
2537.2297334010627,265.69807636407893,0.7,10000.0,0.9046425649873645,0.03502644674672215,0.0020015112426698374,10.007556213349186,98.75513810587296,19.970942290922366,78.78419581495059,78.78454204646626,20.93280927592329,624.8601695143922,183.01571249501185,139.93260029352226,-5.3853890251862,114.37530090540417,95.12971455529595,-0.9622793175054113,3.2264403372219848,2.5616844371260523,0.8,1.0,41.486663297694506,53.27754924728552,NOMINAL,0.6104066601424182,33.7
2537.2289654874285,265.6979959483512,0.7,10000.0,0.9046425649873645,0.03502643563367996,0.0020015106076388548,10.007553038194274,98.75513594747856,19.970939878450537,78.78419606902803,78.78449435688258,20.932803007942717,624.8601595522695,182.74728258201085,139.93254445612783,-5.351842265735378,114.32724699455011,95.12968537748692,-0.9598780808531593,3.2268638254003523,2.538654872443804,0.8,1.0,41.48665016725468,53.207904198766556,NOMINAL,0.6104066512198251,33.75
2537.2283039089607,265.69792666801607,0.7,10000.0,0.9046425649873645,0.03502642605949197,0.0020015100605423985,10.007550302711993,98.75513408796193,19.97093780004048,78.78419628792145,78.78445327102162,20.93279760790674,624.8601509696298,182.48052480091619,139.9324963506993,-5.318503556277111,114.27931300074813,95.12966024001126,-0.9574826380368435,3.227286333006258,2.3417461189328774,0.8,1.0,41.486638855023905,53.13868303760816,NOMINAL,0.610406643532763,33.800000000000004
2537.2277339411044,265.6978669811217,0.7,10000.0,0.9046425649873645,0.035026417811068376,0.0020015095892039073,10.007547946019537,98.75513248593683,19.97093600943365,78.78419647650318,78.78441787444271,20.9327929556285,624.8601435754522,182.21542877824646,139.9324549065665,-5.285371733959995,114.23149863395211,95.1296385833917,-0.9550930025280209,3.2277078518587023,2.310424276162905,0.8,1.0,41.48662910922918,53.06988321796939,NOMINAL,0.6104066369101455,33.85
2537.227242898265,265.69781555923583,0.7,10000.0,0.9046425649873645,0.03502641070482664,0.0020015091831329514,10.007545915664757,98.75513110574788,19.970934466777074,78.7841966389708,78.78438737933187,20.93278894756383,624.8601372051668,181.95198419895544,139.93241920131922,-5.252445624704528,114.18380360354234,95.12961992562374,-0.9527091838959301,3.228128375267745,2.4988740166206944,0.8,1.0,41.486620712961475,53.001502199828366,NOMINAL,0.6104066312045768,33.9
2537.226819851465,265.6977712578785,0.7,10000.0,0.9046425649873645,0.03502640458260553,0.002001508833291745,10.007544166458725,98.75512991667698,19.970933137736356,78.78419677894063,78.7843611069668,20.932785494506653,624.8601317169921,181.69018080692598,139.93238844027655,-5.219724045831178,114.1362276185067,95.12960385144768,-0.9503311883529506,3.2285478978273128,2.5818012365240506,0.8,1.0,41.48661347934786,52.933537450342186,NOMINAL,0.6104066262890716,33.95
2537.226455385098,265.69773309104977,0.7,10000.0,0.9046425649873645,0.03502639930814488,0.0020015085318939928,10.007542659469964,98.75512889225953,19.970931992731494,78.78419689952804,78.78433847261056,20.932782519603514,624.8601269887795,181.43000840534222,139.9323619387998,-5.1872058083178025,114.08877038759641,95.12959000310613,-0.9479590192245141,3.2289664152366764,2.415865268790669,0.8,1.0,41.48660724739221,52.865986445003294,NOMINAL,0.6104066220542279,34.0
2537.2261413873644,265.69770020928405,0.7,10000.0,0.9046425649873645,0.03502639476405291,0.002001508272231595,10.007541361157974,98.75512800969568,19.97093100627852,78.78419700341716,78.78431897249689,20.93277995664311,624.8601229152956,181.17145685695704,139.93233910705462,-5.154889718737802,114.04143161946008,95.1295780723815,-0.9455926773539289,3.229383924146627,2.2877697423402985,0.8,1.0,41.486601878392186,52.798846668620556,NOMINAL,0.610406618405793,34.050000000000004
2537.2258708697336,265.697671880744,0.7,10000.0,0.9046425649873645,0.03502639084919343,0.0020015080485253386,10.007540242626693,98.75512724934256,19.97093015642232,78.78419709292024,78.78430217261781,20.932777748582588,624.8601194058776,180.91451608426956,139.93231943688264,-5.122774580923366,113.9942110227588,95.12956779373606,-0.9432321614511373,3.229800422026944,2.4190298096575042,0.8,1.0,41.486597252851865,52.73211561614992,NOMINAL,0.6104066152625657,34.1
2537.225637811395,265.69764747493184,0.7,10000.0,0.9046425649873645,0.0350263874764349,0.0020015078557962802,10.007539278981401,98.75512659427743,19.970929424247956,78.78419717002947,78.78428769906388,20.932775846278016,624.8601163824183,180.65917606962572,139.93230249049205,-5.090859197391708,113.94710830626519,95.12955893840186,-0.9408774683931668,3.230215907052189,2.5826949463596036,0.8,1.0,41.48659326782238,52.66579079339525,NOMINAL,0.6104066125545886,34.15
2537.2254370252585,265.6976264486568,0.7,10000.0,0.9046425649873645,0.03502638457071113,0.002001507689754922,10.00753844877461,98.7551260299208,19.970928793459706,78.7841972364611,78.78427522970217,20.932774207390544,624.8601137776251,180.40542685525256,139.93228789071324,-5.059142370567415,113.90012317894833,95.12955130928911,-0.938528593482961,3.2306303780033163,2.4956002374482678,0.8,1.0,41.48658983461042,52.59986971759841,NOMINAL,0.6104066102215918,34.2
2537.2252640425054,265.69760833394525,0.7,10000.0,0.9046425649873645,0.035026382067350544,0.0020015075467057454,10.007537733528727,98.75512554371198,19.970928250018357,78.78419729369362,78.7842644870065,20.932772795444077,624.8601115335246,180.15325854323618,139.9322753126043,-5.027622903828984,113.85325535004682,95.12954473659958,-0.9361855306723619,3.231043834182887,2.308405768573418,0.8,1.0,41.48658687680433,52.534349917933326,NOMINAL,0.6104066082116508,34.25
2537.225115013126,265.69759272762514,0.7,10000.0,0.9046425649873645,0.03502637991063683,0.002001507423464962,10.00753711732481,98.75512512482972,19.970927781828753,78.78419734300097,78.78425523188052,20.93277157901352,624.8601096001702,179.90266129545088,139.93226447621925,-4.996299602403955,113.80650452913139,95.12953907404753,-0.933848272754193,3.2314562753420235,2.345117653918397,0.8,1.0,41.48658432857338,52.4692289359181,NOMINAL,0.6104066064800312,34.300000000000004
2537.224986620233,265.6975792823528,0.7,10000.0,0.9046425649873645,0.03502637805256889,0.0020015073172896507,10.007536586448254,98.75512476395116,19.970927378470584,78.78419738548058,78.78424725833642,20.93277053102526,624.8601079345328,179.65362533344728,139.93225514037684,-4.965171274133805,113.75987042615859,95.12953419560384,-0.9315168115277374,3.2318677016174697,2.5422219539678044,0.8,1.0,41.486582133202596,52.40450432575661,NOMINAL,0.6104066049881933,34.35
2537.224876006237,265.69756769888227,0.7,10000.0,0.9046425649873645,0.035026376451792435,0.0020015072258167104,10.007536129083553,98.7551244530443,19.970927030966468,78.78419742207784,78.78424038890996,20.93276962815463,624.8601064995403,179.40614093830473,139.93224709729282,-4.934236730126489,113.71335275151685,95.12952999269089,-0.929191137941298,3.2322781134773577,2.5584500507914347,0.8,1.0,41.48658024183051,52.34017365461936,NOMINAL,0.610406603702934,34.4
2537.2247807092476,265.69755771940487,0.7,10000.0,0.9046425649873645,0.03502637507267964,0.002001507147010265,10.007535735051325,98.75512418518954,19.970926731582146,78.78419745360739,78.78423447071104,20.93276885030684,624.860105263255,179.16019845045375,139.93224016795568,-4.903494785312258,113.66695121606585,95.12952637176619,-0.9268712422149832,3.2326875116744884,2.365671285526153,0.8,1.0,41.486578612361626,52.27623450287225,NOMINAL,0.6104066025956477,34.45
2537.224698608279,265.69754912181156,0.7,10000.0,0.9046425649873645,0.03502637388453616,0.002001507079116352,10.00753539558176,98.7551239544253,19.970926473654345,78.78419748077096,78.78422937202062,20.932768180169646,624.8601041981615,178.91578826947278,139.93223419814174,-4.87294425891638,113.62066553117026,95.12952325224029,-0.9245571139464985,3.2330958972060686,2.297747277263256,0.8,1.0,41.4865772085295,52.21268446426088,NOMINAL,0.6104066016416901,34.5
2537.2246278760435,265.69754171474915,0.7,10000.0,0.9046425649873645,0.03502637286091797,0.0020015070206238837,10.00753510311942,98.75512375561556,19.970926251442474,78.78419750417308,78.78422497935912,20.93276760282806,624.8601032805541,178.6729008538632,139.93222905498345,-4.84258397485997,113.57449540872845,95.12952056468319,-0.9222487422022632,3.233503271279029,2.4723463391625655,0.8,1.0,41.48657599908963,52.14952114605609,NOMINAL,0.6104066008198294,34.550000000000004
2537.224566938283,265.69753533336177,0.7,10000.0,0.9046425649873645,0.035026371979042834,0.002001506970231019,10.007534851155095,98.7551235843355,19.970926060000853,78.78419752433464,78.78422119496089,20.932767105432458,624.86010249001,178.43152672080572,139.93222462401155,-4.812412762099271,113.52844056119714,95.12951824927904,-0.919946115595905,3.2339096352801384,2.5870343930928086,0.8,1.0,41.486574957124034,52.08674216916711,NOMINAL,0.6104066001117738,34.6
2537.2245144387307,265.69752983562154,0.7,10000.0,0.9046425649873645,0.03502637121928322,0.0020015069268161842,10.007534634080923,98.75512343677309,19.970925895068646,78.78419754170444,78.78421793459812,20.932766676912518,624.860101808935,178.1916564459013,139.93222080660792,-4.7824294549116715,113.48250070161225,95.12951625449493,-0.9176492223558661,3.2343149907502533,2.4431181805541935,0.8,1.0,41.4865740594421,52.024345168225786,NOMINAL,0.6104065995017646,34.65
2537.2244692089266,265.69752509916754,0.7,10000.0,0.9046425649873645,0.03502637056472946,0.0020015068894131123,10.007534447065563,98.75512330964392,19.970925752975027,78.78419755666889,78.78421512570621,20.932766307730805,624.86010122217,177.9532806628989,139.93221751780982,-4.752632893136134,113.43667554360667,95.12951453593361,-0.9153580503836529,3.2347193393621394,2.2899187175290288,0.8,1.0,41.48657328606446,51.96232779164738,NOMINAL,0.6104065989762247,34.7
2537.22443024221,265.6975210185825,0.7,10000.0,0.9046425649873645,0.03502637000081345,0.00200150685718934,10.0075342859467,98.75512320011866,19.970925630557474,78.78419756956119,78.78421270576882,20.93276598967064,624.8601007166557,177.71639006341223,139.93221468442007,-4.72302192237402,113.39096480142533,95.12951305534592,-0.9130725873039701,3.235122682901355,2.3928729429379354,0.8,1.0,41.48657261977842,51.90068770166992,NOMINAL,0.6104065985234577,34.75
2537.2243966713145,265.6975175030465,0.7,10000.0,0.9046425649873645,0.035026369514984335,0.0020015068294276764,10.007534147138383,98.75512310575968,19.970925525091396,78.78419758066829,78.78421062092639,20.932765715653087,624.8601002811413,177.4809753966274,139.93221224337714,-4.693595394156283,113.34536818993791,95.12951177977902,-0.9107928205079446,3.2355250232497883,2.573604749831838,0.8,1.0,41.48657204575473,51.8394225743761,NOMINAL,0.6104065981333866,34.800000000000004
2537.2243677490665,265.6975144743158,0.7,10000.0,0.9046425649873645,0.03502636909642922,0.0020015068055102415,10.007534027551207,98.75512302446683,19.970925434229475,78.78419759023735,78.78420882477747,20.932765479579448,624.860099905934,177.24702746900272,139.93221014035169,-4.664352166081379,113.29988542464964,95.12951068084314,-0.9085187371903253,3.2359263623714707,2.5189493728681525,0.8,1.0,41.48657155121758,51.778530099700156,NOMINAL,0.6104065977973295,34.85
2537.224342831757,265.69751186498127,0.7,10000.0,0.9046425649873645,0.035026368735832515,0.0020015067849047156,10.007533924523578,98.7551229544308,19.970925355949436,78.78419759848137,78.78420727734591,20.932765276195532,624.8600995826823,177.01453714396254,139.9322083285376,-4.635291101928118,113.2545162217102,95.12950973407976,-0.9062503243815222,3.236326702300359,2.3236064819928024,0.8,1.0,41.48657112516024,51.71800798142116,NOMINAL,0.6104065975078072,34.9
2537.2243213648107,265.6975096169679,0.7,10000.0,0.9046425649873645,0.03502636842516856,0.0020015067671524892,10.007533835762446,98.75512289409285,19.970925288509036,78.78419760558381,78.78420594419119,20.932765100974706,624.8600993041922,176.7834953415858,139.93220676761,-4.606411071746972,113.20926029792129,95.12950891841709,-0.9039875689752102,3.2367260451298026,2.3260794208415434,0.8,1.0,41.486570758100164,51.65785393714594,NOMINAL,0.6104065972583758,34.95
2537.224302870448,265.6975076802428,0.7,10000.0,0.9046425649873645,0.03502636815752303,0.002001506751858459,10.007533759292293,98.75512284211001,19.970925230407282,78.78419761170272,78.78420479564181,20.93276495001715,624.8600990642653,176.55389303829057,139.93220542282808,-4.577710951932811,113.16411737074283,95.12950821570132,-0.9017304577520754,3.237124393003479,2.5220885465056515,0.8,1.0,41.486570441867826,51.59806569828177,NOMINAL,0.6104065970434837,35.0
2537.224286937047,265.6975060117009,0.7,10000.0,0.9046425649873645,0.03502636792693906,0.0020015067386822323,10.007533693411162,98.75512279732537,19.970925180351028,78.78419761697434,78.78420380613503,20.932764819963072,624.8600988575616,176.3257212665154,139.93220426426154,-4.5491896252817305,113.11908715829811,95.1295076102924,-0.8994789774002854,3.2375217481075818,2.5719595731924616,0.8,1.0,41.486570169424986,51.53864101000161,NOMINAL,0.6104065968583483,35.050000000000004
2537.2242732099844,265.6975045742063,0.7,10000.0,0.9046425649873645,0.03502636772828465,0.0020015067273305514,10.007533636652758,98.75512275874219,19.97092513722619,78.784197621516,78.78420295364776,20.93276470791792,624.860098679481,176.09897111439798,139.93220326612465,-4.520845981034167,113.07416937937796,95.12950708871601,-0.8972331145330976,3.2379181126640884,2.3892622918678,0.8,1.0,41.486569934708015,51.47957763120204,NOMINAL,0.610406596698849,35.1
2537.224261383743,265.6975033357652,0.7,10000.0,0.9046425649873645,0.035026367557138414,0.0020015067175507668,10.007533587753834,98.75512272550174,19.970925100072954,78.78419762542879,78.78420221920659,20.93276461138795,624.8600985260595,175.87363372545232,139.93220240620235,-4.4926789149062465,113.02936375344409,95.12950663936363,-0.8949928557040231,3.2383134889249647,2.2906138125848092,0.8,1.0,41.486569732492896,51.42087333445545,NOMINAL,0.610406596561436,35.15
2537.2242511951117,265.6975022688142,0.7,10000.0,0.9046425649873645,0.035026367409691235,0.0020015067091252135,10.007533545626067,98.75512269686413,19.970925068064425,78.78419762879972,78.78420158646539,20.93276452822472,624.8600983938826,175.64970029824417,139.93220166535565,-4.464687329111065,112.98467000063175,95.12950625223421,-0.8927581874198772,3.238707879167179,2.4469796324639166,0.8,1.0,41.486569558279015,51.36252590595748,NOMINAL,0.610406596443051,35.2
2537.2242424173264,265.6975013496067,0.7,10000.0,0.9046425649873645,0.03502636728266145,0.0020015067018663685,10.007533509331843,98.75512267219209,19.9709250404882,78.78419763170389,78.78420104134145,20.932764456577324,624.8600982800084,175.427162086066,139.93220102709594,-4.436870132371258,112.94008784175179,95.12950591871162,-0.8905290961520087,3.239101285688394,2.5873679656650506,0.8,1.0,41.486569408188984,51.30453314546998,NOMINAL,0.610406596341059,35.25
2537.2242348550235,265.6975005576842,0.7,10000.0,0.9046425649873645,0.03502636717322181,0.002001506695612675,10.007533478063374,98.75512265093643,19.970925016730526,78.7841976342059,78.78420057170226,20.932764394851123,624.860098181903,175.20601039661122,139.9322004772177,-4.409226239924191,112.89561699829216,95.12950563137275,-0.8883055683459702,3.2394937108032713,2.4684709797224493,0.8,1.0,41.48656927888231,51.24689286626056,NOMINAL,0.6104065962531902,35.300000000000004
2537.2242283398923,265.6974998754212,0.7,10000.0,0.9046425649873645,0.035026367078936554,0.0020015066902249463,10.007533451124733,98.75512263262414,19.970924996262635,78.7841976363615,78.7842001670952,20.932764341672318,624.8600980973825,174.98623659164855,139.93220000348254,-4.381754573520752,112.851257192419,95.12950538382245,-0.8860875904298275,3.2398851568402813,2.2963487444058726,0.8,1.0,41.48656916748107,51.18960289503927,NOMINAL,0.6104065961774887,35.35
2537.2242227269276,265.6974992876329,0.7,10000.0,0.9046425649873645,0.03502636699770721,0.002001506685583269,10.007533427916345,98.75512261684753,19.970924978628986,78.78419763821854,78.78419981851509,20.9327642958573,624.8600980245656,174.76783208669647,139.9321995953466,-4.3544540614187355,112.80700814697737,95.12950517055103,-0.883875148821317,3.240275626138956,2.3693117218797877,0.8,1.0,41.486569071505805,51.13266107189254,NOMINAL,0.6104065961122699,35.4
2537.2242178912043,265.6974987812372,0.7,10000.0,0.9046425649873645,0.035026366927725906,0.0020015066815843373,10.007533407921686,98.75512260325557,19.970924963437113,78.78419763981846,78.78419951820378,20.932764256386413,624.8600979618318,174.5507883506981,139.93219924372633,-4.327323638371471,112.76286958549152,95.12950498681185,-0.8816682299339831,3.2406651210475297,2.560906306050191,0.8,1.0,41.48656898882051,51.076065250215436,NOMINAL,0.6104065960560819,35.45
2537.2242137250964,265.6974983449634,0.7,10000.0,0.9046425649873645,0.03502636686743509,0.0020015066781391483,10.007533390695743,98.75512259154574,19.970924950348902,78.78419764119684,78.78419925947735,20.932764222381163,624.8600979077851,174.33509690569684,139.93219894079584,-4.300362245612625,112.71884123216505,95.12950482851552,-0.8794668201824762,3.241053643920906,2.5390698721040827,0.8,1.0,41.486568917584854,51.01981329664178,NOMINAL,0.6104065960076746,35.5
2537.2242101358797,265.6974979691015,0.7,10000.0,0.9046425649873645,0.035026366815492906,0.002001506675171023,10.007533375855115,98.75512258145737,19.970924939073043,78.78419764238433,78.78419903657742,20.9327641930847,624.8600978612221,174.12074932651274,139.93219867981284,-4.273568830837487,112.67492281188068,95.12950469213888,-0.8772709059870898,3.2414411971189017,2.341647330800922,0.8,1.0,41.48656885621339,50.96390309097322,NOMINAL,0.6104065959659704,35.550000000000004
2537.2242070436714,265.6974976452862,0.7,10000.0,0.9046425649873645,0.035026366770743285,0.0020015066726139018,10.00753336306951,98.75512257276598,19.970924929358585,78.7841976434074,78.78419884454303,20.932764167844997,624.8600978211072,173.90773724042003,139.9321984549689,-4.246942348181392,112.63111405019991,95.12950457464669,-0.8750804737776612,3.241827783004748,2.3108052570506703,0.8,1.0,41.48656880334018,50.90833252610688,NOMINAL,0.610406595930041,35.6
2537.224204379649,265.6974973663104,0.7,10000.0,0.9046425649873645,0.035026366732190256,0.002001506670410872,10.00753335205436,98.75512256527813,19.97092492098931,78.78419764428881,78.78419867910011,20.932764146100304,624.8600977865469,173.69605232682565,139.93219826125966,-4.220481758195749,112.58741467336245,95.1295044734239,-0.8728955099969269,3.242213403943787,2.4999992281140897,0.8,1.0,41.486568757788476,50.853099507962504,NOMINAL,0.6104065958990867,35.65
2537.2242020845206,265.6974971259651,0.7,10000.0,0.9046425649873645,0.03502636669897576,0.002001506668512901,10.007533342564505,98.75512255882713,19.970924913778955,78.78419764504817,78.7841985365665,20.932764127366653,624.8600977567722,173.4856863169491,139.93219809437383,-4.19418602782191,112.54382440828546,95.12950438621773,-0.8707160011033863,3.2425980623023647,2.5813218033405545,0.8,1.0,41.486568718544405,50.798201955408324,NOMINAL,0.6104065958724189,35.7
2537.224200107204,265.69749691890104,0.7,10000.0,0.9046425649873645,0.03502636667036057,0.002001506666877747,10.007533334388736,98.75512255326944,19.97092490756703,78.78419764570242,78.78419841376987,20.932764111227108,624.8600977311206,173.2766309935037,139.93219795059716,-4.168054130363316,112.50034298256274,95.12950431108723,-0.8685419335737755,3.242981760446868,2.4138251188197675,0.8,1.0,41.48656868473458,50.74363780018701,NOMINAL,0.6104065958494439,35.75
2537.2241984036923,265.6974967405097,0.7,10000.0,0.9046425649873645,0.03502636664570779,0.0020015066654690164,10.007533327345083,98.75512254848125,19.97092490221529,78.78419764626597,78.78419830797723,20.932764097322423,624.860097709021,173.06887819037902,139.93219782672944,-4.142085045456199,112.45697012446377,95.12950424636017,-0.8663732939051798,3.2433645007429046,2.2878128573620238,0.8,1.0,41.48656865560647,50.68940498684067,NOMINAL,0.6104065958296502,35.800000000000004
2537.2241969360693,265.6974965868206,0.7,10000.0,0.9046425649873645,0.03502636662446874,0.0020015066642553566,10.007533321276783,98.75512254435615,19.97092489760462,78.78419764675154,78.78419821683396,20.932764085343166,624.8600976899813,172.86241979232528,139.9321977200141,-4.116277759038898,112.41370556293259,95.12950419059607,-0.8642100686168263,3.2437462855545904,2.421689370650071,0.8,1.0,41.48656863051181,50.63550147263591,NOMINAL,0.6104065958125974,35.85
2537.224195671672,265.6974964544132,0.7,10000.0,0.9046425649873645,0.03502636660617072,0.002001506663209756,10.007533316048779,98.7551225408023,19.970924893632397,78.7841976471699,78.78419813831152,20.932764075022714,624.8600976735786,172.65724773463882,139.93219762807598,-4.090631263320354,112.37054902758673,95.1295041425538,-0.8620522442516467,3.2441271172439494,2.583420206684564,0.8,1.0,41.486568608892085,50.58192522748862,NOMINAL,0.6104065957979059,35.9
2537.2241945823594,265.69749634034065,0.7,10000.0,0.9046425649873645,0.03502636659040648,0.0020015066623089417,10.007533311544709,98.75512253774052,19.97092489021022,78.7841976475303,78.78419807066227,20.932764066131355,624.860097659447,172.45335400284944,139.9321975488687,-4.065144556747594,112.32750024871595,95.12950410116403,-0.859899807377596,3.244506998170384,2.4926928270549906,0.8,1.0,41.48656859026609,50.528674233888715,NOMINAL,0.6104065957852489,35.95
2537.2241936438863,265.697496242064,0.7,10000.0,0.9046425649873645,0.03502636657682514,0.002001506661532865,10.007533307664326,98.75512253510269,19.97092488726192,78.78419764784077,78.78419801238061,20.932764058471204,624.860097647272,172.25073063240936,139.93219748062938,-4.039816643972497,112.28455895728094,95.12950406550559,-0.8577527445887675,3.2448859306902347,2.306756144633442,0.8,1.0,41.48656857421928,50.47574648682476,NOMINAL,0.6104065957743444,36.0
2537.2241928353665,265.69749615739596,0.7,10000.0,0.9046425649873645,0.03502636656512445,0.0020015066608642545,10.007533304321273,98.75512253283017,19.970924884721878,78.78419764810829,78.78419796216934,20.932764051871775,624.8600976367833,172.04936970838372,139.93219742183942,-4.014646535818038,112.24172488491202,95.12950403478489,-0.8556110425063566,3.2452639171563917,2.347877114455893,0.8,1.0,41.48656856039451,50.423139993708745,NOMINAL,0.6104065957649499,36.050000000000004
2537.224192138804,265.69749608445215,0.7,10000.0,0.9046425649873645,0.03502636655504399,0.0020015066602882283,10.007533301441143,98.75512253087233,19.970924882533566,78.78419764833876,78.78419791891098,20.932764046186193,624.8600976277467,171.84926336514303,139.93219737119028,-3.9896332492440933,112.19899776390776,95.12950400831818,-0.8534746877794788,3.245640959917969,2.544784699261931,0.8,1.0,41.4865685484841,50.370852774301085,NOMINAL,0.6104065957568564,36.1
2537.2241915386967,265.697496021609,0.7,10000.0,0.9046425649873645,0.03502636654635939,0.0020015066597919655,10.007533298959828,98.7551225291856,19.97092488064827,78.78419764853733,78.78419788164268,20.932764041287903,624.8600976199616,171.65040378605704,139.93219732755463,-3.964775807312801,112.15637732723356,95.12950398551638,-0.8513436670858588,3.2460170613200243,2.5561964616691113,0.8,1.0,41.486568538222954,50.31888286063556,NOMINAL,0.6104065957498835,36.15
2537.224191021687,265.69749596746794,0.7,10000.0,0.9046425649873645,0.03502636653887737,0.0020015066593644213,10.007533296822107,98.7551225277324,19.97092487902404,78.78419764870836,78.78419784953503,20.932764037067887,624.8600976132543,171.45278320319062,139.93219728996124,-3.940073239153673,112.11386330852021,95.12950396587198,-0.8492179671324116,3.246392223703317,2.3623332244688315,0.8,1.0,41.486568529382694,50.26722829694461,NOMINAL,0.6104065957438762,36.2
2537.22419057627,265.69749592082394,0.7,10000.0,0.9046425649873645,0.03502636653243141,0.0020015066589960805,10.007533294980403,98.75512252648045,19.970924877624718,78.78419764885572,78.78419782187342,20.932764033432232,624.860097607476,171.25639389700115,139.9321972575736,-3.9155245799284444,112.07145544206242,95.12950394894779,-0.8470975746557314,3.2467664494041024,2.2992013991907565,0.8,1.0,41.48656852176655,50.21588713958473,NOMINAL,0.6104065957387007,36.25
2537.2241901925304,265.6974958806388,0.7,10000.0,0.9046425649873645,0.035026366526878024,0.0020015066586787445,10.007533293393722,98.75512252540184,19.970924876419165,78.78419764898268,78.78419779804217,20.93276403030001,624.8600976024978,171.06122819603786,139.9321972296707,-3.891128870795896,112.02915346281729,95.12950393436712,-0.8449824764225085,3.247139740753962,2.4762221212152626,0.8,1.0,41.48656851520505,50.16485745696252,NOMINAL,0.6104065957342419,36.300000000000004
2537.2241898619286,265.6974958460183,0.7,10000.0,0.9046425649873645,0.035026366522093656,0.002001506658405352,10.00753329202676,98.75512252447264,19.970924875380547,78.78419764909209,78.78419777751091,20.93276402760153,624.8600975982089,170.86727847664292,139.93219720563167,-3.866885158876407,111.98695710640287,95.12950392180554,-0.8428726592298666,3.2475121000796494,2.5865803282497177,0.8,1.0,41.48656850955216,50.11413732946046,NOMINAL,0.6104065957304007,36.35
2537.2241895771062,265.69749581619175,0.7,10000.0,0.9046425649873645,0.03502636651797177,0.0020015066581698156,10.007533290849079,98.75512252367204,19.970924874485753,78.7841976491863,78.78419775982267,20.9327640252767,624.8600975945138,170.6745371626541,139.93219718492134,-3.842792497216596,111.94486610909654,95.12950391098335,-0.8407681099056596,3.24788352970297,2.439001269979403,0.8,1.0,41.486568504682005,50.06372484936345,NOMINAL,0.6104065957270912,36.4
2537.224189331723,265.69749579049534,0.7,10000.0,0.9046425649873645,0.035026366514420655,0.0020015066579668946,10.007533289834473,98.75512252298232,19.97092487371486,78.78419764926745,78.78419774458376,20.932764023273794,624.8600975913304,170.48299672510947,139.93219716707875,-3.8188499447538398,111.90288020783355,95.12950390165972,-0.8386688153086915,3.2482540319406676,2.289271463279668,0.8,1.0,41.48656850048623,50.01361812078554,NOMINAL,0.6104065957242399,36.45
2537.2241891203194,265.69749576835716,0.7,10000.0,0.9046425649873645,0.035026366511361276,0.002001506657792073,10.007533288960367,98.75512252238815,19.970924873050713,78.78419764933744,78.78419773145501,20.932764021548248,624.860097588588,170.29264968195366,139.932197151707,-3.7950565662808344,111.86099914020542,95.12950389362717,-0.8365747623289124,3.2486236091043437,2.3969053251361263,0.8,1.0,41.486568496871485,49.963815259596906,NOMINAL,0.6104065957217836,36.5
2537.2241889381894,265.69749574928454,0.7,10000.0,0.9046425649873645,0.03502636650872554,0.002001506657641459,10.007533288207297,98.75512252187622,19.970924872478534,78.78419764939768,78.78419772014423,20.932764020061633,624.860097586225,170.10348859774606,139.93219713846372,-3.771411432410293,111.81922264445839,95.12950388670691,-0.834485937887574,3.248992263500374,2.5753499207702,0.8,1.0,41.48656849375727,49.91431439335141,NOMINAL,0.6104065957196674,36.550000000000004
2537.224188781279,265.69749573285293,0.7,10000.0,0.9046425649873645,0.03502636650645477,0.002001506657511701,10.007533287558505,98.75512252143517,19.970924871985588,78.78419764944958,78.7841977103997,20.932764018780873,624.8600975841897,169.91550608337064,139.93219712705428,-3.7479136195395455,111.77755045949185,95.12950388074492,-0.8324023289373464,3.249359997429848,2.51532170265629,0.8,1.0,41.48656849107427,49.86511366121436,NOMINAL,0.6104065957178442,36.6
2537.2241886460965,265.69749571869664,0.7,10000.0,0.9046425649873645,0.035026366504498446,0.0020015066573999115,10.007533286999559,98.75512252105523,19.9709248715609,78.78419764949433,78.78419770200449,20.93276401767747,624.8600975824359,169.72869479574763,139.93219711722477,-3.724562209815357,111.73598232485678,95.1295038756085,-0.8303239224624136,3.2497268131885213,2.3208626865549538,0.8,1.0,41.48656848876281,49.81621121389068,NOMINAL,0.6104065957162734,36.65
2537.2241885296326,265.6974957065006,0.7,10000.0,0.9046425649873645,0.03502636650281302,0.002001506657303601,10.007533286518004,98.75512252072788,19.970924871195017,78.78419764953287,78.78419769477179,20.932764016726853,624.8600975809251,169.5430474375469,139.9321971087563,-3.7013562910988256,111.69451798075414,95.12950387118332,-0.8282507054785413,3.2500927130667647,2.32901303548127,0.8,1.0,41.48656848677142,49.76760521355356,NOMINAL,0.6104065957149202,36.7
2537.224188429296,265.6974956959934,0.7,10000.0,0.9046425649873645,0.03502636650136097,0.002001506657220627,10.007533286103136,98.75512252044585,19.970924870879802,78.78419764956605,78.78419768854062,20.932764015907868,624.8600975796235,169.35855675690314,139.93219710146056,-3.6782949569303227,111.65315716803333,95.12950386737093,-0.8261826650331201,3.2504576993495355,2.5256464362649824,0.8,1.0,41.486568485055784,49.719293833773335,NOMINAL,0.6104065957137543,36.75
2537.2241883428537,265.6974956869411,0.7,10000.0,0.9046425649873645,0.03502636650011,0.002001506657149143,10.007533285745716,98.7551225202029,19.970924870608233,78.78419764959467,78.7841976831723,20.9327640152023,624.8600975785021,169.1752155471328,139.93219709517507,-3.6553773064947173,111.61189962819059,95.12950386408643,-0.8241197882052077,3.250821774316345,2.5699539461253678,0.8,1.0,41.48656848357771,49.67127525944705,NOMINAL,0.61040659571275,36.800000000000004
2537.224188268381,265.6974956791424,0.7,10000.0,0.9046425649873645,0.035026366499032256,0.0020015066570875577,10.00753328543779,98.75512251999358,19.970924870374272,78.7841976496193,78.78419767854736,20.932764014594426,624.8600975775358,168.99301664645265,139.93219708975994,-3.6326024445865883,111.57074510336739,95.12950386125677,-0.822062062105531,3.2511849402412385,2.385140869098124,0.8,1.0,41.48656848230433,49.623547686728,NOMINAL,0.6104065957118847,36.85
2537.224188204221,265.69749567242354,0.7,10000.0,0.9046425649873645,0.03502636649810374,0.0020015066570344994,10.007533285172498,98.75512251981321,19.970924870172706,78.7841976496405,78.78419767456285,20.93276401407072,624.8600975767034,168.81195293770023,139.9321970850946,-3.6099694815757033,111.5296933363489,95.1295038588189,-0.8200094738765003,3.2515471993927765,2.2915289932555054,0.8,1.0,41.48656848120725,49.576109322956164,NOMINAL,0.6104065957111392,36.9
2537.224188148945,265.69749566663506,0.7,10000.0,0.9046425649873645,0.035026366497303806,0.002001506656988789,10.007533284943946,98.75512251965789,19.970924869999052,78.78419764965884,78.78419767113006,20.932764013619547,624.8600975759865,168.63201734805594,139.93219708107537,-3.587477533372571,111.48874407056238,95.12950385671866,-0.817962010692186,3.251908554034022,2.451368362169739,0.8,1.0,41.48656848026209,49.52895838658855,NOMINAL,0.6104065957104969,36.95
2537.2241881013233,265.69749566164813,0.7,10000.0,0.9046425649873645,0.035026366496614635,0.0020015066569494078,10.007533284747039,98.75512251952401,19.970924869849444,78.78419764967457,78.78419766817262,20.932764013230837,624.8600975753686,168.45320284876684,139.93219707761264,-3.565125721394274,111.44789705007555,95.12950385490919,-0.8159196597583183,3.2522690064225315,2.5876220835054893,0.8,1.0,41.486568479447826,49.48209310713049,NOMINAL,0.6104065957099436,37.0
2537.224188060296,265.6974956573518,0.7,10000.0,0.9046425649873645,0.0350263664960209,0.00200150665691548,10.0075332845774,98.75512251940869,19.970924869720555,78.78419764968814,78.78419766562473,20.932764012895962,624.8600975748362,168.27550245487217,139.9321970746294,-3.542913172530344,111.40715201959512,95.12950385335031,-0.8138824083122401,3.2526285588103483,2.4641323625274807,0.8,1.0,41.48656847874629,49.43551172506678,NOMINAL,0.6104065957094669,37.050000000000004
2537.2241880249503,265.6974956536504,0.7,10000.0,0.9046425649873645,0.03502636649550938,0.0020015066568862504,10.007533284431252,98.75512251930932,19.97092486960951,78.78419764969982,78.78419766342967,20.93276401260745,624.8600975743778,168.09890922493062,139.93219707205927,-3.5208390191089194,111.36650872446509,95.12950385200729,-0.8118502436228902,3.252987213443999,2.294934156287101,0.8,1.0,41.48656847814193,49.38921249179373,NOMINAL,0.6104065957090561,37.1
2537.2241879944986,265.69749565046146,0.7,10000.0,0.9046425649873645,0.0350263664950687,0.0020015066568610687,10.007533284305344,98.75512251922376,19.970924869513844,78.78419764970991,78.78419766153853,20.932764012358895,624.8600975739828,167.92341626074918,139.9321970698451,-3.4989023988630095,111.32596691066526,95.12950385085026,-0.8098231529907501,3.253344972564494,2.3732853530359774,0.8,1.0,41.48656847762124,49.34319366955114,NOMINAL,0.6104065957087024,37.15
2537.224187968264,265.69749564771416,0.7,10000.0,0.9046425649873645,0.03502636649468903,0.002001506656839373,10.007533284196864,98.75512251915,19.970924869431425,78.78419764971858,78.78419765990927,20.932764012144755,624.8600975736424,167.74901670711375,139.93219706793747,-3.477102454897036,111.28552632480958,95.12950384985342,-0.807801123747808,3.2537018384073257,2.563386015848063,0.8,1.0,41.48656847717265,49.29745353135527,NOMINAL,0.6104065957083975,37.2
2537.2241879456615,265.69749564534726,0.7,10000.0,0.9046425649873645,0.03502636649436194,0.002001506656820682,10.007533284103411,98.75512251908648,19.970924869360417,78.78419764972607,78.7841976585056,20.93276401196027,624.8600975733492,167.57570375152147,139.93219706629395,-3.45543833565344,111.24518671414465,95.12950384899462,-0.8057841432575017,3.2540578132024742,2.5357496567049282,0.8,1.0,41.486568476786175,49.251990360931636,NOMINAL,0.6104065957081348,37.25
2537.224187926189,265.6974956433081,0.7,10000.0,0.9046425649873645,0.03502636649408014,0.0020015066568045796,10.007533284022898,98.75512251903177,19.970924869299242,78.78419764973253,78.78419765729633,20.932764011801336,624.8600975730966,167.4034706239146,139.93219706487812,-3.4339091948795577,111.20494782654809,95.12950384825476,-0.8037721989146668,3.254412899174411,2.3382761923756217,0.8,1.0,41.48656847645323,49.20680245264854,NOMINAL,0.6104065957079087,37.300000000000004
2537.224187909413,265.69749564155137,0.7,10000.0,0.9046425649873645,0.03502636649383736,0.0020015066567907066,10.007533283953533,98.7551225189846,19.97092486924654,78.78419764973806,78.7841976562545,20.9327640116644,624.860097572879,167.232310596416,139.93219706365826,-3.412514191594717,111.164809410527,95.12950384761733,-0.8017652781454835,3.254767098542102,2.313230824585149,0.8,1.0,41.48656847616638,49.161888111451,NOMINAL,0.6104065957077137,37.35
2537.2241878949603,265.69749564003786,0.7,10000.0,0.9046425649873645,0.035026366493628204,0.0020015066567787543,10.007533283893773,98.75512251894398,19.970924869201134,78.78419764974285,78.78419765535693,20.932764011546432,624.8600975726914,167.06221698306658,139.93219706260732,-3.3912524900574077,111.1247712152164,95.12950384706816,-0.7997633684074117,3.255120413519019,2.5040227224185094,0.8,1.0,41.48656847591924,49.11724565279491,NOMINAL,0.6104065957075457,37.4
2537.224187882509,265.6974956387339,0.7,10000.0,0.9046425649873645,0.035026366493448,0.002001506656768457,10.007533283842285,98.75512251890895,19.97092486916202,78.78419764974693,78.78419765458366,20.932764011444785,624.8600975725298,166.89318313956392,139.9321970617019,-3.3701232597327504,111.08483299037763,95.12950384659503,-0.7977664571891303,3.2554728463131424,2.5799673035228174,0.8,1.0,41.48656847570632,49.072873402581806,NOMINAL,0.6104065957074011,37.45
2537.224187871781,265.69749563761053,0.7,10000.0,0.9046425649873645,0.03502636649329276,0.002001506656759586,10.007533283797931,98.75512251887882,19.970924869128314,78.78419764975051,78.78419765391745,20.932764011357232,624.8600975723907,166.72520246300292,139.93219706092188,-3.3491256752601295,111.04499448639686,95.12950384618745,-0.7957745320104707,3.2558243991269724,2.409435795773607,0.8,1.0,41.48656847552291,49.02876969709394,NOMINAL,0.6104065957072764,37.5
2537.224187862539,265.6974956366427,0.7,10000.0,0.9046425649873645,0.03502636649315901,0.0020015066567519437,10.007533283759718,98.75512251885286,19.97092486909928,78.78419764975358,78.7841976533435,20.932764011281797,624.8600975722708,166.5582683916178,139.9321970602499,-3.3282589164209853,111.00525545428346,95.1295038458363,-0.793787580422358,3.2561750741575386,2.2879970508730816,0.8,1.0,41.486568475364884,48.984932882929655,NOMINAL,0.610406595707169,37.550000000000004
2537.224187854577,265.69749563580893,0.7,10000.0,0.9046425649873645,0.03502636649304379,0.002001506656745359,10.007533283726795,98.75512251883046,19.970924869074267,78.7841976497562,78.78419765284904,20.932764011216804,624.8600975721674,166.3923744045258,139.93219705967093,-3.3075221681068605,110.96561564566846,95.12950384553375,-0.7918055900067358,3.2565248735964087,2.4261313013426613,0.8,1.0,41.48656847522874,48.94136131693937,NOMINAL,0.6104065957070766,37.6
2537.2241878477175,265.6974956350906,0.7,10000.0,0.9046425649873645,0.035026366492944515,0.0020015066567396866,10.007533283698434,98.75512251881116,19.970924869052716,78.78419764975845,78.78419765242303,20.932764011160813,624.8600975720785,166.22751402147256,139.93219705917213,-3.286914620287554,110.92607481280307,95.1295038452731,-0.789828548376498,3.2568737996296986,2.5844213082809633,0.8,1.0,41.48656847511146,48.89805336616179,NOMINAL,0.6104065957069968,37.65
2537.224187841808,265.69749563447175,0.7,10000.0,0.9046425649873645,0.03502636649285901,0.0020015066567348003,10.007533283674002,98.75512251879461,19.970924869034153,78.78419764976046,78.78419765205602,20.93276401111259,624.8600975720019,166.06368080257886,139.93219705874247,-3.266435467979548,110.88663270855703,95.1295038450486,-0.7878564431754214,3.257221854438084,2.4885154385950403,0.8,1.0,41.486568475010415,48.85500740776054,NOMINAL,0.6104065957069282,37.7
2537.2241878367163,265.69749563393856,0.7,10000.0,0.9046425649873645,0.035026366492785316,0.0020015066567305897,10.007533283652949,98.7551225187803,19.970924869018155,78.78419764976215,78.78419765173983,20.93276401107103,624.860097571936,165.90086834808918,139.9321970583723,-3.2460839112146083,110.84728908641716,95.12950384485515,-0.7858892620781006,3.25756904019681,2.304639800617405,0.8,1.0,41.48656847492336,48.81222182896133,NOMINAL,0.6104065957068691,37.75
2537.22418783233,265.6974956334792,0.7,10000.0,0.9046425649873645,0.03502636649272183,0.002001506656726962,10.00753328363481,98.75512251876796,19.970924869004378,78.78419764976358,78.78419765146741,20.93276401103522,624.8600975718789,165.73907029812165,139.9321970580533,-3.2258591550085427,110.80804370048577,95.12950384468847,-0.7839269927898649,3.2579153590757066,2.35149159576848,0.8,1.0,41.48656847484835,48.7696950269893,NOMINAL,0.610406595706818,37.800000000000004
2537.224187828551,265.69749563308346,0.7,10000.0,0.9046425649873645,0.03502636649266714,0.0020015066567238365,10.007533283619182,98.75512251875732,19.970924868992505,78.78419764976482,78.78419765123273,20.932764011004373,624.8600975718299,165.5782803324197,139.9321970577785,-3.20576040933015,110.76889630547913,95.12950384454486,-0.7819696230467137,3.2582608132391937,2.5478662881881586,0.8,1.0,41.48656847478371,48.72742540900685,NOMINAL,0.6104065957067741,37.85
2537.224187825295,265.6974956327425,0.7,10000.0,0.9046425649873645,0.035026366492620024,0.002001506656721144,10.00753328360572,98.75512251874815,19.970924868982276,78.78419764976587,78.78419765103054,20.932764010977788,624.8600975717877,165.4184921701051,139.93219705754177,-3.1857868890704175,110.72984665672595,95.12950384442115,-0.7800171406152401,3.2586054048462985,2.5534030435497246,0.8,1.0,41.48656847472803,48.68541139205195,NOMINAL,0.6104065957067363,37.9
2537.2241878224904,265.6974956324488,0.7,10000.0,0.9046425649873645,0.03502636649257944,0.002001506656718825,10.007533283594125,98.75512251874028,19.970924868973462,78.78419764976681,78.78419765085636,20.932764010954898,624.8600975717513,165.25969956943274,139.93219705733782,-3.1659378140118655,110.69089451016585,95.12950384431458,-0.7780695332925631,3.258949136050668,2.3585054375567673,0.8,1.0,41.486568474680084,48.643651402976644,NOMINAL,0.6104065957067037,37.95
2537.2241878200734,265.69749563219574,0.7,10000.0,0.9046425649873645,0.03502636649254447,0.0020015066567168264,10.007533283584133,98.75512251873349,19.970924868965874,78.7841976497676,78.78419765070628,20.932764010935173,624.8600975717198,165.1018963275466,139.93219705716206,-3.1462124087980676,110.6520396223478,95.12950384422275,-0.7761267889062523,3.2592920090005744,2.3009741893110682,0.8,1.0,41.48656847463878,48.60214387838605,NOMINAL,0.6104065957066757,38.0
2537.224187817992,265.69749563197774,0.7,10000.0,0.9046425649873645,0.03502636649251434,0.002001506656715105,10.007533283575526,98.75512251872766,19.970924868959333,78.78419764976833,78.78419765057698,20.93276401091819,624.8600975716929,164.94507628023766,139.93219705701077,-3.126609902903361,110.61328175042868,95.12950384414368,-0.77418889531425,3.259634025838937,2.480523695692179,0.8,1.0,41.48656847460319,48.56088726457771,NOMINAL,0.6104065957066515,38.050000000000004
2537.2241878161985,265.69749563178993,0.7,10000.0,0.9046425649873645,0.03502636649248838,0.002001506656713622,10.00753328356811,98.75512251872262,19.9709248689537,78.78419764976891,78.78419765046561,20.93276401090355,624.8600975716697,164.789233301703,139.93219705688034,-3.1071295306028333,110.5746206521717,95.12950384407554,-0.772255840404808,3.2599751887033257,2.5859548917881665,0.8,1.0,41.4865684745725,48.51988001748139,NOMINAL,0.6104065957066306,38.1
2537.224187814653,265.6974956316281,0.7,10000.0,0.9046425649873645,0.03502636649246602,0.002001506656712344,10.00753328356172,98.75512251871824,19.970924868948842,78.7841976497694,78.78419765036963,20.932764010890928,624.8600975716496,164.63436130430662,139.93219705676793,-3.0877705309423362,110.53605608594489,95.12950384401678,-0.7703276120964055,3.2603154997259804,2.434532160606572,0.8,1.0,41.48656847454608,48.479120602599224,NOMINAL,0.6104065957066126,38.15
2537.2241878133223,265.6974956314887,0.7,10000.0,0.9046425649873645,0.03502636649244676,0.0020015066567112437,10.007533283556219,98.75512251871453,19.97092486894466,78.78419764976987,78.78419765028698,20.932764010880074,624.8600975716325,164.48045423834154,139.93219705667119,-3.068532147708794,110.49758781071961,95.12950384396623,-0.7684041983376687,3.260654961033822,2.288704636722553,0.8,1.0,41.48656847452334,48.438607494946005,NOMINAL,0.6104065957065972,38.2
2537.224187812175,265.6974956313686,0.7,10000.0,0.9046425649873645,0.035026366492430155,0.0020015066567102948,10.007533283551474,98.75512251871129,19.970924868941058,78.78419764977023,78.78419765021575,20.93276401087071,624.8600975716176,164.3275060917935,139.93219705658777,-3.0494136294007177,110.45921558606902,95.12950384392265,-0.7664855871073186,3.2609935747484613,2.4012237221116903,0.8,1.0,41.48656847450371,48.398339178990184,NOMINAL,0.6104065957065838,38.25
2537.224187811187,265.69749563126516,0.7,10000.0,0.9046425649873645,0.03502636649241586,0.002001506656709478,10.007533283547392,98.75512251870852,19.970924868937956,78.78419764977056,78.78419765015441,20.932764010862645,624.8600975716047,164.17551089010618,139.93219705651595,-3.0304142291987795,110.42093917216663,95.12950384388512,-0.7645717664140754,3.261331342986217,2.577068917206032,0.8,1.0,41.48656847448682,48.35831414859514,NOMINAL,0.6104065957065723,38.300000000000004
2537.224187810336,265.697495631176,0.7,10000.0,0.9046425649873645,0.03502636649240355,0.0020015066567087743,10.007533283543872,98.75512251870613,19.97092486893528,78.78419764977085,78.78419765010155,20.9327640108557,624.8600975715935,164.02446269594773,139.93219705645404,-3.011533204936711,110.38275832978472,95.12950384385277,-0.7626627242965973,3.261668267858125,2.5114615456761253,0.8,1.0,41.486568474472286,48.31853090696063,NOMINAL,0.6104065957065625,38.35
2537.224187809603,265.69749563109923,0.7,10000.0,0.9046425649873645,0.03502636649239293,0.0020015066567081676,10.00753328354084,98.75512251870407,19.970924868932975,78.7841976497711,78.784197650056,20.932764010849713,624.8600975715842,163.87435560897893,139.93219705640075,-2.9927698190722722,110.34467282029293,95.1295038438249,-0.760758448823401,3.2620043514699524,2.318113715582419,0.8,1.0,41.48656847445973,48.278987966564785,NOMINAL,0.610406595706554,38.400000000000006
2537.224187808971,265.69749563103306,0.7,10000.0,0.9046425649873645,0.03502636649238378,0.0020015066567076445,10.007533283538223,98.75512251870225,19.970924868930993,78.78419764977126,78.78419765001676,20.932764010844544,624.8600975715757,163.7251837656227,139.93219705635474,-2.9741233386584938,110.3066824056567,95.12950384380088,-0.7588589280927913,3.26233959592221,2.3321400475627905,0.8,1.0,41.48656847444892,48.239683849106555,NOMINAL,0.6104065957065467,38.45
2537.2241878084264,265.69749563097605,0.7,10000.0,0.9046425649873645,0.03502636649237591,0.002001506656707195,10.007533283535974,98.75512251870074,19.97092486892928,78.78419764977147,78.78419764998294,20.93276401084011,624.8600975715688,163.5769413388349,139.93219705631515,-2.955593035314969,110.26878684843584,95.1295038437802,-0.756964150232782,3.262674003310169,2.5292298012991026,0.8,1.0,41.48656847443962,48.20061708544812,NOMINAL,0.6104065957065403,38.5
2537.2241878079576,265.69749563092694,0.7,10000.0,0.9046425649873645,0.03502636649236913,0.0020015066567068075,10.007533283534038,98.75512251869945,19.97092486892781,78.78419764977164,78.78419764995382,20.932764010836287,624.8600975715628,163.429622537877,139.93219705628113,-2.9371781851994854,110.230985911783,95.12950384376241,-0.7550741034010293,3.263007575723865,2.567782773025445,0.8,1.0,41.48656847443161,48.161786215558124,NOMINAL,0.6104065957065349,38.550000000000004
2537.224187807554,265.69749563088465,0.7,10000.0,0.9046425649873645,0.03502636649236328,0.002001506656706473,10.007533283532366,98.75512251869831,19.970924868926538,78.78419764977178,78.78419764992874,20.93276401083299,624.8600975715575,163.2832216080896,139.9321970562518,-2.9188780689797262,110.19327935944219,95.12950384374707,-0.7531887757847556,3.2633403152481204,2.380978122062559,0.8,1.0,41.4865684744247,48.123189788454994,NOMINAL,0.6104065957065301,38.6
2537.2241878072055,265.6974956308482,0.7,10000.0,0.9046425649873645,0.03502636649235824,0.002001506656706185,10.007533283530927,98.75512251869733,19.970924868925447,78.78419764977188,78.78419764990714,20.932764010830144,624.8600975715531,163.1377328306678,139.9321970562264,-2.9006919718051734,110.15566695574735,95.12950384373383,-0.751308155600676,3.2636722239625504,2.292589691034491,0.8,1.0,41.486568474418746,48.08482636215072,NOMINAL,0.6104065957065261,38.650000000000006
2537.2241878069053,265.6974956308168,0.7,10000.0,0.9046425649873645,0.035026366492353904,0.0020015066567059376,10.007533283529689,98.75512251869651,19.970924868924502,78.78419764977201,78.7841976498885,20.932764010827704,624.8600975715491,162.99315052243776,139.93219705620467,-2.882619183279136,110.11814846562085,95.12950384372245,-0.7494322310949201,3.2640033039415806,2.4558142116355675,0.8,1.0,41.48656847441362,48.04669450359478,NOMINAL,0.6104065957065227,38.7
2537.224187806647,265.6974956307897,0.7,10000.0,0.9046425649873645,0.035026366492350164,0.0020015066567057238,10.007533283528618,98.75512251869576,19.970924868923692,78.78419764977207,78.78419764987245,20.932764010825586,624.8600975715457,162.8494690356347,139.9321970561858,-2.864658997431114,110.080723654572,95.1295038437126,-0.74756099054297,3.2643335572544574,2.5877474305699573,0.8,1.0,41.486568474409204,48.00879278861879,NOMINAL,0.6104065957065197,38.75
2537.2241878064247,265.6974956307664,0.7,10000.0,0.9046425649873645,0.03502636649234694,0.0020015066567055395,10.007533283527698,98.75512251869512,19.970924868922992,78.78419764977212,78.78419764985863,20.932764010823767,624.860097571543,162.7066827576823,139.93219705616966,-2.8468107126890807,110.04339228869561,95.12950384370414,-0.7456944222495736,3.2646629859652605,2.4597198521009074,0.8,1.0,41.486568474405395,47.971119801881045,NOMINAL,0.610406595706517,38.800000000000004
2537.2241878062327,265.69749563074635,0.7,10000.0,0.9046425649873645,0.03502636649234416,0.0020015066567053807,10.007533283526904,98.75512251869458,19.97092486892239,78.78419764977218,78.78419764984673,20.9327640108222,624.8600975715403,162.56478611097342,139.93219705615567,-2.829073631852218,110.00615413467054,95.12950384369685,-0.7438325145486843,3.2649915921329153,2.293631631783424,0.8,1.0,41.48656847440211,47.93367413681195,NOMINAL,0.6104065957065148,38.85
2537.224187806067,265.697495630729,0.7,10000.0,0.9046425649873645,0.035026366492341775,0.002001506656705244,10.00753328352622,98.75512251869412,19.97092486892187,78.78419764977225,78.78419764983644,20.932764010820854,624.8600975715382,162.42377355265228,139.93219705614368,-2.811447062063575,109.9690089597582,95.12950384369059,-0.7419752558033806,3.2653193778112106,2.3773504492833126,0.8,1.0,41.48656847439928,47.896454395559104,NOMINAL,0.6104065957065129,38.900000000000006
2537.2241878059253,265.6974956307141,0.7,10000.0,0.9046425649873645,0.035026366492339714,0.0020015066567051266,10.007533283525634,98.75512251869374,19.970924868921422,78.78419764977232,78.78419764982762,20.9327640108197,624.8600975715364,162.2836395743979,139.9321970561333,-2.7939303147830756,109.93195653180112,95.12950384368519,-0.7401226344057967,3.2656463450488036,2.5657730475008136,0.8,1.0,41.48656847439686,47.8594591889335,NOMINAL,0.6104065957065112,38.95
2537.2241878058026,265.69749563070127,0.7,10000.0,0.9046425649873645,0.03502636649233793,0.0020015066567050247,10.007533283525124,98.75512251869337,19.97092486892104,78.78419764977232,78.78419764982,20.932764010818687,624.8600975715348,162.14437870220897,139.93219705612438,-2.7765227057605735,109.89499661922152,95.12950384368051,-0.7382746387770502,3.2659724958892387,2.532321321964555,0.8,1.0,41.486568474394744,47.82268713635527,NOMINAL,0.6104065957065098,39.0
2537.2241878056966,265.6974956306902,0.7,10000.0,0.9046425649873645,0.035026366492336404,0.0020015066567049375,10.007533283524687,98.75512251869308,19.970924868920704,78.78419764977238,78.78419764981342,20.932764010817827,624.8600975715334,162.0059854961899,139.9321970561167,-2.75922355500915,109.85812899101981,95.12950384367649,-0.7364312573671661,3.2662978323709573,2.3349745236501556,0.8,1.0,41.48656847439295,47.78613686580048,NOMINAL,0.6104065957065086,39.050000000000004
2537.224187805605,265.69749563068063,0.7,10000.0,0.9046425649873645,0.035026366492335086,0.002001506656704862,10.00753328352431,98.75512251869283,19.97092486892042,78.78419764977241,78.78419764980775,20.932764010817085,624.8600975715323,161.86845455033856,139.93219705611008,-2.742032186778559,109.8213534167732,95.12950384367302,-0.7345924786550093,3.266622356527312,2.3157783729027757,0.8,1.0,41.48656847439138,47.74980701374777,NOMINAL,0.6104065957065076,39.1
2537.2241878055274,265.69749563067245,0.7,10000.0,0.9046425649873645,0.035026366492333955,0.0020015066567047974,10.007533283523989,98.75512251869262,19.97092486892017,78.78419764977244,78.78419764980292,20.932764010816445,624.8600975715311,161.73178049233485,139.93219705610443,-2.7249479295288026,109.78466966663426,95.12950384367005,-0.7327582911482103,3.266946070386579,2.508004051584117,0.8,1.0,41.48656847439005,47.71369622512552,NOMINAL,0.6104065957065067,39.150000000000006
2537.224187805459,265.69749563066534,0.7,10000.0,0.9046425649873645,0.03502636649233297,0.002001506656704741,10.007533283523706,98.7551225186924,19.97092486891996,78.78419764977244,78.78419764979868,20.932764010815887,624.8600975715303,161.59595798333103,139.93219705609943,-2.707970115903951,109.7480775113294,95.12950384366746,-0.7309286833830967,3.2672689759719686,2.5784818740929074,0.8,1.0,41.48656847438888,47.67780315325941,NOMINAL,0.6104065957065058,39.2
2537.2241878054015,265.69749563065926,0.7,10000.0,0.9046425649873645,0.03502636649233213,0.0020015066567046933,10.007533283523466,98.75512251869226,19.970924868919777,78.78419764977248,78.78419764979509,20.93276401081542,624.8600975715298,161.4609817177431,139.93219705609522,-2.6910980827059845,109.71157672215755,95.12950384366528,-0.7291036439246135,3.267591075301642,2.4050581607834736,0.8,1.0,41.4865684743879,47.64212645982001,NOMINAL,0.6104065957065051,39.25
2537.2241878053514,265.69749563065403,0.7,10000.0,0.9046425649873645,0.0350263664923314,0.0020015066567046517,10.007533283523259,98.7551225186921,19.97092486891962,78.78419764977248,78.78419764979198,20.932764010815006,624.8600975715291,161.3268464230435,139.93219705609155,-2.6743311708689923,109.67516707098865,95.12950384366336,-0.7272831613662646,3.267912370388719,2.2883146260519225,0.8,1.0,41.486568474387035,47.606664814771136,NOMINAL,0.6104065957065046,39.300000000000004
2537.224187805308,265.6974956306495,0.7,10000.0,0.9046425649873645,0.03502636649233078,0.0020015066567046157,10.00753328352308,98.75512251869198,19.970924868919482,78.7841976497725,78.78419764978929,20.93276401081465,624.8600975715283,161.1935468595552,139.9321970560884,-2.65766872543335,109.63884833026226,95.1295038436617,-0.7254672243300284,3.2682328632412943,2.4305936782715296,0.8,1.0,41.486568474386296,47.571416896318105,NOMINAL,0.610406595706504,39.35
2537.2241878052705,265.69749563064556,0.7,10000.0,0.9046425649873645,0.035026366492330235,0.002001506656704585,10.007533283522925,98.75512251869189,19.97092486891937,78.78419764977252,78.78419764978696,20.93276401081435,624.8600975715277,161.0610778202471,139.9321970560857,-2.641110095520176,109.60262027298614,95.1295038436603,-0.723655821466292,3.2685525558624478,2.5852942002803765,0.8,1.0,41.486568474385656,47.53638139085666,NOMINAL,0.6104065957065036,39.400000000000006
2537.2241878052387,265.6974956306422,0.7,10000.0,0.9046425649873645,0.03502636649232978,0.0020015066567045585,10.007533283522793,98.75512251869179,19.970924868919266,78.78419764977252,78.78419764978497,20.932764010814086,624.8600975715275,160.9294341305305,139.9321970560834,-2.6246546343058874,109.56648267273482,95.12950384365908,-0.7218489414537871,3.268871450250261,2.4842859159600232,0.8,1.0,41.48656847438511,47.5015569929219,NOMINAL,0.6104065957065032,39.45
2537.224187805211,265.6974956306393,0.7,10000.0,0.9046425649873645,0.035026366492329375,0.002001506656704536,10.00753328352268,98.75512251869175,19.97092486891918,78.78419764977257,78.78419764978325,20.93276401081387,624.8600975715271,160.798610648057,139.93219705608143,-2.6083016989969465,109.53043530364818,95.12950384365806,-0.7200465729995059,3.269189548397822,2.302638558836196,0.8,1.0,41.48656847438463,47.46694240513776,NOMINAL,0.6104065957065029,39.5
2537.224187805187,265.6974956306368,0.7,10000.0,0.9046425649873645,0.03502636649232903,0.002001506656704516,10.00753328352258,98.75512251869165,19.970924868919106,78.78419764977255,78.78419764978177,20.93276401081367,624.8600975715267,160.66860226251774,139.93219705607964,-2.5920506508047616,109.49447794043003,95.12950384365712,-0.7182487048386456,3.269506852293246,2.3551872399530884,0.8,1.0,41.48656847438423,47.43253633816679,NOMINAL,0.6104065957065027,39.550000000000004
2537.2241878051664,265.69749563063465,0.7,10000.0,0.9046425649873645,0.03502636649232872,0.0020015066567044986,10.007533283522495,98.75512251869158,19.970924868919038,78.78419764977254,78.78419764978048,20.932764010813493,624.8600975715265,160.53940389544357,139.93219705607814,-2.575900854920679,109.45861035834675,95.12950384365632,-0.7164553257345212,3.2698233639196825,2.5508534535962335,0.8,1.0,41.48656847438388,47.39833751066,NOMINAL,0.6104065957065024,39.6
2537.224187805149,265.69749563063283,0.7,10000.0,0.9046425649873645,0.035026366492328466,0.002001506656704484,10.00753328352242,98.75512251869151,19.970924868918985,78.78419764977252,78.78419764977941,20.93276401081335,624.8600975715262,160.41101050000688,139.93219705607686,-2.559851680491253,109.42283233322581,95.12950384365567,-0.7146664244785071,3.2701390852553307,2.550504304693203,0.8,1.0,41.486568474383574,47.36434464920737,NOMINAL,0.6104065957065021,39.650000000000006
2537.2241878051336,265.69749563063124,0.7,10000.0,0.9046425649873645,0.03502636649232826,0.0020015066567044717,10.00753328352236,98.7551225186915,19.970924868918935,78.78419764977255,78.78419764977848,20.93276401081323,624.8600975715262,160.28341706082435,139.93219705607578,-2.543902500593571,109.38714364145447,95.1295038436551,-0.7128819898899685,3.2704540182734485,2.3547449456360354,0.8,1.0,41.48656847438331,47.33055648828842,NOMINAL,0.610406595706502,39.7
2537.224187805121,265.6974956306299,0.7,10000.0,0.9046425649873645,0.03502636649232807,0.0020015066567044613,10.007533283522307,98.75512251869146,19.970924868918896,78.78419764977257,78.78419764977767,20.932764010813127,624.8600975715259,160.156618593761,139.9321970560748,-2.5280526922107747,109.35154405997828,95.12950384365462,-0.7111020108161832,3.270768164942369,2.3028697131500304,0.8,1.0,41.4865684743831,47.29697177022321,NOMINAL,0.6104065957065019,39.75
2537.224187805109,265.6974956306287,0.7,10000.0,0.9046425649873645,0.035026366492327904,0.002001506656704452,10.00753328352226,98.75512251869142,19.97092486891886,78.78419764977257,78.78419764977694,20.93276401081303,624.8600975715258,160.03061014573564,139.932197056074,-2.512301636207706,109.31603336629973,95.12950384365416,-0.7093264761322786,3.2710815272255087,2.4847898773002104,0.8,1.0,41.486568474382906,47.2635892451235,NOMINAL,0.6104065957065018,39.800000000000004
2537.2241878050995,265.69749563062766,0.7,10000.0,0.9046425649873645,0.03502636649232777,0.002001506656704444,10.00753328352222,98.75512251869142,19.97092486891883,78.7841976497726,78.78419764977635,20.93276401081296,624.8600975715257,159.9053867945272,139.9321970560733,-2.496648717306737,109.28061133847689,95.12950384365382,-0.7075553747411533,3.2713941070813837,2.5851974919855145,0.8,1.0,41.48656847438274,47.23040767084445,NOMINAL,0.6104065957065017,39.85
2537.2241878050913,265.6974956306268,0.7,10000.0,0.9046425649873645,0.03502636649232765,0.002001506656704437,10.007533283522186,98.7551225186914,19.970924868918804,78.7841976497726,78.78419764977585,20.932764010812893,624.8600975715257,159.78094364858262,139.9321970560727,-2.481093324063739,109.24527775512195,95.1295038436535,-0.7057886955734226,3.2717059064636187,2.430063917179348,0.8,1.0,41.4865684743826,47.1974258129364,NOMINAL,0.6104065957065016,39.900000000000006
2537.2241878050845,265.69749563062607,0.7,10000.0,0.9046425649873645,0.03502636649232754,0.002001506656704431,10.007533283522156,98.75512251869134,19.970924868918782,78.78419764977255,78.78419764977541,20.93276401081282,624.8600975715253,159.6572758468257,139.93219705607214,-2.4656348488441964,109.21003239539989,95.12950384365321,-0.704026427587334,3.2720169273209607,2.288270005497921,0.8,1.0,41.48656847438247,47.16464244459705,NOMINAL,0.6104065957065015,39.95
2537.2241878050777,265.6974956306254,0.7,10000.0,0.9046425649873645,0.03502636649232745,0.002001506656704426,10.00753328352213,98.75512251869137,19.97092486891876,78.78419764977261,78.784197649775,20.932764010812786,624.8600975715256,159.5343785584672,139.93219705607174,-2.4502726877994334,109.17487503902713,95.129503843653,-0.7022685597687065,3.27232717159729,2.405576018168298,0.8,1.0,41.48656847438237,47.13205634662391,NOMINAL,0.6104065957065014,40.0
2537.2241878050722,265.6974956306248,0.7,10000.0,0.9046425649873645,0.03502636649232737,0.0020015066567044214,10.007533283522108,98.75512251869135,19.970924868918743,78.78419764977261,78.78419764977465,20.93276401081274,624.8600975715256,159.41224698281619,139.93219705607137,-2.4350062408431015,109.13980546627005,95.1295038436528,-0.7005150811308625,3.2726366412316352,2.578664647871891,0.8,1.0,41.48656847438228,47.099666307367116,NOMINAL,0.6104065957065012,40.050000000000004
2537.224187805068,265.69749563062436,0.7,10000.0,0.9046425649873645,0.03502636649232731,0.002001506656704418,10.00753328352209,98.75512251869135,19.97092486891873,78.78419764977262,78.78419764977438,20.932764010812708,624.8600975715253,159.2908763490924,139.93219705607106,-2.4198349116276674,109.10482345794372,95.12950384365263,-0.6987659807145548,3.2729453381581832,2.5075349541752976,0.8,1.0,41.48656847438219,47.067471122682385,NOMINAL,0.6104065957065012,40.1
2537.224187805064,265.69749563062396,0.7,10000.0,0.9046425649873645,0.03502636649232725,0.0020015066567044145,10.007533283522074,98.75512251869132,19.97092486891872,78.78419764977261,78.78419764977416,20.932764010812672,624.8600975715253,159.17026191624007,139.93219705607075,-2.4047581075211646,109.06992879541048,95.12950384365249,-0.6970212475878995,3.2732532643062897,2.3154704539573627,0.8,1.0,41.48656847438212,47.03546959588449,NOMINAL,0.6104065957065012,40.150000000000006
2537.224187805061,265.6974956306236,0.7,10000.0,0.9046425649873645,0.0350263664923272,0.0020015066567044115,10.007533283522058,98.75512251869127,19.970924868918708,78.78419764977255,78.78419764977394,20.93276401081263,624.8600975715251,159.05039897274256,139.93219705607044,-2.389775239584015,109.03512126057855,95.12950384365232,-0.6952808708463116,3.2735604216004934,2.335361475072239,0.8,1.0,41.48656847438207,47.0036605377008,NOMINAL,0.6104065957065011,40.2
2537.2241878050577,265.6974956306233,0.7,10000.0,0.9046425649873645,0.035026366492327154,0.002001506656704409,10.007533283522045,98.75512251869128,19.970924868918697,78.78419764977258,78.78419764977374,20.932764010812612,624.8600975715252,158.9312828364384,139.93219705607024,-2.374885722546022,109.00040063590075,95.1295038436522,-0.6935448396124272,3.2738668119605294,2.5327324713742154,0.8,1.0,41.486568474382025,46.97204276622515,NOMINAL,0.6104065957065011,40.25
2537.224187805055,265.697495630623,0.7,10000.0,0.9046425649873645,0.03502636649232712,0.002001506656704407,10.007533283522037,98.7551225186913,19.97092486891869,78.78419764977261,78.78419764977359,20.932764010812598,624.8600975715252,158.81290885433842,139.9321970560701,-2.3600889747835403,108.96576670437305,95.12950384365213,-0.6918131430360461,3.274172437301338,2.565495781720001,0.8,1.0,41.48656847438198,46.9406151068722,NOMINAL,0.6104065957065011,40.300000000000004
2537.2241878050527,265.69749563062277,0.7,10000.0,0.9046425649873645,0.03502636649232709,0.0020015066567044054,10.007533283522028,98.7551225186913,19.970924868918683,78.78419764977261,78.78419764977343,20.932764010812576,624.8600975715251,158.69527240244383,139.93219705606995,-2.345384418296735,108.93121924953327,95.12950384365206,-0.6900857702940606,3.2744772995330784,2.3768653310639785,0.8,1.0,41.48656847438195,46.909376392331865,NOMINAL,0.6104065957065011,40.35
2537.2241878050513,265.6974956306226,0.7,10000.0,0.9046425649873645,0.035026366492327064,0.002001506656704404,10.00753328352202,98.75512251869128,19.97092486891868,78.78419764977261,78.78419764977335,20.932764010812562,624.8600975715251,158.5783688855658,139.9321970560698,-2.330771478686998,108.89675805545971,95.12950384365197,-0.6883627105903869,3.2747814005611415,2.2937794786128842,0.8,1.0,41.486568474381905,46.87832546252405,NOMINAL,0.6104065957065011,40.400000000000006
2537.2241878050495,265.6974956306224,0.7,10000.0,0.9046425649873645,0.035026366492327037,0.0020015066567044023,10.007533283522012,98.75512251869125,19.970924868918672,78.78419764977258,78.78419764977325,20.932764010812544,624.8600975715252,158.4621937371458,139.93219705606967,-2.3162495851345177,108.8623829067698,95.1295038436519,-0.6866439531558945,3.275084742286158,2.460244413077881,0.8,1.0,41.48656847438188,46.84746116455378,NOMINAL,0.610406595706501,40.45
2537.224187805048,265.69749563062226,0.7,10000.0,0.9046425649873645,0.035026366492327016,0.002001506656704401,10.007533283522006,98.75512251869125,19.97092486891867,78.78419764977258,78.78419764977315,20.93276401081253,624.860097571525,158.34674241907737,139.9321970560695,-2.3018181703759844,108.82809358861871,95.12950384365185,-0.6849294872483433,3.2753873266040165,2.5877395252442916,0.8,1.0,41.486568474381855,46.816782352666486,NOMINAL,0.610406595706501,40.5
2537.2241878050468,265.69749563062214,0.7,10000.0,0.9046425649873645,0.035026366492327,0.0020015066567044,10.007533283522001,98.75512251869125,19.970924868918665,78.78419764977258,78.78419764977308,20.93276401081252,624.860097571525,158.23201042152868,139.9321970560694,-2.287476670682409,108.79388988669814,95.1295038436518,-0.6832193021523167,3.275689155405868,2.4552875411146804,0.8,1.0,41.48656847438184,46.78628788820364,NOMINAL,0.610406595706501,40.550000000000004
2537.224187805046,265.69749563062203,0.7,10000.0,0.9046425649873645,0.03502636649232699,0.0020015066567043993,10.007533283521997,98.75512251869125,19.97092486891866,78.7841976497726,78.784197649773,20.932764010812516,624.8600975715249,158.1179932627665,139.93219705606936,-2.2732245258371435,108.75977158723481,95.12950384365176,-0.6815133871791523,3.2759902305781456,2.292457091918543,0.8,1.0,41.486568474381826,46.75597663955865,NOMINAL,0.610406595706501,40.6
2537.2241878050445,265.6974956306219,0.7,10000.0,0.9046425649873645,0.03502636649232697,0.0020015066567043984,10.007533283521992,98.75512251869125,19.970924868918658,78.7841976497726,78.78419764977293,20.93276401081251,624.860097571525,158.0046864889811,139.9321970560693,-2.2590611791139743,108.72573847698925,95.12950384365172,-0.6798117316668766,3.2762905540025673,2.3814694187360965,0.8,1.0,41.486568474381805,46.725847482133055,NOMINAL,0.610406595706501,40.650000000000006
2537.224187805044,265.69749563062186,0.7,10000.0,0.9046425649873645,0.03502636649232697,0.0020015066567043984,10.007533283521992,98.75512251869128,19.970924868918654,78.78419764977262,78.7841976497729,20.93276401081251,624.860097571525,157.89208567411217,139.9321970560693,-2.2449860772553585,108.6917903432544,95.12950384365172,-0.6781143249801339,3.2765901275561586,2.5680464398579455,0.8,1.0,41.4865684743818,46.69589929829296,NOMINAL,0.610406595706501,40.7
2537.2241878050436,265.6974956306218,0.7,10000.0,0.9046425649873645,0.035026366492326946,0.002001506656704397,10.007533283521985,98.75512251869122,19.970924868918654,78.78419764977257,78.78419764977286,20.93276401081249,624.860097571525,157.78018641967608,139.93219705606919,-2.2309986704508624,108.65792697385432,95.12950384365166,-0.6764211565101327,3.276888953111254,2.5288088443619876,0.8,1.0,41.48656847438178,46.66613097732569,NOMINAL,0.6104065957065009,40.75
2537.224187805043,265.69749563062175,0.7,10000.0,0.9046425649873645,0.03502636649232694,0.0020015066567043967,10.007533283521983,98.75512251869124,19.97092486891865,78.78419764977258,78.78419764977284,20.93276401081249,624.860097571525,157.668984354594,139.93219705606916,-2.217098412315604,108.62414815714284,95.12950384365166,-0.674732215674559,3.277187032535513,2.3317640777383315,0.8,1.0,41.48656847438177,46.636541415396835,NOMINAL,0.6104065957065009,40.800000000000004
2537.2241878050427,265.6974956306217,0.7,10000.0,0.9046425649873645,0.03502636649232693,0.0020015066567043963,10.007533283521981,98.75512251869122,19.97092486891865,78.78419764977258,78.7841976497728,20.932764010812487,624.860097571525,157.5584751350211,139.93219705606913,-2.203284759868996,108.59045368200225,95.12950384365163,-0.6730474919175308,3.277484367691934,2.3184343728356,0.8,1.0,41.48656847438176,46.6071295155075,NOMINAL,0.6104065957065009,40.85
2537.2241878050418,265.69749563062163,0.7,10000.0,0.9046425649873645,0.035026366492326926,0.002001506656704396,10.00753328352198,98.75512251869122,19.970924868918647,78.78419764977258,78.78419764977278,20.93276401081248,624.8600975715251,157.44865444417692,139.93219705606907,-2.1895571735134816,108.55684333784197,95.1295038436516,-0.6713669747095181,3.277780960438862,2.511923061244895,0.8,1.0,41.48656847438174,46.57789418745176,NOMINAL,0.6104065957065009,40.900000000000006
2537.2241878050413,265.6974956306216,0.7,10000.0,0.9046425649873645,0.03502636649232692,0.0020015066567043954,10.007533283521978,98.75512251869122,19.970924868918647,78.78419764977258,78.78419764977274,20.932764010812477,624.860097571525,157.3395179921768,139.93219705606904,-2.1759151170134707,108.52331691459723,95.1295038436516,-0.6696906535472813,3.278076812630004,2.576871381458399,0.8,1.0,41.486568474381734,46.54883434777452,NOMINAL,0.6104065957065009,40.95
2537.224187805041,265.6974956306215,0.7,10000.0,0.9046425649873645,0.03502636649232691,0.002001506656704395,10.007533283521974,98.75512251869124,19.970924868918644,78.7841976497726,78.78419764977271,20.932764010812477,624.860097571525,157.23106151586418,139.93219705606901,-2.162358057474396,108.48987420272779,95.12950384365158,-0.6680185179538107,3.278371926114436,2.400709506228132,0.8,1.0,41.486568474381734,46.5199489197295,NOMINAL,0.6104065957065009,41.0
2537.224187805041,265.6974956306215,0.7,10000.0,0.9046425649873645,0.03502636649232691,0.002001506656704395,10.007533283521974,98.75512251869124,19.970924868918644,78.7841976497726,78.78419764977271,20.932764010812477,624.860097571525,157.1232807786442,139.93219705606901,-2.1488854653218965,108.45651499321659,95.12950384365158,-0.6663505574782504,3.2786663027366187,2.288764991328116,0.8,1.0,41.486568474381734,46.49123683323758,NOMINAL,0.6104065957065009,41.050000000000004
2537.224187805041,265.6974956306215,0.7,10000.0,0.9046425649873645,0.03502636649232691,0.002001506656704395,10.007533283521974,98.75512251869124,19.970924868918644,78.7841976497726,78.78419764977271,20.932764010812477,624.860097571525,157.01617157031805,139.93219705606901,-2.1354968142811295,108.42323907756845,95.12950384365158,-0.6646867616958438,3.278959944336407,2.4350624806967476,0.8,1.0,41.486568474381734,46.46269702484532,NOMINAL,0.6104065957065009,41.1
2537.224187805041,265.6974956306215,0.7,10000.0,0.9046425649873645,0.03502636649232691,0.002001506656704395,10.007533283521974,98.75512251869124,19.970924868918644,78.7841976497726,78.78419764977271,20.932764010812477,624.860097571525,156.90972970691868,139.93219705606901,-2.1221915813562084,108.3900462478088,95.12950384365158,-0.663027120207861,3.2792528527490616,2.586036015259364,0.8,1.0,41.486568474381734,46.4343284376838,NOMINAL,0.6104065957065009,41.150000000000006
2537.224187805041,265.6974956306215,0.7,10000.0,0.9046425649873645,0.03502636649232691,0.002001506656704395,10.007533283521974,98.75512251869124,19.970924868918644,78.7841976497726,78.78419764977271,20.932764010812477,624.860097571525,156.8039510305473,139.93219705606901,-2.108969246809785,108.35693629648233,95.12950384365158,-0.6613716226415377,3.2795450298052606,2.4800150137134747,0.8,1.0,41.486568474381734,46.40613002142776,NOMINAL,0.6104065957065009,41.2
2537.224187805041,265.6974956306215,0.7,10000.0,0.9046425649873645,0.03502636649232691,0.002001506656704395,10.007533283521974,98.75512251869124,19.970924868918644,78.7841976497726,78.78419764977271,20.932764010812477,624.860097571525,156.69883140921087,139.93219705606901,-2.0958292941427317,108.32390901665175,95.12950384365158,-0.6597202586500088,3.279836477331113,2.3007573590890207,0.8,1.0,41.486568474381734,46.378100732254815,NOMINAL,0.6104065957065009,41.25
2537.224187805041,265.6974956306215,0.7,10000.0,0.9046425649873645,0.03502636649232691,0.002001506656704395,10.007533283521974,98.75512251869124,19.970924868918644,78.7841976497726,78.78419764977271,20.932764010812477,624.860097571525,156.59436673666085,139.93219705606901,-2.082771210073979,108.29096420189646,95.12950384365158,-0.658073017912244,3.2801271971481647,2.3589562786756435,0.8,1.0,41.486568474381734,46.35023953280513,NOMINAL,0.6104065957065009,41.300000000000004
2537.224187805041,265.6974956306215,0.7,10000.0,0.9046425649873645,0.03502636649232691,0.002001506656704395,10.007533283521974,98.75512251869124,19.970924868918644,78.7841976497726,78.78419764977271,20.932764010812477,624.860097571525,156.49055293223265,139.93219705606901,-2.069794484520454,108.25810164631125,95.12950384365158,-0.6564298901329835,3.280417191073417,2.5537401517382348,0.8,1.0,41.486568474381734,46.32254539214125,NOMINAL,0.6104065957065009,41.35
2537.224187805041,265.6974956306215,0.7,10000.0,0.9046425649873645,0.03502636649232691,0.002001506656704395,10.007533283521974,98.75512251869124,19.970924868918644,78.7841976497726,78.78419764977271,20.932764010812477,624.860097571525,156.38738594068636,139.93219705606901,-2.056898610577168,108.22532114450505,95.12950384365158,-0.6547908650426735,3.2807064609193324,2.5475053748346204,0.8,1.0,41.486568474381734,46.29501728570813,NOMINAL,0.6104065957065009,41.400000000000006
2537.224187805041,265.6974956306215,0.7,10000.0,0.9046425649873645,0.03502636649232691,0.002001506656704395,10.007533283521974,98.75512251869124,19.970924868918644,78.7841976497726,78.78419764977271,20.932764010812477,624.860097571525,156.28486173204826,139.93219705606901,-2.044083084497405,108.19262249159961,95.12950384365158,-0.6531559323974016,3.2809950084938486,2.3510581975598512,0.8,1.0,41.486568474381734,46.26765419529353,NOMINAL,0.6104065957065009,41.45
2537.224187805041,265.6974956306215,0.7,10000.0,0.9046425649873645,0.03502636649232691,0.002001506656704395,10.007533283521974,98.75512251869124,19.970924868918644,78.7841976497726,78.78419764977271,20.932764010812477,624.860097571525,156.18297630145338,139.93219705606901,-2.0313474056730456,108.16000548322823,95.12950384365158,-0.6515250819788327,3.2812828356003885,2.3048850980349105,0.8,1.0,41.486568474381734,46.240455108988584,NOMINAL,0.6104065957065009,41.5
2537.224187805041,265.6974956306215,0.7,10000.0,0.9046425649873645,0.03502636649232691,0.002001506656704395,10.007533283521974,98.75512251869124,19.970924868918644,78.7841976497726,78.78419764977271,20.932764010812477,624.860097571525,156.08172566898915,139.93219705606901,-2.018691076615017,108.12746991553452,95.12950384365158,-0.6498983035941471,3.281569944037873,2.489014286689609,0.8,1.0,41.486568474381734,46.213419021148596,NOMINAL,0.6104065957065009,41.550000000000004
2537.224187805041,265.6974956306215,0.7,10000.0,0.9046425649873645,0.03502636649232691,0.002001506656704395,10.007533283521974,98.75512251869124,19.970924868918644,78.7841976497726,78.78419764977271,20.932764010812477,624.860097571525,155.98110587953988,139.93219705606901,-2.0061136029338584,108.09501558517107,95.12950384365158,-0.6482755870759747,3.2818563356007298,2.5843090885450337,0.8,1.0,41.486568474381734,46.18654493235418,NOMINAL,0.6104065957065009,41.6
2537.224187805041,265.6974956306215,0.7,10000.0,0.9046425649873645,0.03502636649232691,0.002001506656704395,10.007533283521974,98.75512251869124,19.970924868918644,78.7841976497726,78.78419764977271,20.932764010812477,624.860097571525,155.88111300263225,139.93219705606901,-1.993614493320404,108.06264228929821,95.12950384365158,-0.6466569222823317,3.2821420120789084,2.42560250086189,0.8,1.0,41.486568474381734,46.1598318493725,NOMINAL,0.6104065957065009,41.650000000000006
2537.224187805041,265.6974956306215,0.7,10000.0,0.9046425649873645,0.03502636649232691,0.002001506656704395,10.007533283521974,98.75512251869124,19.970924868918644,78.7841976497726,78.78419764977271,20.932764010812477,624.860097571525,155.78174313228178,139.93219705606901,-1.981193259526595,108.03034982558273,95.12950384365158,-0.6450422990965577,3.282426975257887,2.2879681991422003,0.8,1.0,41.486568474381734,46.133278785118875,NOMINAL,0.6104065957065009,41.7
2537.224187805041,265.6974956306215,0.7,10000.0,0.9046425649873645,0.03502636649232691,0.002001506656704395,10.007533283521974,98.75512251869124,19.970924868918644,78.7841976497726,78.78419764977271,20.932764010812477,624.860097571525,155.68299238684025,139.93219705606901,-1.968849416346405,107.99813799219665,95.12950384365158,-0.6434317074272535,3.282711226918686,2.409956919066078,0.8,1.0,41.486568474381734,46.10688475861852,NOMINAL,0.6104065957065009,41.75
2537.224187805041,265.6974956306215,0.7,10000.0,0.9046425649873645,0.03502636649232691,0.002001506656704395,10.007533283521974,98.75512251869124,19.970924868918644,78.7841976497726,78.78419764977271,20.932764010812477,624.860097571525,155.58485690884413,139.93219705606901,-1.9565824815968895,107.96600658781587,95.12950384365158,-0.6418251372082147,3.2829947688378804,2.58013518424783,0.8,1.0,41.486568474381734,46.08064879496866,NOMINAL,0.6104065957065009,41.800000000000004
2537.224187805041,265.6974956306215,0.7,10000.0,0.9046425649873645,0.03502636649232691,0.002001506656704395,10.007533283521974,98.75512251869124,19.970924868918644,78.7841976497726,78.78419764977271,20.932764010812477,624.860097571525,155.48733286486384,139.93219705606901,-1.9443919760993538,107.93395541161904,95.12950384365158,-0.640222578398373,3.2832776027876065,2.503546360704005,0.8,1.0,41.486568474381734,46.05456992530074,NOMINAL,0.6104065957065009,41.85
2537.224187805041,265.6974956306215,0.7,10000.0,0.9046425649873645,0.03502636649232691,0.002001506656704395,10.007533283521974,98.75512251869124,19.970924868918644,78.7841976497726,78.78419764977271,20.932764010812477,624.860097571525,155.39041644535402,139.93219705606901,-1.9322774236606257,107.90198426328618,95.12950384365158,-0.6386240209817302,3.283559730535579,2.3129358467323478,0.8,1.0,41.486568474381734,46.02864718674292,NOMINAL,0.6104065957065009,41.900000000000006
2537.224187805041,265.6974956306215,0.7,10000.0,0.9046425649873645,0.03502636649232691,0.002001506656704395,10.007533283521974,98.75512251869124,19.970924868918644,78.7841976497726,78.78419764977271,20.932764010812477,624.860097571525,155.29410386450468,139.93219705606901,-1.9202383510544578,107.87009294299753,95.12950384365158,-0.6370294549672977,3.2838411538450964,2.338673889925991,0.8,1.0,41.486568474381734,46.00287962238285,NOMINAL,0.6104065957065009,41.95
2537.224187805041,265.6974956306215,0.7,10000.0,0.9046425649873645,0.03502636649232691,0.002001506656704395,10.007533283521974,98.75512251869124,19.970924868918644,78.7841976497726,78.78419764977271,20.932764010812477,624.860097571525,155.1983913600934,139.93219705606901,-1.9082742880030494,107.83828125143222,95.12950384365158,-0.6354388703890322,3.2841218744750553,2.536150759555293,0.8,1.0,41.486568474381734,45.97726628123062,NOMINAL,0.6104065957065009,42.0
2537.224187805041,265.6974956306215,0.7,10000.0,0.9046425649873645,0.03502636649232691,0.002001506656704395,10.007533283521974,98.75512251869124,19.970924868918644,78.7841976497726,78.78419764977271,20.932764010812477,624.860097571525,155.10327519333833,139.93219705606901,-1.8963847671586649,107.80654898976708,95.12950384365158,-0.6338522573057752,3.2844018941799606,2.563095292535563,0.8,1.0,41.486568474381734,45.95180621818195,NOMINAL,0.6104065957065009,42.050000000000004
2537.224187805041,265.6974956306215,0.7,10000.0,0.9046425649873645,0.03502636649232691,0.002001506656704395,10.007533283521974,98.75512251869124,19.970924868918644,78.7841976497726,78.78419764977271,20.932764010812477,624.860097571525,155.00875164875208,139.93219705606901,-1.8845693240853834,107.77489595967536,95.12950384365158,-0.6322696058011893,3.284681214709937,2.3728066440582234,0.8,1.0,41.486568474381734,45.92649849398164,NOMINAL,0.6104065957065009,42.1
2537.224187805041,265.6974956306215,0.7,10000.0,0.9046425649873645,0.03502636649232691,0.002001506656704395,10.007533283521974,98.75512251869124,19.970924868918644,78.7841976497726,78.78419764977271,20.932764010812477,624.860097571525,154.91481703399666,139.93219705606901,-1.872827497240955,107.74332196332554,95.12950384365158,-0.6306909059836983,3.2849598378107374,2.295097197509481,0.8,1.0,41.486568474381734,45.90134217518721,NOMINAL,0.6104065957065009,42.150000000000006
2537.224187805041,265.6974956306215,0.7,10000.0,0.9046425649873645,0.03502636649232691,0.002001506656704395,10.007533283521974,98.75512251869124,19.970924868918644,78.7841976497726,78.78419764977271,20.932764010812477,624.860097571525,154.82146767973924,139.93219705606901,-1.8611588279587785,107.71182680338002,95.12950384365158,-0.6291161479864222,3.285237765223758,2.464654639112409,0.8,1.0,41.486568474381734,45.87633633413278,NOMINAL,0.6104065957065009,42.2
2537.224187805041,265.6974956306215,0.7,10000.0,0.9046425649873645,0.03502636649232691,0.002001506656704395,10.007533283521974,98.75512251869124,19.970924868918644,78.7841976497726,78.78419764977271,20.932764010812477,624.860097571525,154.72869993950883,139.93219705606901,-1.8495628604299768,107.68041028299396,95.12950384365158,-0.6275453219671192,3.2855149986860464,2.5875983596794927,0.8,1.0,41.486568474381734,45.85148004889319,NOMINAL,0.6104065957065009,42.25
2537.224187805041,265.6974956306215,0.7,10000.0,0.9046425649873645,0.03502636649232691,0.002001506656704395,10.007533283521974,98.75512251869124,19.970924868918644,78.7841976497726,78.78419764977271,20.932764010812477,624.860097571525,154.63651018955377,139.93219705606901,-1.838039141685595,107.64907220581401,95.12950384365158,-0.6259784181081216,3.2857915399303113,2.450839655143651,0.8,1.0,41.486568474381734,45.82677240324832,NOMINAL,0.6104065957065009,42.300000000000004
2537.224187805041,265.6974956306215,0.7,10000.0,0.9046425649873645,0.03502636649232691,0.002001506656704395,10.007533283521974,98.75512251869124,19.970924868918644,78.7841976497726,78.78419764977271,20.932764010812477,624.860097571525,154.54489482870022,139.93219705606901,-1.826587221578901,107.61781237597707,95.12950384365158,-0.6244154266162745,3.286067390684938,2.291411657290785,0.8,1.0,41.486568474381734,45.80221248664765,NOMINAL,0.6104065957065009,42.35
2537.224187805041,265.6974956306215,0.7,10000.0,0.9046425649873645,0.03502636649232691,0.002001506656704395,10.007533283521974,98.75512251869124,19.970924868918644,78.7841976497726,78.78419764977271,20.932764010812477,624.860097571525,154.45385027821152,139.93219705606901,-1.815206652767813,107.58663059810911,95.12950384365158,-0.6228563377228766,3.2863425526739936,2.385638405264365,0.8,1.0,41.486568474381734,45.77779939417501,NOMINAL,0.6104065957065009,42.400000000000006
2537.224187805041,265.6974956306215,0.7,10000.0,0.9046425649873645,0.03502636649232691,0.002001506656704395,10.007533283521974,98.75512251869124,19.970924868918644,78.7841976497726,78.78419764977271,20.932764010812477,624.860097571525,154.3633729816483,139.93219705606901,-1.8038969906974103,107.55552667732391,95.12950384365158,-0.6213011416836167,3.2866170276172415,2.570204070313433,0.8,1.0,41.486568474381734,45.75353222651362,NOMINAL,0.6104065957065009,42.45
2537.224187805041,265.6974956306215,0.7,10000.0,0.9046425649873645,0.03502636649232691,0.002001506656704395,10.007533283521974,98.75512251869124,19.970924868918644,78.7841976497726,78.78419764977271,20.932764010812477,624.860097571525,154.2734594047297,139.93219705606901,-1.7926577935825847,107.52450041922188,95.12950384365158,-0.6197498287785151,3.286890817230151,2.525215467173973,0.8,1.0,41.486568474381734,45.729410089911234,NOMINAL,0.6104065957065009,42.5
2537.224187805041,265.6974956306215,0.7,10000.0,0.9046425649873645,0.03502636649232691,0.002001506656704395,10.007533283521974,98.75512251869124,19.970924868918644,78.7841976497726,78.78419764977271,20.932764010812477,624.860097571525,154.18410603519516,139.93219705606901,-1.7814886223907678,107.49355162988878,95.12950384365158,-0.6182023893118604,3.287163923223909,2.328647811631031,0.8,1.0,41.486568474381734,45.70543209614563,NOMINAL,0.6104065957065009,42.550000000000004
2537.224187805041,265.6974956306215,0.7,10000.0,0.9046425649873645,0.03502636649232691,0.002001506656704395,10.007533283521974,98.75512251869124,19.970924868918644,78.7841976497726,78.78419764977271,20.932764010812477,624.860097571525,154.09530938266732,139.93219705606901,-1.7703890408247887,107.4626801158946,95.12950384365158,-0.6166588136121511,3.2874363473054276,2.32119639733551,0.8,1.0,41.486568474381734,45.6815973624902,NOMINAL,0.6104065957065009,42.6
2537.224187805041,265.6974956306215,0.7,10000.0,0.9046425649873645,0.03502636649232691,0.002001506656704395,10.007533283521974,98.75512251869124,19.970924868918644,78.7841976497726,78.78419764977271,20.932764010812477,624.860097571525,154.00706597851567,139.93219705606901,-1.7593586153058318,107.43188568429227,95.12950384365158,-0.6151190920320346,3.2877080911773584,2.5157761760098163,0.8,1.0,41.486568474381734,45.65790501167985,NOMINAL,0.6104065957065009,42.650000000000006
2537.224187805041,265.6974956306215,0.7,10000.0,0.9046425649873645,0.03502636649232691,0.002001506656704395,10.007533283521974,98.75512251869124,19.970924868918644,78.7841976497726,78.78419764977271,20.932764010812477,624.860097571525,153.919372375721,139.93219705606901,-1.7483969149564977,107.40116814261648,95.12950384365158,-0.6135832149482454,3.287979156538102,2.575137285000487,0.8,1.0,41.486568474381734,45.634354171877035,NOMINAL,0.6104065957065009,42.7
2537.224187805041,265.6974956306215,0.7,10000.0,0.9046425649873645,0.03502636649232691,0.002001506656704395,10.007533283521974,98.75512251869124,19.970924868918644,78.7841976497726,78.78419764977271,20.932764010812477,624.860097571525,153.8322251487408,139.93219705606901,-1.7375035115839736,107.37052729888252,95.12950384365158,-0.6120511727615472,3.2882495450818174,2.396393771870807,0.8,1.0,41.486568474381734,45.610943976638055,NOMINAL,0.6104065957065009,42.75
2537.224187805041,265.6974956306215,0.7,10000.0,0.9046425649873645,0.03502636649232691,0.002001506656704395,10.007533283521974,98.75512251869124,19.970924868918644,78.7841976497726,78.78419764977271,20.932764010812477,624.860097571525,153.74562089337545,139.93219705606901,-1.7266779796633038,107.339962961585,95.12950384365158,-0.6105229558966713,3.288519258498434,2.289347742798644,0.8,1.0,41.486568474381734,45.587673564879516,NOMINAL,0.6104065957065009,42.800000000000004
2537.224187805041,265.6974956306215,0.7,10000.0,0.9046425649873645,0.03502636649232691,0.002001506656704395,10.007533283521974,98.75512251869124,19.970924868918644,78.7841976497726,78.78419764977271,20.932764010812477,624.860097571525,153.65955622663517,139.93219705606901,-1.71591989632077,107.30947493969671,95.12950384365158,-0.6089985548022568,3.288788298473662,2.439533680596897,0.8,1.0,41.486568474381734,45.56454208084509,NOMINAL,0.6104065957065009,42.85
2537.224187805041,265.6974956306215,0.7,10000.0,0.9046425649873645,0.03502636649232691,0.002001506656704395,10.007533283521974,98.75512251869124,19.970924868918644,78.7841976497726,78.78419764977271,20.932764010812477,624.860097571525,153.574027786608,139.93219705606901,-1.7052288413173748,107.27906304266743,95.12950384365158,-0.6074779599507927,3.289056666689001,2.5866460836354586,0.8,1.0,41.486568474381734,45.541548674072345,NOMINAL,0.6104065957065009,42.900000000000006
2537.224187805041,265.6974956306215,0.7,10000.0,0.9046425649873645,0.03502636649232691,0.002001506656704395,10.007533283521974,98.75512251869124,19.970924868918644,78.7841976497726,78.78419764977271,20.932764010812477,624.860097571525,153.4890322323284,139.93219705606901,-1.6946043970324247,107.24872708042268,95.12950384365158,-0.6059611618385553,3.2893243648217543,2.475706566917786,0.8,1.0,41.486568474381734,45.5186924993599,NOMINAL,0.6104065957065009,42.95
2537.224187805041,265.6974956306215,0.7,10000.0,0.9046425649873645,0.03502636649232691,0.002001506656704395,10.007533283521974,98.75512251869124,19.970924868918644,78.7841976497726,78.78419764977271,20.932764010812477,624.860097571525,153.4045662436467,139.93219705606901,-1.6840461484472122,107.21846686336262,95.12950384365158,-0.6044481509855523,3.289591394545036,2.298997889889907,0.8,1.0,41.486568474381734,45.49597271673475,NOMINAL,0.6104065957065009,43.0
2537.224187805041,265.6974956306215,0.7,10000.0,0.9046425649873645,0.03502636649232691,0.002001506656704395,10.007533283521974,98.75512251869124,19.970924868918644,78.7841976497726,78.78419764977271,20.932764010812477,624.860097571525,153.32062652109948,139.93219705606901,-1.6735536831288087,107.18828220236078,95.12950384365158,-0.6029389179354603,3.2898577575277814,2.3627953369789365,0.8,1.0,41.486568474381734,45.47338849141974,NOMINAL,0.6104065957065009,43.050000000000004
2537.224187805041,265.6974956306215,0.7,10000.0,0.9046425649873645,0.03502636649232691,0.002001506656704395,10.007533283521974,98.75512251869124,19.970924868918644,78.7841976497726,78.78419764977271,20.932764010812477,624.860097571525,153.23720978578066,139.93219705606901,-1.6631265912139561,107.15817290876294,95.12950384365158,-0.601433453255568,3.2901234554347623,2.5565237990188265,0.8,1.0,41.486568474381734,45.450938993801316,NOMINAL,0.6104065957065009,43.1
2537.224187805041,265.6974956306215,0.7,10000.0,0.9046425649873645,0.03502636649232691,0.002001506656704395,10.007533283521974,98.75512251869124,19.970924868918644,78.7841976497726,78.78419764977271,20.932764010812477,624.860097571525,153.1543127792134,139.93219705606901,-1.652764465393048,107.1281387943859,95.12950384365158,-0.5999317475367164,3.2903884899265896,2.5444089336807125,0.8,1.0,41.486568474381734,45.42862339939745,NOMINAL,0.6104065957065009,43.150000000000006
2537.224187805041,265.6974956306215,0.7,10000.0,0.9046425649873645,0.03502636649232691,0.002001506656704395,10.007533283521974,98.75512251869124,19.970924868918644,78.7841976497726,78.78419764977271,20.932764010812477,624.860097571525,153.07193226322283,139.93219705606901,-1.6424669008942274,107.09817967151638,95.12950384365158,-0.59843379139324,3.29065286265973,2.347448486460484,0.8,1.0,41.486568474381734,45.40644088882574,NOMINAL,0.6104065957065009,43.2
2537.224187805041,265.6974956306215,0.7,10000.0,0.9046425649873645,0.03502636649232691,0.002001506656704395,10.007533283521974,98.75512251869124,19.970924868918644,78.7841976497726,78.78419764977271,20.932764010812477,624.860097571525,152.9900650198096,139.93219705606901,-1.632233495467574,107.06829535290973,95.12950384365158,-0.5969395754629077,3.2909165752865146,2.3070185460023582,0.8,1.0,41.486568474381734,45.38439064777177,NOMINAL,0.6104065957065009,43.25
2537.224187805041,265.6974956306215,0.7,10000.0,0.9046425649873645,0.03502636649232691,0.002001506656704395,10.007533283521974,98.75512251869124,19.970924868918644,78.7841976497726,78.78419764977271,20.932764010812477,624.860097571525,152.90870785102408,139.93219705606901,-1.6220638493693826,107.03848565178887,95.12950384365158,-0.5954490904068649,3.291179629455148,2.4931931557631866,0.8,1.0,41.486568474381734,45.36247186695757,NOMINAL,0.6104065957065009,43.300000000000004
2537.224187805041,265.6974956306215,0.7,10000.0,0.9046425649873645,0.03502636649232691,0.002001506656704395,10.007533283521974,98.75512251869124,19.970924868918644,78.7841976497726,78.78419764977271,20.932764010812477,624.860097571525,152.82785757884153,139.93219705606901,-1.6119575653465645,107.00875038184309,95.12950384365158,-0.5939623269095755,3.2914420268097198,2.583290472854778,0.8,1.0,41.486568474381734,45.34068374211037,NOMINAL,0.6104065957065009,43.35
2537.224187805041,265.6974956306215,0.7,10000.0,0.9046425649873645,0.03502636649232691,0.002001506656704395,10.007533283521974,98.75512251869124,19.970924868918644,78.7841976497726,78.78419764977271,20.932764010812477,624.860097571525,152.7475110450379,139.93219705606901,-1.6019142486211102,106.97908935722684,95.12950384365158,-0.5924792756787631,3.291703768990213,2.4211518870584405,0.8,1.0,41.486568474381734,45.3190254739315,NOMINAL,0.6104065957065009,43.400000000000006
2537.224187805041,265.6974956306215,0.7,10000.0,0.9046425649873645,0.03502636649232691,0.002001506656704395,10.007533283521974,98.75512251869124,19.970924868918644,78.7841976497726,78.78419764977271,20.932764010812477,624.860097571525,152.6676651110665,139.93219705606901,-1.5919335068746854,106.94950239255863,95.12950384365158,-0.5909999274453526,3.291964857632519,2.287799486913164,0.8,1.0,41.486568474381734,45.29749626806548,NOMINAL,0.6104065957065009,43.45
2537.224187805041,265.6974956306215,0.7,10000.0,0.9046425649873645,0.03502636649232691,0.002001506656704395,10.007533283521974,98.75512251869124,19.970924868918644,78.7841976497726,78.78419764977271,20.932764010812477,624.860097571525,152.5883166579354,139.93219705606901,-1.5820149502332974,106.91998930291982,95.12950384365158,-0.589524272963412,3.2922252943684414,2.4143625240800257,0.8,1.0,41.486568474381734,45.27609533506934,NOMINAL,0.6104065957065009,43.5
2537.224187805041,265.6974956306215,0.7,10000.0,0.9046425649873645,0.03502636649232691,0.002001506656704395,10.007533283521974,98.75512251869124,19.970924868918644,78.7841976497726,78.78419764977271,20.932764010812477,624.860097571525,152.50946258608553,139.93219705606901,-1.5721581912520648,106.89054990385351,95.12950384365158,-0.5880523030100967,3.292485080825711,2.5814792170203376,0.8,1.0,41.486568474381734,45.25482189038207,NOMINAL,0.6104065957065009,43.550000000000004
2537.224187805041,265.6974956306215,0.7,10000.0,0.9046425649873645,0.03502636649232691,0.002001506656704395,10.007533283521974,98.75512251869124,19.970924868918644,78.7841976497726,78.78419764977271,20.932764010812477,624.860097571525,152.4310998152697,139.93219705606901,-1.5623628449000861,106.86118401136336,95.12950384365158,-0.5865840083855893,3.292744218627994,2.4994993146896682,0.8,1.0,41.486568474381734,45.23367515429429,NOMINAL,0.6104065957065009,43.6
2537.224187805041,265.6974956306215,0.7,10000.0,0.9046425649873645,0.03502636649232691,0.002001506656704395,10.007533283521974,98.75512251869124,19.970924868918644,78.7841976497726,78.78419764977271,20.932764010812477,624.860097571525,152.35322528443223,139.93219705606901,-1.5526285285454016,106.83189144191245,95.12950384365158,-0.5851193799130435,3.293002709394903,2.310512149236054,0.8,1.0,41.486568474381734,45.212654351918175,NOMINAL,0.6104065957065009,43.650000000000006
2537.224187805041,265.6974956306215,0.7,10000.0,0.9046425649873645,0.03502636649232691,0.002001506656704395,10.007533283521974,98.75512251869124,19.970924868918644,78.7841976497726,78.78419764977271,20.932764010812477,624.860097571525,152.27583595158933,139.93219705606901,-1.5429548619400393,106.80267201242212,95.12950384365158,-0.5836584084385272,3.2932605547420044,2.342074345642305,0.8,1.0,41.486568474381734,45.19175871315743,NOMINAL,0.6104065957065009,43.7
2537.224187805041,265.6974956306215,0.7,10000.0,0.9046425649873645,0.03502636649232691,0.002001506656704395,10.007533283521974,98.75512251869124,19.970924868918644,78.7841976497726,78.78419764977271,20.932764010812477,624.860097571525,152.19892879371034,139.93219705606901,-1.5333414672051653,106.77352554027085,95.12950384365158,-0.5822010848309638,3.293517756280835,2.539481625408147,0.8,1.0,41.486568474381734,45.170987472677574,NOMINAL,0.6104065957065009,43.75
2537.224187805041,265.6974956306215,0.7,10000.0,0.9046425649873645,0.03502636649232691,0.002001506656704395,10.007533283521974,98.75512251869124,19.970924868918644,78.7841976497726,78.78419764977271,20.932764010812477,624.860097571525,152.12250080659965,139.93219705606901,-1.523787968816329,106.74445184329309,95.12950384365158,-0.5807473999820758,3.293774315618903,2.560583440099367,0.8,1.0,41.486568474381734,45.15033986987636,NOMINAL,0.6104065957065009,43.800000000000004
2537.224187805041,265.6974956306215,0.7,10000.0,0.9046425649873645,0.03502636649232691,0.002001506656704395,10.007533283521974,98.75512251869124,19.970924868918644,78.7841976497726,78.78419764977271,20.932764010812477,624.860097571525,152.04654900477928,139.93219705606901,-1.5142939935887831,106.71545073977813,95.12950384365158,-0.5792973448063279,3.2940302343597065,2.3688056700673767,0.8,1.0,41.486568474381734,45.12981514885435,NOMINAL,0.6104065957065009,43.85
2537.224187805041,265.6974956306215,0.7,10000.0,0.9046425649873645,0.03502636649232691,0.002001506656704395,10.007533283521974,98.75512251869124,19.970924868918644,78.7841976497726,78.78419764977271,20.932764010812477,624.860097571525,151.9710704213723,139.93219705606901,-1.504859170662911,106.68652204846899,95.12950384365158,-0.5778509102408705,3.294285514102738,2.2965416762456017,0.8,1.0,41.486568474381734,45.10941255838571,NOMINAL,0.6104065957065009,43.900000000000006
2537.224187805041,265.6974956306215,0.7,10000.0,0.9046425649873645,0.03502636649232691,0.002001506656704395,10.007533283521974,98.75512251869124,19.970924868918644,78.7841976497726,78.78419764977271,20.932764010812477,624.860097571525,151.89606210798698,139.93219705606901,-1.4954831314897454,106.65766558856124,95.12950384365158,-0.5764080872454833,3.294540156443497,2.4690409689234007,0.8,1.0,41.486568474381734,45.08913135188924,NOMINAL,0.6104065957065009,43.95
2537.224187805041,265.6974956306215,0.7,10000.0,0.9046425649873645,0.03502636649232691,0.002001506656704395,10.007533283521974,98.75512251869124,19.970924868918644,78.7841976497726,78.78419764977271,20.932764010812477,624.860097571525,151.8215211346015,139.93219705606901,-1.486165509816562,106.62888117970193,95.12950384365158,-0.5749688668025179,3.2947941629734983,2.587324059277644,0.8,1.0,41.486568474381734,45.068970787399444,NOMINAL,0.6104065957065009,44.0
2537.224187805041,265.6974956306215,0.7,10000.0,0.9046425649873645,0.03502636649232691,0.002001506656704395,10.007533283521974,98.75512251869124,19.970924868918644,78.7841976497726,78.78419764977271,20.932764010812477,624.860097571525,151.74744458944966,139.93219705606901,-1.4769059416725803,106.6001686419884,95.12950384365158,-0.5735332399168414,3.295047535280284,2.446380147893017,0.8,1.0,41.486568474381734,45.048930127537915,NOMINAL,0.6104065957065009,44.050000000000004
2537.224187805041,265.6974956306215,0.7,10000.0,0.9046425649873645,0.03502636649232691,0.002001506656704395,10.007533283521974,98.75512251869124,19.970924868918644,78.7841976497726,78.78419764977271,20.932764010812477,624.860097571525,151.67382957890695,139.93219705606901,-1.4677040653547415,106.5715277959672,95.12950384365158,-0.5721011976157812,3.295300274947432,2.290496257193036,0.8,1.0,41.486568474381734,45.029008639484815,NOMINAL,0.6104065957065009,44.1
2537.224187805041,265.6974956306215,0.7,10000.0,0.9046425649873645,0.03502636649232691,0.002001506656704395,10.007533283521974,98.75512251869124,19.970924868918644,78.7841976497726,78.78419764977271,20.932764010812477,624.860097571525,151.60067322737768,139.93219705606901,-1.4585595214135836,106.54295846263295,95.12950384365158,-0.5706727309490688,3.2955523835545657,2.3898537034819958,0.8,1.0,41.486568474381734,45.00920559495058,NOMINAL,0.6104065957065009,44.150000000000006
2537.224187805041,265.6974956306215,0.7,10000.0,0.9046425649873645,0.03502636649232691,0.002001506656704395,10.007533283521974,98.75512251869124,19.970924868918644,78.7841976497726,78.78419764977271,20.932764010812477,624.860097571525,151.5279726771826,139.93219705606901,-1.4494719526391968,106.51446046342723,95.12950384365158,-0.5692478309887825,3.295803862677365,2.5722440211995394,0.8,1.0,41.486568474381734,44.989520270147786,NOMINAL,0.6104065957065009,44.2
2537.224187805041,265.6974956306215,0.7,10000.0,0.9046425649873645,0.03502636649232691,0.002001506656704395,10.007533283521974,98.75512251869124,19.970924868918644,78.7841976497726,78.78419764977271,20.932764010812477,624.860097571525,151.45572508844714,139.93219705606901,-1.4404410040472655,106.48603362023744,95.12950384365158,-0.567826488829293,3.2960547138875746,2.521544383922191,0.8,1.0,41.486568474381734,44.96995194576314,NOMINAL,0.6104065957065009,44.25
2537.224187805041,265.6974956306215,0.7,10000.0,0.9046425649873645,0.03502636649232691,0.002001506656704395,10.007533283521974,98.75512251869124,19.970924868918644,78.7841976497726,78.78419764977271,20.932764010812477,624.860097571525,151.38392763899074,139.93219705606901,-1.4314663228652158,106.45767775539571,95.12950384365158,-0.5664086955872065,3.2963049387530163,2.3256284947898562,0.8,1.0,41.486568474381734,44.95049990692979,NOMINAL,0.6104065957065009,44.300000000000004
2537.224187805041,265.6974956306215,0.7,10000.0,0.9046425649873645,0.03502636649232691,0.002001506656704395,10.007533283521974,98.75512251869124,19.970924868918644,78.7841976497726,78.78419764977271,20.932764010812477,624.860097571525,151.3125775242164,139.93219705606901,-1.4225475585184242,106.4293926916778,95.12950384365158,-0.5649944424013114,3.296554538837596,2.3240619918746352,0.8,1.0,41.486568474381734,44.9311634431996,NOMINAL,0.6104065957065009,44.35
2537.224187805041,265.6974956306215,0.7,10000.0,0.9046425649873645,0.03502636649232691,0.002001506656704395,10.007533283521974,98.75512251869124,19.970924868918644,78.7841976497726,78.78419764977271,20.932764010812477,624.860097571525,151.2416719570012,139.93219705606901,-1.4136843626165216,106.40117825230199,95.12950384365158,-0.5635837204325206,3.2968035157013147,2.5195599717636634,0.8,1.0,41.486568474381734,44.91194184851579,NOMINAL,0.6104065957065009,44.400000000000006
2537.224187805041,265.6974956306215,0.7,10000.0,0.9046425649873645,0.03502636649232691,0.002001506656704395,10.007533283521974,98.75512251869124,19.970924868918644,78.7841976497726,78.78419764977271,20.932764010812477,624.860097571525,151.17120816758734,139.93219705606901,-1.4048763889397904,106.37303426092792,95.12950384365158,-0.5621765208638173,3.2970518709002783,2.5732811256852055,0.8,1.0,41.486568474381734,44.892834421185576,NOMINAL,0.6104065957065009,44.45
2537.224187805041,265.6974956306215,0.7,10000.0,0.9046425649873645,0.03502636649232691,0.002001506656704395,10.007533283521974,98.75512251869124,19.970924868918644,78.7841976497726,78.78419764977271,20.932764010812477,624.860097571525,151.10118340347415,139.93219705606901,-1.3961232934256422,106.34496054165555,95.12950384365158,-0.5607728349001988,3.2972996059867086,2.392114792783304,0.8,1.0,41.486568474381734,44.87384046385319,NOMINAL,0.6104065957065009,44.5
2537.224187805041,265.6974956306215,0.7,10000.0,0.9046425649873645,0.03502636649232691,0.002001506656704395,10.007533283521974,98.75512251869124,19.970924868918644,78.7841976497726,78.78419764977271,20.932764010812477,624.860097571525,151.03159492931036,139.93219705606901,-1.387424734155168,106.31695691902407,95.12950384365158,-0.5593726537686244,3.2975467225089505,2.290062362640882,0.8,1.0,41.486568474381734,44.85495928347284,NOMINAL,0.6104065957065009,44.550000000000004
2537.224187805041,265.6974956306215,0.7,10000.0,0.9046425649873645,0.03502636649232691,0.002001506656704395,10.007533283521974,98.75512251869124,19.970924868918644,78.7841976497726,78.78419764977271,20.932764010812477,624.860097571525,150.96244002678733,139.93219705606901,-1.37878037133979,106.28902321801071,95.12950384365158,-0.5579759687179567,3.2977932220114825,2.444003304868522,0.8,1.0,41.486568474381734,44.83619019128198,NOMINAL,0.6104065957065009,44.6
2537.224187805041,265.6974956306215,0.7,10000.0,0.9046425649873645,0.03502636649232691,0.002001506656704395,10.007533283521974,98.75512251869124,19.970924868918644,78.7841976497726,78.78419764977271,20.932764010812477,624.860097571525,150.89371599453293,139.93219705606901,-1.3701898673079889,106.26115926402977,95.12950384365158,-0.5565827710189097,3.2980391060349277,2.5871238632960707,0.8,1.0,41.486568474381734,44.81753250277471,NOMINAL,0.6104065957065009,44.650000000000006
2537.224187805041,265.6974956306215,0.7,10000.0,0.9046425649873645,0.03502636649232691,0.002001506656704395,10.007533283521974,98.75512251869124,19.970924868918644,78.7841976497726,78.78419764977271,20.932764010812477,624.860097571525,150.82542014800586,139.93219705606901,-1.3616528864921058,106.23336488293144,95.12950384365158,-0.5551930519639932,3.2982843761160616,2.4713644039706644,0.8,1.0,41.486568474381734,44.79898553767536,NOMINAL,0.6104065957065009,44.7
2537.224187805041,265.6974956306215,0.7,10000.0,0.9046425649873645,0.03502636649232691,0.002001506656704395,10.007533283521974,98.75512251869124,19.970924868918644,78.7841976497726,78.78419764977271,20.932764010812477,624.860097571525,150.75754981939096,139.93219705606901,-1.353169095415243,106.20563990100075,95.12950384365158,-0.5538068028674588,3.298529033787824,2.2973617146628653,0.8,1.0,41.486568474381734,44.78054861991218,NOMINAL,0.6104065957065009,44.75
2537.224187805041,265.6974956306215,0.7,10000.0,0.9046425649873645,0.03502636649232691,0.002001506656704395,10.007533283521974,98.75512251869124,19.970924868918644,78.7841976497726,78.78419764977271,20.932764010812477,624.860097571525,150.69010235749488,139.93219705606901,-1.344738162678233,106.17798414495648,95.12950384365158,-0.5524240150652453,3.298773080579325,2.3667010036103986,0.8,1.0,41.486568474381734,44.76222107759128,NOMINAL,0.6104065957065009,44.800000000000004
2537.224187805041,265.6974956306215,0.7,10000.0,0.9046425649873645,0.03502636649232691,0.002001506656704395,10.007533283521974,98.75512251869124,19.970924868918644,78.7841976497726,78.78419764977271,20.932764010812477,624.860097571525,150.62307512764258,139.93219705606901,-1.3363597589466956,106.15039744195006,95.12950384365158,-0.5510446799149242,3.2990165180158586,2.559201921994831,0.8,1.0,41.486568474381734,44.74400224297064,NOMINAL,0.6104065957065009,44.85
2537.224187805041,265.6974956306215,0.7,10000.0,0.9046425649873645,0.03502636649232691,0.002001506656704395,10.007533283521974,98.75512251869124,19.970924868918644,78.7841976497726,78.78419764977271,20.932764010812477,624.860097571525,150.55646551157434,139.93219705606901,-1.3280335569381663,106.1228796195645,95.12950384365158,-0.5496687887956462,3.2992593476189094,2.541217732585766,0.8,1.0,41.486568474381734,44.725891452434354,NOMINAL,0.6104065957065009,44.900000000000006
2537.224187805041,265.6974956306215,0.7,10000.0,0.9046425649873645,0.03502636649232691,0.002001506656704395,10.007533283521974,98.75512251869124,19.970924868918644,78.7841976497726,78.78419764977271,20.932764010812477,624.860097571525,150.4902709073436,139.93219705606901,-1.3197592314093214,106.09543050581333,95.12950384365158,-0.5482963331080875,3.2995015709061626,2.343919019754631,0.8,1.0,41.486568474381734,44.707888046467,NOMINAL,0.6104065957065009,44.95
2537.224187805041,265.6974956306215,0.7,10000.0,0.9046425649873645,0.03502636649232691,0.002001506656704395,10.007533283521974,98.75512251869124,19.970924868918644,78.7841976497726,78.78419764977271,20.932764010812477,624.860097571525,150.42448872921517,139.93219705606901,-1.3115364591432694,106.06804992913949,95.12950384365158,-0.5469273042743957,3.2997431893915157,2.3092681613867474,0.8,1.0,41.486568474381734,44.6899913696282,NOMINAL,0.6104065957065009,45.0
2537.224187805041,265.6974956306215,0.7,10000.0,0.9046425649873645,0.03502636649232691,0.002001506656704395,10.007533283521974,98.75512251869124,19.970924868918644,78.7841976497726,78.78419764977271,20.932764010812477,624.860097571525,150.3591164075644,139.93219705606901,-1.3033649189369214,106.04073771841429,95.12950384365158,-0.5455616937381358,3.299984204585084,2.4973227714082937,0.8,1.0,41.486568474381734,44.672200770527276,NOMINAL,0.6104065957065009,45.050000000000004
2537.224187805041,265.6974956306215,0.7,10000.0,0.9046425649873645,0.03502636649232691,0.002001506656704395,10.007533283521974,98.75512251869124,19.970924868918644,78.7841976497726,78.78419764977271,20.932764010812477,624.860097571525,150.2941513887766,139.93219705606901,-1.2952442915884497,106.01349370293633,95.12950384365158,-0.5441994929642376,3.300224617993213,2.5821425499939505,0.8,1.0,41.486568474381734,44.65451560179812,NOMINAL,0.6104065957065009,45.1
2537.224187805041,265.6974956306215,0.7,10000.0,0.9046425649873645,0.03502636649232691,0.002001506656704395,10.007533283521974,98.75512251869124,19.970924868918644,78.7841976497726,78.78419764977271,20.932764010812477,624.860097571525,150.22959113514756,139.93219705606901,-1.287174259884818,105.98631771243042,95.12950384365158,-0.5428406934389421,3.3004644311184888,2.4167160303139155,0.8,1.0,41.486568474381734,44.63693522007422,NOMINAL,0.6104065957065009,45.150000000000006
2537.224187805041,265.6974956306215,0.7,10000.0,0.9046425649873645,0.03502636649232691,0.002001506656704395,10.007533283521974,98.75512251869124,19.970924868918644,78.7841976497726,78.78419764977271,20.932764010812477,624.860097571525,150.16543312478407,139.93219705606901,-1.2791545085893823,105.95920957704654,95.12950384365158,-0.5414852866697479,3.300703645459743,2.287764018720402,0.8,1.0,41.486568474381734,44.6194589859638,NOMINAL,0.6104065957065009,45.2
2537.224187805041,265.6974956306215,0.7,10000.0,0.9046425649873645,0.03502636649232691,0.002001506656704395,10.007533283521974,98.75512251869124,19.970924868918644,78.7841976497726,78.78419764977271,20.932764010812477,624.860097571525,150.10167485150575,139.93219705606901,-1.2711847244295917,105.93216912735873,95.12950384365158,-0.5401332641853578,3.3009422625120663,2.4187889186739833,0.8,1.0,41.486568474381734,44.602086264025175,NOMINAL,0.6104065957065009,45.25
2537.224187805041,265.6974956306215,0.7,10000.0,0.9046425649873645,0.03502636649232691,0.002001506656704395,10.007533283521974,98.75512251869124,19.970924868918644,78.7841976497726,78.78419764977271,20.932764010812477,624.860097571525,150.03831382474692,139.93219705606901,-1.2632645960847384,105.90519619436412,95.12950384365158,-0.5387846175356273,3.301180283766816,2.5826955519689854,0.8,1.0,41.486568474381734,44.584816422742165,NOMINAL,0.6104065957065009,45.300000000000004
2537.224187805041,265.6974956306215,0.7,10000.0,0.9046425649873645,0.03502636649232691,0.002001506656704395,10.007533283521974,98.75512251869124,19.970924868918644,78.7841976497726,78.78419764977271,20.932764010812477,624.860097571525,149.97534756945942,139.93219705606901,-1.2553938141738001,105.87829060948178,95.12950384365158,-0.5374393382915101,3.301417710711626,2.4953974120663283,0.8,1.0,41.486568474381734,44.567648834499764,NOMINAL,0.6104065957065009,45.35
2537.224187805041,265.6974956306215,0.7,10000.0,0.9046425649873645,0.03502636649232691,0.002001506656704395,10.007533283521974,98.75512251869124,19.970924868918644,78.7841976497726,78.78419764977271,20.932764010812477,624.860097571525,149.91277362601588,139.93219705606901,-1.2475720712433578,105.8514522045517,95.12950384365158,-0.5360974180450064,3.301654544830415,2.3082015150014032,0.8,1.0,41.486568474381734,44.55058287555994,NOMINAL,0.6104065957065009,45.400000000000006
2537.224187805041,265.6974956306215,0.7,10000.0,0.9046425649873645,0.03502636649232691,0.002001506656704395,10.007533283521974,98.75512251869124,19.970924868918644,78.7841976497726,78.78419764977271,20.932764010812477,624.860097571525,149.85058955011368,139.93219705606901,-1.2397990617555834,105.82468081183379,95.12950384365158,-0.5347588484091105,3.3018907876033974,2.3455598208111774,0.8,1.0,41.486568474381734,44.53361792603748,NOMINAL,0.6104065957065009,45.45
2537.224187805041,265.6974956306215,0.7,10000.0,0.9046425649873645,0.03502636649232691,0.002001506656704395,10.007533283521974,98.75512251869124,19.970924868918644,78.7841976497726,78.78419764977271,20.932764010812477,624.860097571525,149.78879291267947,139.93219705606901,-1.2320744820763068,105.79797626400673,95.12950384365158,-0.5334236210177579,3.302126440507091,2.54272210935825,0.8,1.0,41.486568474381734,44.51675336987617,NOMINAL,0.6104065957065009,45.5
2537.224187805041,265.6974956306215,0.7,10000.0,0.9046425649873645,0.03502636649232691,0.002001506656704395,10.007533283521974,98.75512251869124,19.970924868918644,78.7841976497726,78.78419764977271,20.932764010812477,624.860097571525,149.72738129977424,139.93219705606901,-1.2243980304631528,105.77133839416705,95.12950384365158,-0.5320917275257735,3.302361505014328,2.5579624562645873,0.8,1.0,41.486568474381734,44.49998859482495,NOMINAL,0.6104065957065009,45.550000000000004
2537.224187805041,265.6974956306215,0.7,10000.0,0.9046425649873645,0.03502636649232691,0.002001506656704395,10.007533283521974,98.75512251869124,19.970924868918644,78.7841976497726,78.78419764977271,20.932764010812477,624.860097571525,149.66635231249904,139.93219705606901,-1.2167694070537536,105.74476703582793,95.12950384365158,-0.5307631596088178,3.302595982594261,2.364865964072851,0.8,1.0,41.486568474381734,44.483322992414315,NOMINAL,0.6104065957065009,45.6
2537.224187805041,265.6974956306215,0.7,10000.0,0.9046425649873645,0.03502636649232691,0.002001506656704395,10.007533283521974,98.75512251869124,19.970924868918644,78.7841976497726,78.78419764977271,20.932764010812477,624.860097571525,149.6057035669013,139.93219705606901,-1.2091883138540354,105.71826202291834,95.12950384365158,-0.5294379089633381,3.3028298747123768,2.298111631362066,0.8,1.0,41.486568474381734,44.46675595793282,NOMINAL,0.6104065957065009,45.650000000000006
2537.224187805041,265.6974956306215,0.7,10000.0,0.9046425649873645,0.03502636649232691,0.002001506656704395,10.007533283521974,98.75512251869124,19.970924868918644,78.7841976497726,78.78419764977271,20.932764010812477,624.860097571525,149.54543269388168,139.93219705606901,-1.201654454726583,105.69182318978183,95.12950384365158,-0.5281159673065126,3.303063182830501,2.473399505134129,0.8,1.0,41.486568474381734,44.450286890403774,NOMINAL,0.6104065957065009,45.7
2537.224187805041,265.6974956306215,0.7,10000.0,0.9046425649873645,0.03502636649232691,0.002001506656704395,10.007533283521974,98.75512251869124,19.970924868918644,78.7841976497726,78.78419764977271,20.932764010812477,624.860097571525,149.48553733910154,139.93219705606901,-1.1941675353790657,105.66545037117561,95.12950384365158,-0.5267973263762016,3.303295908406811,2.5869168677618006,0.8,1.0,41.486568474381734,44.433915192562026,NOMINAL,0.6104065957065009,45.75
2537.224187805041,265.6974956306215,0.7,10000.0,0.9046425649873645,0.03502636649232691,0.002001506656704395,10.007533283521974,98.75512251869124,19.970924868918644,78.7841976497726,78.78419764977271,20.932764010812477,624.860097571525,149.42601516289096,139.93219705606901,-1.1867272633527435,105.63914340226948,95.12950384365158,-0.5254819779308952,3.303528052895842,2.4419129817541387,0.8,1.0,41.486568474381734,44.41764027083096,NOMINAL,0.6104065957065009,45.800000000000004
2537.224187805041,265.6974956306215,0.7,10000.0,0.9046425649873645,0.03502636649232691,0.002001506656704395,10.007533283521974,98.75512251869124,19.970924868918644,78.7841976497726,78.78419764977271,20.932764010812477,624.860097571525,149.36686384015738,139.93219705606901,-1.1793333480110455,105.61290211864481,95.12950384365158,-0.5241699137496617,3.3037596177484976,2.2897117049831217,0.8,1.0,41.486568474381734,44.40146153529954,NOMINAL,0.6104065957065009,45.85
2537.224187805041,265.6974956306215,0.7,10000.0,0.9046425649873645,0.03502636649232691,0.002001506656704395,10.007533283521974,98.75512251869124,19.970924868918644,78.7841976497726,78.78419764977271,20.932764010812477,624.860097571525,149.3080810602947,139.93219705606901,-1.171985500528212,105.58672635629348,95.12950384365158,-0.5228611256320953,3.3039906044120593,2.394111567985972,0.8,1.0,41.486568474381734,44.38537839969959,NOMINAL,0.6104065957065009,45.900000000000006
2537.224187805041,265.6974956306215,0.7,10000.0,0.9046425649873645,0.03502636649232691,0.002001506656704395,10.007533283521974,98.75512251869124,19.970924868918644,78.7841976497726,78.78419764977271,20.932764010812477,624.860097571525,149.24966452709316,139.93219705606901,-1.164683433878018,105.5606159516169,95.12950384365158,-0.521555605398266,3.304221014330194,2.574164479966695,0.8,1.0,41.486568474381734,44.36939028138319,NOMINAL,0.6104065957065009,45.95
2537.224187805041,265.6974956306215,0.7,10000.0,0.9046425649873645,0.03502636649232691,0.002001506656704395,10.007533283521974,98.75512251869124,19.970924868918644,78.7841976497726,78.78419764977271,20.932764010812477,624.860097571525,149.19161195864947,139.93219705606901,-1.1574268628225575,105.53457074142494,95.12950384365158,-0.5202533448886684,3.304450848942965,2.51779885646036,0.8,1.0,41.486568474381734,44.35349660130018,NOMINAL,0.6104065957065009,46.0
2537.224187805041,265.6974956306215,0.7,10000.0,0.9046425649873645,0.03502636649232691,0.002001506656704395,10.007533283521974,98.75512251869124,19.970924868918644,78.7841976497726,78.78419764977271,20.932764010812477,624.860097571525,149.1339210872778,139.93219705606901,-1.150215503901098,105.50859056293497,95.12950384365158,-0.5189543359641696,3.304680109686839,2.322708809955299,0.8,1.0,41.486568474381734,44.3376967839758,NOMINAL,0.6104065957065009,46.050000000000004
2537.224187805041,265.6974956306215,0.7,10000.0,0.9046425649873645,0.03502636649232691,0.002001506656704395,10.007533283521974,98.75512251869124,19.970924868918644,78.7841976497726,78.78419764977271,20.932764010812477,624.860097571525,149.07658965942116,139.93219705606901,-1.1430490754190181,105.48267525377078,95.12950384365158,-0.5176585705059601,3.3049087979946963,2.3270286102978037,0.8,1.0,41.486568474381734,44.32199025748855,NOMINAL,0.6104065957065009,46.1
2537.224187805041,265.6974956306215,0.7,10000.0,0.9046425649873645,0.03502636649232691,0.002001506656704395,10.007533283521974,98.75512251869124,19.970924868918644,78.7841976497726,78.78419764977271,20.932764010812477,624.860097571525,149.01961543556334,139.93219705606901,-1.1359272974367904,105.45682465196161,95.12950384365158,-0.5163660404155017,3.3051369152958396,2.523271086507358,0.8,1.0,41.486568474381734,44.306376453448095,NOMINAL,0.6104065957065009,46.150000000000006
2537.224187805041,265.6974956306215,0.7,10000.0,0.9046425649873645,0.03502636649232691,0.002001506656704395,10.007533283521974,98.75512251869124,19.970924868918644,78.7841976497726,78.78419764977271,20.932764010812477,624.860097571525,148.9629961901415,139.93219705606901,-1.1288498917590601,105.4310385959411,95.12950384365158,-0.5150767376144764,3.3053644630160033,2.5713045527569576,0.8,1.0,41.486568474381734,44.29085480697336,NOMINAL,0.6104065957065009,46.2
2537.224187805041,265.6974956306215,0.7,10000.0,0.9046425649873645,0.03502636649232691,0.002001506656704395,10.007533283521974,98.75512251869124,19.970924868918644,78.7841976497726,78.78419764977271,20.932764010812477,624.860097571525,148.90672971145912,139.93219705606901,-1.1218165819237633,105.40531692454634,95.12950384365158,-0.5137906540447382,3.3055914425773607,2.3878763709476987,0.8,1.0,41.486568474381734,44.27542475667072,NOMINAL,0.6104065957065009,46.25
2537.224187805041,265.6974956306215,0.7,10000.0,0.9046425649873645,0.03502636649232691,0.002001506656704395,10.007533283521974,98.75512251869124,19.970924868918644,78.7841976497726,78.78419764977271,20.932764010812477,624.860097571525,148.85081380159977,139.93219705606901,-1.1148270931913444,105.37965947701677,95.12950384365158,-0.5125077816682598,3.3058178553985353,2.2909082158972187,0.8,1.0,41.486568474381734,44.260085744612404,NOMINAL,0.6104065957065009,46.300000000000004
2537.224187805041,265.6974956306215,0.7,10000.0,0.9046425649873645,0.03502636649232691,0.002001506656704395,10.007533283521974,98.75512251869124,19.970924868918644,78.7841976497726,78.78419764977271,20.932764010812477,624.860097571525,148.7952462763411,139.93219705606901,-1.1078811525340093,105.35406609299328,95.12950384365158,-0.5112281124670851,3.3060437028946077,2.448467382138073,0.8,1.0,41.486568474381734,44.24483721631491,NOMINAL,0.6104065957065009,46.35
2537.224187805041,265.6974956306215,0.7,10000.0,0.9046425649873645,0.03502636649232691,0.002001506656704395,10.007533283521974,98.75512251869124,19.970924868918644,78.7841976497726,78.78419764977271,20.932764010812477,624.860097571525,148.74002496506958,139.93219705606901,-1.1009784886250706,105.32853661251713,95.12950384365158,-0.5099516384432775,3.306268986477126,2.5874689297217848,0.8,1.0,41.486568474381734,44.229678620717706,NOMINAL,0.6104065957065009,46.400000000000006
2537.224187805041,265.6974956306215,0.7,10000.0,0.9046425649873645,0.03502636649232691,0.002001506656704395,10.007533283521974,98.75512251869124,19.970924868918644,78.7841976497726,78.78419764977271,20.932764010812477,624.860097571525,148.68514771069573,139.93219705606901,-1.0941188318283395,105.30307087602898,95.12950384365158,-0.5086783516188703,3.3064937075541123,2.466992382992538,0.8,1.0,41.486568474381734,44.214609410161884,NOMINAL,0.6104065957065009,46.45
2537.224187805041,265.6974956306215,0.7,10000.0,0.9046425649873645,0.03502636649232691,0.002001506656704395,10.007533283521974,98.75512251869124,19.970924868918644,78.7841976497726,78.78419764977271,20.932764010812477,624.860097571525,148.6306123695698,139.93219705606901,-1.0873019141875986,105.27766872436791,95.12950384365158,-0.5074082440358169,3.306717867530075,2.295850287191323,0.8,1.0,41.486568474381734,44.19962904036915,NOMINAL,0.6104065957065009,46.5
2537.224187805041,265.6974956306215,0.7,10000.0,0.9046425649873645,0.03502636649232691,0.002001506656704395,10.007533283521974,98.75512251869124,19.970924868918644,78.7841976497726,78.78419764977271,20.932764010812477,624.860097571525,148.57641681139813,139.93219705606901,-1.0805274694161398,105.25232999877038,95.12950384365158,-0.50614130775594,3.306941467806014,2.3706698082870132,0.8,1.0,41.486568474381734,44.18473697042077,NOMINAL,0.6104065957065009,46.550000000000004
2537.224187805041,265.6974956306215,0.7,10000.0,0.9046425649873645,0.03502636649232691,0.002001506656704395,10.007533283521974,98.75512251869124,19.970924868918644,78.7841976497726,78.78419764977271,20.932764010812477,624.860097571525,148.5225589191598,139.93219705606901,-1.0737952328863472,105.22705454086926,95.12950384365158,-0.5048775348608843,3.307164509779432,2.5617721410866254,0.8,1.0,41.486568474381734,44.16993266273673,NOMINAL,0.6104065957065009,46.6
2537.224187805041,265.6974956306215,0.7,10000.0,0.9046425649873645,0.03502636649232691,0.002001506656704395,10.007533283521974,98.75512251869124,19.970924868918644,78.7841976497726,78.78419764977271,20.932764010812477,624.860097571525,148.46903658902406,139.93219705606901,-1.0671049416193803,105.20184219269288,95.12950384365158,-0.5036169174520652,3.3073869948443426,2.537934607013361,0.8,1.0,41.486568474381734,44.15521558305503,NOMINAL,0.6104065957065009,46.650000000000006
2537.224187805041,265.6974956306215,0.7,10000.0,0.9046425649873645,0.03502636649232691,0.002001506656704395,10.007533283521974,98.75512251869124,19.970924868918644,78.7841976497726,78.78419764977271,20.932764010812477,624.860097571525,148.4158477302681,139.93219705606901,-1.0604563342748854,105.17669279666396,95.12950384365158,-0.502359447650619,3.307608924391278,2.340472933461775,0.8,1.0,41.486568474381734,44.14058520041109,NOMINAL,0.6104065957065009,46.7
2537.224187805041,265.6974956306215,0.7,10000.0,0.9046425649873645,0.03502636649232691,0.002001506656704395,10.007533283521974,98.75512251869124,19.970924868918644,78.7841976497726,78.78419764977271,20.932764010812477,624.860097571525,148.36299026519532,139.93219705606901,-1.0538491511407884,105.1516061955987,95.12950384365158,-0.5011051175973563,3.3078302998072973,2.311631945347422,0.8,1.0,41.486568474381734,44.12604098711724,NOMINAL,0.6104065957065009,46.75
2537.224187805041,265.6974956306215,0.7,10000.0,0.9046425649873645,0.03502636649232691,0.002001506656704395,10.007533283521974,98.75512251869124,19.970924868918644,78.7841976497726,78.78419764977271,20.932764010812477,624.860097571525,148.31046212905432,139.93219705606901,-1.0472831341231625,105.12658223270577,95.12950384365158,-0.49985391945270974,3.3080511224759994,2.501399464357605,0.8,1.0,41.486568474381734,44.11158241874246,NOMINAL,0.6104065957065009,46.800000000000004
2537.224187805041,265.6974956306215,0.7,10000.0,0.9046425649873645,0.03502636649232691,0.002001506656704395,10.007533283521974,98.75512251869124,19.970924868918644,78.7841976497726,78.78419764977271,20.932764010812477,624.860097571525,148.25826126995807,139.93219705606901,-1.0407580267361318,105.10162075158532,95.12950384365158,-0.49860584539668695,3.308271393777525,2.580866339920853,0.8,1.0,41.486568474381734,44.09720897409207,NOMINAL,0.6104065957065009,46.85
2537.224187805041,265.6974956306215,0.7,10000.0,0.9046425649873645,0.03502636649232691,0.002001506656704395,10.007533283521974,98.75512251869124,19.970924868918644,78.7841976497726,78.78419764977271,20.932764010812477,624.860097571525,148.2063856488039,139.93219705606901,-1.0342735740918592,105.076721596228,95.12950384365158,-0.497360887628821,3.3084911150885725,2.41229887200019,0.8,1.0,41.486568474381734,44.08292013518775,NOMINAL,0.6104065957065009,46.900000000000006
2537.224187805041,265.6974956306215,0.7,10000.0,0.9046425649873645,0.03502636649232691,0.002001506656704395,10.007533283521974,98.75512251869124,19.970924868918644,78.7841976497726,78.78419764977271,20.932764010812477,624.860097571525,148.15483323919372,139.93219705606901,-1.0278295228905883,105.05188461101402,95.12950384365158,-0.49611903836812205,3.308710287782399,2.2878618260782697,0.8,1.0,41.486568474381734,44.068715387247465,NOMINAL,0.6104065957065009,46.95
2537.224187805041,265.6974956306215,0.7,10000.0,0.9046425649873645,0.03502636649232691,0.002001506656704395,10.007533283521974,98.75512251869124,19.970924868918644,78.7841976497726,78.78419764977271,20.932764010812477,624.860097571525,148.103602027355,139.93219705606901,-1.0214256214107493,105.02710964071213,95.12950384365158,-0.49488028985302746,3.3089289132288355,2.4232321698850603,0.8,1.0,41.486568474381734,44.05459421866574,NOMINAL,0.6104065957065009,47.0
2537.224187805041,265.6974956306215,0.7,10000.0,0.9046425649873645,0.03502636649232691,0.002001506656704395,10.007533283521974,98.75512251869124,19.970924868918644,78.7841976497726,78.78419764977271,20.932764010812477,624.860097571525,148.05269001206202,139.93219705606901,-1.015061619499125,105.00239653047869,95.12950384365158,-0.49364463434135575,3.309146992794291,2.583783108349144,0.8,1.0,41.486568474381734,44.040556120993855,NOMINAL,0.6104065957065009,47.050000000000004
2537.224187805041,265.6974956306215,0.7,10000.0,0.9046425649873645,0.03502636649232691,0.002001506656704395,10.007533283521974,98.75512251869124,19.970924868918644,78.7841976497726,78.78419764977271,20.932764010812477,624.860097571525,148.0020952045577,139.93219705606901,-1.0087372685610845,104.97774512585669,95.12950384365158,-0.49241206411025545,3.309364527841764,2.4912442974771034,0.8,1.0,41.486568474381734,44.026600588920296,NOMINAL,0.6104065957065009,47.1
2537.224187805041,265.6974956306215,0.7,10000.0,0.9046425649873645,0.03502636649232691,0.002001506656704395,10.007533283521974,98.75512251869124,19.970924868918644,78.7841976497726,78.78419764977271,20.932764010812477,624.860097571525,147.9518156284759,139.93219705606901,-1.0024523215508623,104.95315527277475,95.12950384365158,-0.49118257145615873,3.3095815197308496,2.3060059970858573,0.8,1.0,41.486568474381734,44.0127271202513,NOMINAL,0.6104065957065009,47.150000000000006
2537.224187805041,265.6974956306215,0.7,10000.0,0.9046425649873645,0.03502636649232691,0.002001506656704395,10.007533283521974,98.75512251869124,19.970924868918644,78.7841976497726,78.78419764977271,20.932764010812477,624.860097571525,147.90184931976438,139.93219705606901,-0.9962065329619207,104.92862681754622,95.12950384365158,-0.48995614869473203,3.3097979698177475,2.349127218500267,0.8,1.0,41.486568474381734,43.99893521589146,NOMINAL,0.6104065957065009,47.2
2537.224187805041,265.6974956306215,0.7,10000.0,0.9046425649873645,0.03502636649232691,0.002001506656704395,10.007533283521974,98.75512251869124,19.970924868918644,78.7841976497726,78.78419764977271,20.932764010812477,624.860097571525,147.8521943266078,139.93219705606901,-0.9899996588173465,104.90415960686818,95.12950384365158,-0.48873278816083,3.310013879455271,2.5458693321541173,0.8,1.0,41.486568474381734,43.98522437982453,NOMINAL,0.6104065957065009,47.25
2537.224187805041,265.6974956306215,0.7,10000.0,0.9046425649873645,0.03502636649232691,0.002001506656704395,10.007533283521974,98.75512251869124,19.970924868918644,78.7841976497726,78.78419764977271,20.932764010812477,624.860097571525,147.80284870935162,139.93219705606901,-0.9838314566603259,104.87975348782047,95.12950384365158,-0.48751248220844445,3.3102292499928563,2.5552346698422213,0.8,1.0,41.486568474381734,43.971594119094306,NOMINAL,0.6104065957065009,47.300000000000004
2537.224187805041,265.6974956306215,0.7,10000.0,0.9046425649873645,0.03502636649232691,0.002001506656704395,10.007533283521974,98.75512251869124,19.970924868918644,78.7841976497726,78.78419764977271,20.932764010812477,624.860097571525,147.75381054042649,139.93219705606901,-0.9777016855446838,104.85540830786478,95.12950384365158,-0.48629522321066004,3.31044408277657,2.3609910266020013,0.8,1.0,41.486568474381734,43.958043943785654,NOMINAL,0.6104065957065009,47.35
2537.224187805041,265.6974956306215,0.7,10000.0,0.9046425649873645,0.03502636649232691,0.002001506656704395,10.007533283521974,98.75512251869124,19.970924868918644,78.7841976497726,78.78419764977271,20.932764010812477,624.860097571525,147.70507790427263,139.93219705606901,-0.9716101060254516,104.83112391484364,95.12950384365158,-0.4850810035596034,3.3106583791491184,2.299805667913705,0.8,1.0,41.486568474381734,43.94457336700561,NOMINAL,0.6104065957065009,47.400000000000006
2537.224187805041,265.6974956306215,0.7,10000.0,0.9046425649873645,0.03502636649232691,0.002001506656704395,10.007533283521974,98.75512251869124,19.970924868918644,78.7841976497726,78.78419764977271,20.932764010812477,624.860097571525,147.65664889726528,139.93219705606901,-0.9655564801495338,104.80690015697954,95.12950384365158,-0.48386981566639803,3.3108721404498533,2.4777263750755854,0.8,1.0,41.486568474381734,43.93118190486464,NOMINAL,0.6104065957065009,47.45
2537.224187805041,265.6974956306215,0.7,10000.0,0.9046425649873645,0.03502636649232691,0.002001506656704395,10.007533283521974,98.75512251869124,19.970924868918644,78.7841976497726,78.78419764977271,20.932764010812477,624.860097571525,147.6085216276402,139.93219705606901,-0.9595405714463965,104.78273688287389,95.12950384365158,-0.4826616519611157,3.3110853680147843,2.5863771469318135,0.8,1.0,41.486568474381734,43.917869076458,NOMINAL,0.6104065957065009,47.5
2537.224187805041,265.6974956306215,0.7,10000.0,0.9046425649873645,0.03502636649232691,0.002001506656704395,10.007533283521974,98.75512251869124,19.970924868918644,78.7841976497726,78.78419764977271,20.932764010812477,624.860097571525,147.56069421541974,139.93219705606901,-0.9535621449188412,104.75863394150616,95.12950384365158,-0.48145650489272923,3.3112980631765843,2.4374421259180883,0.8,1.0,41.486568474381734,43.90463440384721,NOMINAL,0.6104065957065009,47.550000000000004
2537.224187805041,265.6974956306215,0.7,10000.0,0.9046425649873645,0.03502636649232691,0.002001506656704395,10.007533283521974,98.75512251869124,19.970924868918644,78.7841976497726,78.78419764977271,20.932764010812477,624.860097571525,147.5131647923396,139.93219705606901,-0.9476209670338243,104.73459118223289,95.12950384365158,-0.48025436692906565,3.3115102272645984,2.289058697755384,0.8,1.0,41.486568474381734,43.891477412041674,NOMINAL,0.6104065957065009,47.6
2537.224187805041,265.6974956306215,0.7,10000.0,0.9046425649873645,0.03502636649232691,0.002001506656704395,10.007533283521974,98.75512251869124,19.970924868918644,78.7841976497726,78.78419764977271,20.932764010812477,624.860097571525,147.46593150177563,139.93219705606901,-0.9417168057133267,104.71060845478675,95.12950384365158,-0.4790552305567587,3.311721861604853,2.39840821555663,0.8,1.0,41.486568474381734,43.87839762898036,NOMINAL,0.6104065957065009,47.650000000000006
2537.224187805041,265.6974956306215,0.7,10000.0,0.9046425649873645,0.03502636649232691,0.002001506656704395,10.007533283521974,98.75512251869124,19.970924868918644,78.7841976497726,78.78419764977271,20.932764010812477,624.860097571525,147.4189924986714,139.93219705606901,-0.9358494303252982,104.68668560927563,95.12950384365158,-0.47785908828120255,3.3119329675200637,2.575963740238293,0.8,1.0,41.486568474381734,43.865394585513606,NOMINAL,0.6104065957065009,47.7
2537.224187805041,265.6974956306215,0.7,10000.0,0.9046425649873645,0.03502636649232691,0.002001506656704395,10.007533283521974,98.75512251869124,19.970924868918644,78.7841976497726,78.78419764977271,20.932764010812477,624.860097571525,147.37234594946614,139.93219705606901,-0.9300186116746403,104.66282249618165,95.12950384365158,-0.47666593262650353,3.3121435463296427,2.5139822127833495,0.8,1.0,41.486568474381734,43.8524678153851,NOMINAL,0.6104065957065009,47.75
2537.224187805041,265.6974956306215,0.7,10000.0,0.9046425649873645,0.03502636649232691,0.002001506656704395,10.007533283521974,98.75512251869124,19.970924868918644,78.7841976497726,78.78419764977271,20.932764010812477,624.860097571525,147.32599003202307,139.93219705606901,-0.9242241219942571,104.63901896636028,95.12950384365158,-0.4754757561354353,3.312353599349709,2.3198913513418153,0.8,1.0,41.486568474381734,43.839616855213905,NOMINAL,0.6104065957065009,47.800000000000004
2537.224187805041,265.6974956306215,0.7,10000.0,0.9046425649873645,0.03502636649232691,0.002001506656704395,10.007533283521974,98.75512251869124,19.970924868918644,78.7841976497726,78.78419764977271,20.932764010812477,624.860097571525,147.2799229355583,139.93219705606901,-0.9184657349361594,104.61527487103939,95.12950384365158,-0.47428855136939063,3.3125631278930934,2.330093616689936,0.8,1.0,41.486568474381734,43.826841244476604,NOMINAL,0.6104065957065009,47.85
2537.224187805041,265.6974956306215,0.7,10000.0,0.9046425649873645,0.03502636649232691,0.002001506656704395,10.007533283521974,98.75512251869124,19.970924868918644,78.7841976497726,78.78419764977271,20.932764010812477,624.860097571525,147.23414286057,139.93219705606901,-0.9127432255626218,104.5915900618183,95.12950384365158,-0.4731043109083359,3.3127721332693514,2.526906222822126,0.8,1.0,41.486568474381734,43.814140525489606,NOMINAL,0.6104065957065009,47.900000000000006
2537.224187805041,265.6974956306215,0.7,10000.0,0.9046425649873645,0.03502636649232691,0.002001506656704395,10.007533283521974,98.75512251869124,19.970924868918644,78.7841976497726,78.78419764977271,20.932764010812477,624.860097571525,147.18864801876816,139.93219705606901,-0.9070563703373935,104.56796439066686,95.12950384365158,-0.4719230273507641,3.3129806167847664,2.5692093224512123,0.8,1.0,41.486568474381734,43.801514243391495,NOMINAL,0.6104065957065009,47.95
2537.224187805041,265.6974956306215,0.7,10000.0,0.9046425649873645,0.03502636649232691,0.002001506656704395,10.007533283521974,98.75512251869124,19.970924868918644,78.7841976497726,78.78419764977271,20.932764010812477,624.860097571525,147.14343663300477,139.93219705606901,-0.9014049471169692,104.54439770992457,95.12950384365158,-0.47074469331364954,3.313188579742361,2.3836822723078455,0.8,1.0,41.486568474381734,43.78896194612552,NOMINAL,0.6104065957065009,48.0
2537.224187805041,265.6974956306215,0.7,10000.0,0.9046425649873645,0.03502636649232691,0.002001506656704395,10.007533283521974,98.75512251869124,19.970924868918644,78.7841976497726,78.78419764977271,20.932764010812477,624.860097571525,147.0985069372043,139.93219705606901,-0.8957887351419096,104.52088987229959,95.12950384365158,-0.4695693014324007,3.313396023441905,2.2918845510054586,0.8,1.0,41.486568474381734,43.776483184422204,NOMINAL,0.6104065957065009,48.050000000000004
2537.224187805041,265.6974956306215,0.7,10000.0,0.9046425649873645,0.03502636649232691,0.002001506656704395,10.007533283521974,98.75512251869124,19.970924868918644,78.7841976497726,78.78419764977271,20.932764010812477,624.860097571525,147.0538571762948,139.93219705606901,-0.8902075150282229,104.49744073086786,95.12950384365158,-0.4683968443608144,3.3136029491799217,2.4529219459590186,0.8,1.0,41.486568474381734,43.76407751178207,NOMINAL,0.6104065957065009,48.1
2537.224187805041,265.6974956306215,0.7,10000.0,0.9046425649873645,0.03502636649232691,0.002001506656704395,10.007533283521974,98.75512251869124,19.970924868918644,78.7841976497726,78.78419764977271,20.932764010812477,624.860097571525,147.0094856061393,139.93219705606901,-0.8846610687587848,104.47405013907218,95.12950384365158,-0.46722731477102997,3.313809358249698,2.587680976312446,0.8,1.0,41.486568474381734,43.751744484458406,NOMINAL,0.6104065957065009,48.150000000000006
2537.224187805041,265.6974956306215,0.7,10000.0,0.9046425649873645,0.03502636649232691,0.002001506656704395,10.007533283521974,98.75512251869124,19.970924868918644,78.7841976497726,78.78419764977271,20.932764010812477,624.860097571525,146.9653904934677,139.93219705606901,-0.8791491796748367,104.45071795072126,95.12950384365158,-0.46606070535348393,3.3140152519412904,2.4625943886355754,0.8,1.0,41.486568474381734,43.73948366144023,NOMINAL,0.6104065957065009,48.2
2537.224187805041,265.6974956306215,0.7,10000.0,0.9046425649873645,0.03502636649232691,0.002001506656704395,10.007533283521974,98.75512251869124,19.970924868918644,78.7841976497726,78.78419764977271,20.932764010812477,624.860097571525,146.9215701158091,139.93219705606901,-0.8736716324675093,104.42744401998884,95.12950384365158,-0.4648970088168632,3.314220631541536,2.294464950416569,0.8,1.0,41.486568474381734,43.72729460443532,NOMINAL,0.6104065957065009,48.25
2537.224187805041,265.6974956306215,0.7,10000.0,0.9046425649873645,0.03502636649232691,0.002001506656704395,10.007533283521974,98.75512251869124,19.970924868918644,78.7841976497726,78.78419764977271,20.932764010812477,624.860097571525,146.87802276142435,139.93219705606901,-0.8682282131694166,104.40422820141279,95.12950384365158,-0.46373621788806074,3.314425498334058,2.3746982246260444,0.8,1.0,41.486568474381734,43.71517687785331,NOMINAL,0.6104065957065009,48.300000000000004
2537.224187805041,265.6974956306215,0.7,10000.0,0.9046425649873645,0.03502636649232691,0.002001506656704395,10.007533283521974,98.75512251869124,19.970924868918644,78.7841976497726,78.78419764977271,20.932764010812477,624.860097571525,146.8347467292394,139.93219705606901,-0.8628187091462998,104.38107034989417,95.12950384365158,-0.46257832531212983,3.3146298535992744,2.5642321725889814,0.8,1.0,41.486568474381734,43.70313004878894,NOMINAL,0.6104065957065009,48.35
2537.224187805041,265.6974956306215,0.7,10000.0,0.9046425649873645,0.03502636649232691,0.002001506656704395,10.007533283521974,98.75512251869124,19.970924868918644,78.7841976497726,78.78419764977271,20.932764010812477,624.860097571525,146.7917403287788,139.93219705606901,-0.8574429090887214,104.35797032069634,95.12950384365158,-0.4614233238522381,3.3148336986144056,2.5345624741027186,0.8,1.0,41.486568474381734,43.69115368700543,NOMINAL,0.6104065957065009,48.400000000000006
2537.224187805041,265.6974956306215,0.7,10000.0,0.9046425649873645,0.03502636649232691,0.002001506656704395,10.007533283521974,98.75512251869124,19.970924868918644,78.7841976497726,78.78419764977271,20.932764010812477,624.860097571525,146.74900188009948,139.93219705606901,-0.8521006030038087,104.33492796944402,95.12950384365158,-0.46027120628962237,3.3150370346534843,2.337113289517496,0.8,1.0,41.486568474381734,43.67924736491789,NOMINAL,0.6104065957065009,48.45
2537.224187805041,265.6974956306215,0.7,10000.0,0.9046425649873645,0.03502636649232691,0.002001506656704395,10.007533283521974,98.75512251869124,19.970924868918644,78.7841976497726,78.78419764977271,20.932764010812477,624.860097571525,146.70652971372542,139.93219705606901,-0.8467915822070502,104.31194315212247,95.12950384365158,-0.4591219654235445,3.315239862987361,2.314107797602877,0.8,1.0,41.486568474381734,43.6674106575769,NOMINAL,0.6104065957065009,48.5
2537.224187805041,265.6974956306215,0.7,10000.0,0.9046425649873645,0.03502636649232691,0.002001506656704395,10.007533283521974,98.75512251869124,19.970924868918644,78.7841976497726,78.78419764977271,20.932764010812477,624.860097571525,146.66432217058218,139.93219705606901,-0.8415156393141459,104.28901572507647,95.12950384365158,-0.45797559407124455,3.315442184883714,2.5054196123669206,0.8,1.0,41.486568474381734,43.65564314265211,NOMINAL,0.6104065957065009,48.550000000000004
2537.224187805041,265.6974956306215,0.7,10000.0,0.9046425649873645,0.03502636649232691,0.002001506656704395,10.007533283521974,98.75512251869124,19.970924868918644,78.7841976497726,78.78419764977271,20.932764010812477,624.860097571525,146.62237760193227,139.93219705606901,-0.8362725682329071,104.26614554500955,95.12950384365158,-0.4568320850678987,3.3156440016070556,2.5794629765806913,0.8,1.0,41.486568474381734,43.64394440041606,NOMINAL,0.6104065957065009,48.6
2537.224187805041,265.6974956306215,0.7,10000.0,0.9046425649873645,0.03502636649232691,0.002001506656704395,10.007533283521974,98.75512251869124,19.970924868918644,78.7841976497726,78.78419764977271,20.932764010812477,624.860097571525,146.5806943693106,139.93219705606901,-0.831062164155199,104.243332468983,95.12950384365158,-0.4556914312665711,3.3158453144187408,2.4079043368729525,0.8,1.0,41.486568474381734,43.632314013727964,NOMINAL,0.6104065957065009,48.650000000000006
2537.224187805041,265.6974956306215,0.7,10000.0,0.9046425649873645,0.03502636649232691,0.002001506656704395,10.007533283521974,98.75512251869124,19.970924868918644,78.7841976497726,78.78419764977271,20.932764010812477,624.860097571525,146.53927084446065,139.93219705606901,-0.8258842235489539,104.22057635441503,95.12950384365158,-0.4545536255381727,3.316046124576975,2.288092822082496,0.8,1.0,41.486568474381734,43.620751568017745,NOMINAL,0.6104065957065009,48.7
2537.224187805041,265.6974956306215,0.7,10000.0,0.9046425649873645,0.03502636649232691,0.002001506656704395,10.007533283521974,98.75512251869124,19.970924868918644,78.7841976497726,78.78419764977271,20.932764010812477,624.860097571525,146.49810540927066,139.93219705606901,-0.8207385441502062,104.19787705907984,95.12950384365158,-0.45341866077141335,3.3162464333368233,2.4276883297712093,0.8,1.0,41.486568474381734,43.60925665127001,NOMINAL,0.6104065957065009,48.75
2537.224187805041,265.6974956306215,0.7,10000.0,0.9046425649873645,0.03502636649232691,0.002001506656704395,10.007533283521974,98.75512251869124,19.970924868918644,78.7841976497726,78.78419764977271,20.932764010812477,624.860097571525,146.45719645571063,139.93219705606901,-0.8156249249552019,104.17523444110678,95.12950384365158,-0.4522865298727602,3.3164462419502154,2.584740919839756,0.8,1.0,41.486568474381734,43.597828854008256,NOMINAL,0.6104065957065009,48.800000000000004
2537.224187805041,265.6974956306215,0.7,10000.0,0.9046425649873645,0.03502636649232691,0.002001506656704395,10.007533283521974,98.75512251869124,19.970924868918644,78.7841976497726,78.78419764977271,20.932764010812477,624.860097571525,146.41654238576933,139.93219705606901,-0.8105431662125397,104.15264835897939,95.12950384365158,-0.4511572257663907,3.316645551665956,2.4870436610702513,0.8,1.0,41.486568474381734,43.58646776927909,NOMINAL,0.6104065957065009,48.85
2537.224187805041,265.6974956306215,0.7,10000.0,0.9046425649873645,0.03502636649232691,0.002001506656704395,10.007533283521974,98.75512251869124,19.970924868918644,78.7841976497726,78.78419764977271,20.932764010812477,624.860097571525,146.376141611392,139.93219705606901,-0.8054930694153732,104.13011867153459,95.12950384365158,-0.4500307413941506,3.316844363729731,2.3039275462622664,0.8,1.0,41.486568474381734,43.57517299263661,NOMINAL,0.6104065957065009,48.900000000000006
2537.224187805041,265.6974956306215,0.7,10000.0,0.9046425649873645,0.03502636649232691,0.002001506656704395,10.007533283521974,98.75512251869124,19.970924868918644,78.7841976497726,78.78419764977271,20.932764010812477,624.860097571525,146.33599255441825,139.93219705606901,-0.800474437293655,104.10764523796176,95.12950384365158,-0.44890706971550925,3.317042679384117,2.3527733689870436,0.8,1.0,41.486568474381734,43.56394412212681,NOMINAL,0.6104065957065009,48.95
2537.224187805041,265.6974956306215,0.7,10000.0,0.9046425649873645,0.03502636649232691,0.002001506656704395,10.007533283521974,98.75512251869124,19.970924868918644,78.7841976497726,78.78419764977271,20.932764010812477,624.860097571525,146.29609364652043,139.93219705606901,-0.7954870738064272,104.08522791780187,95.12950384365158,-0.4477862037075148,3.3172404998685874,2.5489204974080097,0.8,1.0,41.486568474381734,43.55278075827219,NOMINAL,0.6104065957065009,49.0
2537.224187805041,265.6974956306215,0.7,10000.0,0.9046425649873645,0.03502636649232691,0.002001506656704395,10.007533283521974,98.75512251869124,19.970924868918644,78.7841976497726,78.78419764977271,20.932764010812477,624.860097571525,146.25644332914237,139.93219705606901,-0.7905307841341696,104.06286657094661,95.12950384365158,-0.44666813636475167,3.317437826419521,2.55240250453876,0.8,1.0,41.486568474381734,43.54168250405631,NOMINAL,0.6104065957065009,49.050000000000004
2537.224187805041,265.6974956306215,0.7,10000.0,0.9046425649873645,0.03502636649232691,0.002001506656704395,10.007533283521974,98.75512251869124,19.970924868918644,78.7841976497726,78.78419764977271,20.932764010812477,624.860097571525,146.21704005343852,139.93219705606901,-0.7856053746711886,104.04056105763748,95.12950384365158,-0.44555286069929495,3.3176346602702087,2.3571843006356192,0.8,1.0,41.486568474381734,43.53064896490859,NOMINAL,0.6104065957065009,49.1
2537.224187805041,265.6974956306215,0.7,10000.0,0.9046425649873645,0.03502636649232691,0.002001506656704395,10.007533283521974,98.75512251869124,19.970924868918644,78.7841976497726,78.78419764977271,20.932764010812477,624.860097571525,146.17788228021342,139.93219705606901,-0.7807106530180512,104.01831123846493,95.12950384365158,-0.44444036974066775,3.317831002650864,2.3016222807064244,0.8,1.0,41.486568474381734,43.51967974868915,NOMINAL,0.6104065957065009,49.150000000000006
2537.224187805041,265.6974956306215,0.7,10000.0,0.9046425649873645,0.03502636649232691,0.002001506656704395,10.007533283521974,98.75512251869124,19.970924868918644,78.7841976497726,78.78419764977271,20.932764010812477,624.860097571525,146.13896847986157,139.93219705606901,-0.77584642797407,103.99611697436754,95.12950384365158,-0.44333065653579806,3.318026854788626,2.482017734215027,0.8,1.0,41.486568474381734,43.50877446567365,NOMINAL,0.6104065957065009,49.2
2537.224187805041,265.6974956306215,0.7,10000.0,0.9046425649873645,0.03502636649232691,0.002001506656704395,10.007533283521974,98.75512251869124,19.970924868918644,78.7841976497726,78.78419764977271,20.932764010812477,624.860097571525,146.10029713230767,139.93219705606901,-0.7710125095298324,103.97397812663108,95.12950384365158,-0.4422237141489752,3.3182222179075715,2.585705376343408,0.8,1.0,41.486568474381734,43.4979327285384,NOMINAL,0.6104065957065009,49.25
2537.224187805041,265.6974956306215,0.7,10000.0,0.9046425649873645,0.03502636649232691,0.002001506656704395,10.007533283521974,98.75512251869124,19.970924868918644,78.7841976497726,78.78419764977271,20.932764010812477,624.860097571525,146.06186672694733,139.93219705606901,-0.7662087088597893,103.95189455688768,95.12950384365158,-0.4411195356618052,3.3184170932287214,2.43297155285269,0.8,1.0,41.486568474381734,43.48715415234544,NOMINAL,0.6104065957065009,49.300000000000004
2537.224187805041,265.6974956306215,0.7,10000.0,0.9046425649873645,0.03502636649232691,0.002001506656704395,10.007533283521974,98.75512251869124,19.970924868918644,78.7841976497726,78.78419764977271,20.932764010812477,624.860097571525,146.0236757625879,139.93219705606901,-0.7614348383148624,103.92986612711495,95.12950384365158,-0.4400181141731686,3.3186114819700467,2.2885378157231875,0.8,1.0,41.486568474381734,43.47643835452771,NOMINAL,0.6104065957065009,49.35
2537.224187805041,265.6974956306215,0.7,10000.0,0.9046425649873645,0.03502636649232691,0.002001506656704395,10.007533283521974,98.75512251869124,19.970924868918644,78.7841976497726,78.78419764977271,20.932764010812477,624.860097571525,145.98572274739004,139.93219705606901,-0.7566907114151284,103.90789269963514,95.12950384365158,-0.4389194427991782,3.3188053853464776,2.402739828512997,0.8,1.0,41.486568474381734,43.46578495487441,NOMINAL,0.6104065957065009,49.400000000000006
2537.224187805041,265.6974956306215,0.7,10000.0,0.9046425649873645,0.03502636649232691,0.002001506656704395,10.007533283521974,98.75512251869124,19.970924868918644,78.7841976497726,78.78419764977271,20.932764010812477,624.860097571525,145.94800619880922,139.93219705606901,-0.7519761428425262,103.88597413711426,95.12950384365158,-0.4378235146731342,3.318998804569911,2.577640203326562,0.8,1.0,41.486568474381734,43.45519357551634,NOMINAL,0.6104065957065009,49.45
2537.224187805041,265.6974956306215,0.7,10000.0,0.9046425649873645,0.03502636649232691,0.002001506656704395,10.007533283521974,98.75512251869124,19.970924868918644,78.7841976497726,78.78419764977271,20.932764010812477,624.860097571525,145.910524643538,139.93219705606901,-0.7472909484336228,103.86411030256122,95.12950384365158,-0.4367303229454819,3.3191917408492166,2.5100978440764297,0.8,1.0,41.486568474381734,43.4446638409114,NOMINAL,0.6104065957065009,49.5
2537.224187805041,265.6974956306215,0.7,10000.0,0.9046425649873645,0.03502636649232691,0.002001506656704395,10.007533283521974,98.75512251869124,19.970924868918644,78.7841976497726,78.78419764977271,20.932764010812477,624.860097571525,145.87327661744834,139.93219705606901,-0.7426349451724157,103.84230105932697,95.12950384365158,-0.4356398607837697,3.3193841953902483,2.317178622332206,0.8,1.0,41.486568474381734,43.43419537783016,NOMINAL,0.6104065957065009,49.550000000000004
2537.224187805041,265.6974956306215,0.7,10000.0,0.9046425649873645,0.03502636649232691,0.002001506656704395,10.007533283521974,98.75512251869124,19.970924868918644,78.7841976497726,78.78419764977271,20.932764010812477,624.860097571525,145.83626066553447,139.93219705606901,-0.7380079511831816,103.82054627110368,95.12950384365158,-0.4345521213726052,3.319576169395847,2.3332542877158042,0.8,1.0,41.486568474381734,43.42378781534147,NOMINAL,0.6104065957065009,49.6
2537.224187805041,265.6974956306215,0.7,10000.0,0.9046425649873645,0.03502636649232691,0.002001506656704395,10.007533283521974,98.75512251869124,19.970924868918644,78.7841976497726,78.78419764977271,20.932764010812477,624.860097571525,145.7994753418561,139.93219705606901,-0.733409785723385,103.79884580192386,95.12950384365158,-0.4334670979136142,3.319767664065851,2.530462150796619,0.8,1.0,41.486568474381734,43.41344078479831,NOMINAL,0.6104065957065009,49.650000000000006
2537.224187805041,265.6974956306215,0.7,10000.0,0.9046425649873645,0.03502636649232691,0.002001506656704395,10.007533283521974,98.75512251869124,19.970924868918644,78.7841976497726,78.78419764977271,20.932764010812477,624.860097571525,145.76291920948182,139.93219705606901,-0.7288402691766009,103.7771995161595,95.12950384365158,-0.4323847836253961,3.3199586805971024,2.566997296432523,0.8,1.0,41.486568474381734,43.403153919823524,NOMINAL,0.6104065957065009,49.7
2537.224187805041,265.6974956306215,0.7,10000.0,0.9046425649873645,0.03502636649232691,0.002001506656704395,10.007533283521974,98.75512251869124,19.970924868918644,78.7841976497726,78.78419764977271,20.932764010812477,624.860097571525,145.72659084043306,139.93219705606901,-0.7242992230455059,103.75560727852124,95.12950384365158,-0.43130517174348315,3.3201492201834553,2.379536223427376,0.8,1.0,41.486568474381734,43.392926856295794,NOMINAL,0.6104065957065009,49.75
2537.224187805041,265.6974956306215,0.7,10000.0,0.9046425649873645,0.03502636649232691,0.002001506656704395,10.007533283521974,98.75512251869124,19.970924868918644,78.7841976497726,78.78419764977271,20.932764010812477,624.860097571525,145.6904888156283,139.93219705606901,-0.7197864699449106,103.73406895405753,95.12950384365158,-0.43022825552029786,3.320339284015782,2.2929905004672855,0.8,1.0,41.486568474381734,43.38275923233566,NOMINAL,0.6104065957065009,49.800000000000004
2537.224187805041,265.6974956306215,0.7,10000.0,0.9046425649873645,0.03502636649232691,0.002001506656704395,10.007533283521974,98.75512251869124,19.970924868918644,78.7841976497726,78.78419764977271,20.932764010812477,624.860097571525,145.6546117248276,139.93219705606901,-0.7153018335948218,103.71258440815377,95.12950384365158,-0.42915402822510984,3.320528873281983,2.457363038339942,0.8,1.0,41.486568474381734,43.37265068829158,NOMINAL,0.6104065957065009,49.85
2537.224187805041,265.6974956306215,0.7,10000.0,0.9046425649873645,0.03502636649232691,0.002001506656704395,10.007533283521974,98.75512251869124,19.970924868918644,78.7841976497726,78.78419764977271,20.932764010812477,624.860097571525,145.61895816657753,139.93219705606901,-0.7108451388135641,103.69115350653148,95.12950384365158,-0.42808248314399505,3.320717989166992,2.587759814659251,0.8,1.0,41.486568474381734,43.36260086672616,NOMINAL,0.6104065957065009,49.900000000000006
2537.224187805041,265.6974956306215,0.7,10000.0,0.9046425649873645,0.03502636649232691,0.002001506656704395,10.007533283521974,98.75512251869124,19.970924868918644,78.7841976497726,78.78419764977271,20.932764010812477,624.860097571525,145.58352674815643,139.93219705606901,-0.7064162115109269,103.66977611524744,95.12950384365158,-0.4270136135797934,3.3209066328527834,2.4581743286283495,0.8,1.0,41.486568474381734,43.3526094124024,NOMINAL,0.6104065957065009,49.95
2537.224187805041,265.6974956306215,0.7,10000.0,0.9046425649873645,0.03502636649232691,0.002001506656704395,10.007533283521974,98.75512251869124,19.970924868918644,78.7841976497726,78.78419764977271,20.932764010812477,624.860097571525,145.54831608552004,139.93219705606901,-0.7020148786813785,103.64845210069291,95.12950384365158,-0.4259474128520665,3.3210948055183804,2.2932069352451836,0.8,1.0,41.486568474381734,43.342675972270044,NOMINAL,0.6104065957065009,50.0
2537.224187805041,265.6974956306215,0.7,10000.0,0.9046425649873645,0.03502636649232691,0.002001506656704395,10.007533283521974,98.75512251869124,19.970924868918644,78.7841976497726,78.78419764977271,20.932764010812477,624.860097571525,145.51332480324737,139.93219705606901,-0.6976409683972946,103.62718132959272,95.12950384365158,-0.424883874297057,3.3212825083398636,2.378782673276811,0.8,1.0,41.486568474381734,43.332800195452066,NOMINAL,0.6104065957065009,50.050000000000004
2537.224187805041,265.6974956306215,0.7,10000.0,0.9046425649873645,0.03502636649232691,0.002001506656704395,10.007533283521974,98.75512251869124,19.970924868918644,78.7841976497726,78.78419764977271,20.932764010812477,624.860097571525,145.478551534487,139.93219705606901,-0.6932943098022477,103.60596366900447,95.12950384365158,-0.4238229912676445,3.321469742490376,2.566579830702354,0.8,1.0,41.486568474381734,43.32298173323112,NOMINAL,0.6104065957065009,50.1
2537.224187805041,265.6974956306215,0.7,10000.0,0.9046425649873645,0.03502636649232691,0.002001506656704395,10.007533283521974,98.75512251869124,19.970924868918644,78.7841976497726,78.78419764977271,20.932764010812477,624.860097571525,145.44399492090366,139.93219705606901,-0.688974733104331,103.58479898631772,95.12950384365158,-0.42276475713330725,3.321656509140131,2.5311043300799523,0.8,1.0,41.486568474381734,43.3132202390362,NOMINAL,0.6104065957065009,50.150000000000006
2537.224187805041,265.6974956306215,0.7,10000.0,0.9046425649873645,0.03502636649232691,0.002001506656704395,10.007533283521974,98.75512251869124,19.970924868918644,78.7841976497726,78.78419764977271,20.932764010812477,624.860097571525,145.4096536126253,139.93219705606901,-0.6846820695695364,103.56368714925314,95.12950384365158,-0.42170916528007824,3.3218428094564216,2.3338430730498976,0.8,1.0,41.486568474381734,43.30351536842937,NOMINAL,0.6104065957065009,50.2
2537.224187805041,265.6974956306215,0.7,10000.0,0.9046425649873645,0.03502636649232691,0.002001506656704395,10.007533283521974,98.75512251869124,19.970924868918644,78.7841976497726,78.78419764977271,20.932764010812477,624.860097571525,145.37552626819016,139.93219705606901,-0.6804161515151428,103.54262802586167,95.12950384365158,-0.4206562091105049,3.3220286446036256,2.316693518296152,0.8,1.0,41.486568474381734,43.293866779092454,NOMINAL,0.6104065957065009,50.25
2537.224187805041,265.6974956306215,0.7,10000.0,0.9046425649873645,0.03502636649232691,0.002001506656704395,10.007533283521974,98.75512251869124,19.970924868918644,78.7841976497726,78.78419764977271,20.932764010812477,624.860097571525,145.3416115544945,139.93219705606901,-0.6761768123031864,103.52162148452373,95.12950384365158,-0.4196058820436079,3.3222140157432123,2.5093796434321813,0.8,1.0,41.486568474381734,43.28427413081395,NOMINAL,0.6104065957065009,50.300000000000004
2537.224187805041,265.6974956306215,0.7,10000.0,0.9046425649873645,0.03502636649232691,0.002001506656704395,10.007533283521974,98.75512251869124,19.970924868918644,78.7841976497726,78.78419764977271,20.932764010812477,624.860097571525,145.30790814674054,139.93219705606901,-0.6719638863339412,103.50066739394836,95.12950384365158,-0.41855817751483926,3.3223989240337524,2.5779337068971024,0.8,1.0,41.486568474381734,43.27473708547595,NOMINAL,0.6104065957065009,50.35
2537.224187805041,265.6974956306215,0.7,10000.0,0.9046425649873645,0.03502636649232691,0.002001506656704395,10.007533283521974,98.75512251869124,19.970924868918644,78.7841976497726,78.78419764977271,20.932764010812477,624.860097571525,145.2744147283846,139.93219705606901,-0.6677772090394498,103.47976562317244,95.12950384365158,-0.41751308897604317,3.3225833706309236,2.403536329588767,0.8,1.0,41.486568474381734,43.26525530704118,NOMINAL,0.6104065957065009,50.400000000000006
2537.224187805041,265.6974956306215,0.7,10000.0,0.9046425649873645,0.03502636649232691,0.002001506656704395,10.007533283521974,98.75512251869124,19.970924868918644,78.7841976497726,78.78419764977271,20.932764010812477,624.860097571525,145.2411299910858,139.93219705606901,-0.6636166168770998,103.45891604155982,95.12950384365158,-0.416470609895412,3.322767356687517,2.288456801487238,0.8,1.0,41.486568474381734,43.25582846154006,NOMINAL,0.6104065957065009,50.45
2537.224187805041,265.6974956306215,0.7,10000.0,0.9046425649873645,0.03502636649232691,0.002001506656704395,10.007533283521974,98.75512251869124,19.970924868918644,78.7841976497726,78.78419764977271,20.932764010812477,624.860097571525,145.20805263465485,139.93219705606901,-0.6594819473232292,103.43811851880055,95.12950384365158,-0.41543073375744866,3.322950883353447,2.43215343892287,0.8,1.0,41.486568474381734,43.24645621705796,NOMINAL,0.6104065957065009,50.5
2537.224187805041,265.6974956306215,0.7,10000.0,0.9046425649873645,0.03502636649232691,0.002001506656704395,10.007533283521974,98.75512251869124,19.970924868918644,78.7841976497726,78.78419764977271,20.932764010812477,624.860097571525,145.17518136700326,139.93219705606901,-0.6553730388667809,103.41737292491004,95.12950384365158,-0.41439345406292316,3.323133951775755,2.585568135400879,0.8,1.0,41.486568474381734,43.23713824372237,NOMINAL,0.6104065957065009,50.550000000000004
2537.224187805041,265.6974956306215,0.7,10000.0,0.9046425649873645,0.03502636649232691,0.002001506656704395,10.007533283521974,98.75512251869124,19.970924868918644,78.7841976497726,78.78419764977271,20.932764010812477,624.860097571525,145.14251490409302,139.93219705606901,-0.6512897310030006,103.39667913022826,95.12950384365158,-0.4133587643288344,3.32331656309862,2.482799235216848,0.8,1.0,41.486568474381734,43.22787421369032,NOMINAL,0.6104065957065009,50.6
2537.224187805041,265.6974956306215,0.7,10000.0,0.9046425649873645,0.03502636649232691,0.002001506656704395,10.007533283521974,98.75512251869124,19.970924868918644,78.7841976497726,78.78419764977271,20.932764010812477,624.860097571525,145.11005196988623,139.93219705606901,-0.6472318642271517,103.37603700541895,95.12950384365158,-0.4123266580883687,3.3234987184633624,2.3019680092864694,0.8,1.0,41.486568474381734,43.21866380113574,NOMINAL,0.6104065957065009,50.650000000000006
2537.224187805041,265.6974956306215,0.7,10000.0,0.9046425649873645,0.03502636649232691,0.002001506656704395,10.007533283521974,98.75512251869124,19.970924868918644,78.7841976497726,78.78419764977271,20.932764010812477,624.860097571525,145.0777912962954,139.93219705606901,-0.6431992800282984,103.35544642146874,95.12950384365158,-0.41129712889085823,3.3236804190084546,2.356495032573787,0.8,1.0,41.486568474381734,43.209506682237006,NOMINAL,0.6104065957065009,50.7
2537.224187805041,265.6974956306215,0.7,10000.0,0.9046425649873645,0.03502636649232691,0.002001506656704395,10.007533283521974,98.75512251869124,19.970924868918644,78.7841976497726,78.78419764977271,20.932764010812477,624.860097571525,145.04573162313386,139.93219705606901,-0.6391918208831058,103.33490724968642,95.12950384365158,-0.41027017030174234,3.3238616658695257,2.551872894083253,0.8,1.0,41.486568474381734,43.20040253516447,NOMINAL,0.6104065957065009,50.75
2537.224187805041,265.6974956306215,0.7,10000.0,0.9046425649873645,0.03502636649232691,0.002001506656704395,10.007533283521974,98.75512251869124,19.970924868918644,78.7841976497726,78.78419764977271,20.932764010812477,624.860097571525,145.01387169806657,139.93219705606901,-0.635209330249694,103.3144193617021,95.12950384365158,-0.4092457759025258,3.3240424601793688,2.5494684768053237,0.8,1.0,41.486568474381734,43.19135104006818,NOMINAL,0.6104065957065009,50.800000000000004
2537.224187805041,265.6974956306215,0.7,10000.0,0.9046425649873645,0.03502636649232691,0.002001506656704395,10.007533283521974,98.75512251869124,19.970924868918644,78.7841976497726,78.78419764977271,20.932764010812477,624.860097571525,144.98221027656115,139.93219705606901,-0.6312516525615166,103.2939826294664,95.12950384365158,-0.4082239392907411,3.324222803067949,2.353449168545429,0.8,1.0,41.486568474381734,43.18235187906549,NOMINAL,0.6104065957065009,50.85
2537.224187805041,265.6974956306215,0.7,10000.0,0.9046425649873645,0.03502636649232691,0.002001506656704395,10.007533283521974,98.75512251869124,19.970924868918644,78.7841976497726,78.78419764977271,20.932764010812477,624.860097571525,144.9507461218393,139.93219705606901,-0.6273186332212859,103.27359692524969,95.12950384365158,-0.40720465407990575,3.3244026956624095,2.303559855634104,0.8,1.0,41.486568474381734,43.17340473622904,NOMINAL,0.6104065957065009,50.900000000000006
2537.224187805041,265.6974956306215,0.7,10000.0,0.9046425649873645,0.03502636649232691,0.002001506656704395,10.007533283521974,98.75512251869124,19.970924868918644,78.7841976497726,78.78419764977271,20.932764010812477,624.860097571525,144.91947800482848,139.93219705606901,-0.6234101185949328,103.25326212164126,95.12950384365158,-0.406187913899484,3.3245821390870804,2.4862697695703857,0.8,1.0,41.486568474381734,43.16450929757445,NOMINAL,0.6104065957065009,50.95
2537.224187805041,265.6974956306215,0.7,10000.0,0.9046425649873645,0.03502636649232691,0.002001506656704395,10.007533283521974,98.75512251869124,19.970924868918644,78.7841976497726,78.78419764977271,20.932764010812477,624.860097571525,144.88840470411387,139.93219705606901,-0.6195259560056066,103.2329780915485,95.12950384365158,-0.40517371239484634,3.324761134463483,2.584902152881667,0.8,1.0,41.486568474381734,43.1556652510484,NOMINAL,0.6104065957065009,51.0
2537.224187805041,265.6974956306215,0.7,10000.0,0.9046425649873645,0.03502636649232691,0.002001506656704395,10.007533283521974,98.75512251869124,19.970924868918644,78.7841976497726,78.78419764977271,20.932764010812477,624.860097571525,144.85752500589072,139.93219705606901,-0.6156659937277134,103.21274470819618,95.12950384365158,-0.4041620432272303,3.3249396829103395,2.428505234774521,0.8,1.0,41.486568474381734,43.14687228651664,NOMINAL,0.6104065957065009,51.050000000000004
2537.224187805041,265.6974956306215,0.7,10000.0,0.9046425649873645,0.03502636649232691,0.002001506656704395,10.007533283521974,98.75512251869124,19.970924868918644,78.7841976497726,78.78419764977271,20.932764010812477,624.860097571525,144.82683770391688,139.93219705606901,-0.6118300809809831,103.19256184512557,95.12950384365158,-0.4031529000736995,3.3251177855435783,2.288149521703506,0.8,1.0,41.486568474381734,43.13813009575206,NOMINAL,0.6104065957065009,51.1
2537.224187805041,265.6974956306215,0.7,10000.0,0.9046425649873645,0.03502636649232691,0.002001506656704395,10.007533283521974,98.75512251869124,19.970924868918644,78.7841976497726,78.78419764977271,20.932764010812477,624.860097571525,144.79634159946573,139.93219705606901,-0.6080180679245899,103.17242937619372,95.12950384365158,-0.4021462766271071,3.3252954434763407,2.407102558108575,0.8,1.0,41.486568474381734,43.129438372422925,NOMINAL,0.6104065957065009,51.150000000000006
2537.224187805041,265.6974956306215,0.7,10000.0,0.9046425649873645,0.03502636649232691,0.002001506656704395,10.007533283521974,98.75512251869124,19.970924868918644,78.7841976497726,78.78419764977271,20.932764010812477,624.860097571525,144.76603550127933,139.93219705606901,-0.6042298056512898,103.15234717557263,95.12950384365158,-0.4011421665960526,3.3254726578189904,2.5791923796512815,0.8,1.0,41.486568474381734,43.12079681208107,NOMINAL,0.6104065957065009,51.2
2537.224187805041,265.6974956306215,0.7,10000.0,0.9046425649873645,0.03502636649232691,0.002001506656704395,10.007533283521974,98.75512251869124,19.970924868918644,78.7841976497726,78.78419764977271,20.932764010812477,624.860097571525,144.73591822552183,139.93219705606901,-0.6004651461816017,103.13231511774848,95.12950384365158,-0.40014056370484496,3.3256494296791166,2.5061492016988756,0.8,1.0,41.486568474381734,43.11220511215025,NOMINAL,0.6104065957065009,51.25
2537.224187805041,265.6974956306215,0.7,10000.0,0.9046425649873645,0.03502636649232691,0.002001506656704395,10.007533283521974,98.75512251869124,19.970924868918644,78.7841976497726,78.78419764977271,20.932764010812477,624.860097571525,144.70598859573334,139.93219705606901,-0.5967239424580413,103.11233307752083,95.12950384365158,-0.39914146169346265,3.325825760161545,2.3145730332544243,0.8,1.0,41.486568474381734,43.103662971914574,NOMINAL,0.6104065957065009,51.300000000000004
2537.224187805041,265.6974956306215,0.7,10000.0,0.9046425649873645,0.03502636649232691,0.002001506656704395,10.007533283521974,98.75512251869124,19.970924868918644,78.7841976497726,78.78419764977271,20.932764010812477,624.860097571525,144.67624544278388,139.93219705606901,-0.5930060483393582,103.09240093000189,95.12950384365158,-0.3981448543175155,3.326001650368341,2.336507815038574,0.8,1.0,41.486568474381734,43.09517009250691,NOMINAL,0.6104065957065009,51.35
2537.224187805041,265.6974956306215,0.7,10000.0,0.9046425649873645,0.03502636649232691,0.002001506656704395,10.007533283521974,98.75512251869124,19.970924868918644,78.7841976497726,78.78419764977271,20.932764010812477,624.860097571525,144.64668760482775,139.93219705606901,-0.5893113185948415,103.07251855061565,95.12950384365158,-0.3971507353482039,3.326177101398819,2.533935710899857,0.8,1.0,41.486568474381734,43.08672617689749,NOMINAL,0.6104065957065009,51.400000000000006
2537.224187805041,265.6974956306215,0.7,10000.0,0.9046425649873645,0.03502636649232691,0.002001506656704395,10.007533283521974,98.75512251869124,19.970924868918644,78.7841976497726,78.78419764977271,20.932764010812477,624.860097571525,144.61731392725815,139.93219705606901,-0.5856396088986422,103.05268581509719,95.12950384365158,-0.39615909857228077,3.326352114349549,2.5646704401424363,0.8,1.0,41.486568474381734,43.0783309298825,NOMINAL,0.6104065957065009,51.45
2537.224187805041,265.6974956306215,0.7,10000.0,0.9046425649873645,0.03502636649232691,0.002001506656704395,10.007533283521974,98.75512251869124,19.970924868918644,78.7841976497726,78.78419764977271,20.932764010812477,624.860097571525,144.5881232626621,139.93219705606901,-0.5819907758241349,103.03290259949185,95.12950384365158,-0.3951699377920136,3.326526690314362,2.375441908174959,0.8,1.0,41.486568474381734,43.069984058072734,NOMINAL,0.6104065957065009,51.5
2537.224187805041,265.6974956306215,0.7,10000.0,0.9046425649873645,0.03502636649232691,0.002001506656704395,10.007533283521974,98.75512251869124,19.970924868918644,78.7841976497726,78.78419764977271,20.932764010812477,624.860097571525,144.5591144707755,139.93219705606901,-0.5783646768383122,103.01316878015446,95.12950384365158,-0.3941832468251441,3.326700830384358,2.294225081618818,0.8,1.0,41.486568474381734,43.0616852698824,NOMINAL,0.6104065957065009,51.550000000000004
2537.224187805041,265.6974956306215,0.7,10000.0,0.9046425649873645,0.03502636649232691,0.002001506656704395,10.007533283521974,98.75512251869124,19.970924868918644,78.7841976497726,78.78419764977271,20.932764010812477,624.860097571525,144.53028641843878,139.93219705606901,-0.5747611702962203,102.99348423374859,95.12950384365158,-0.3931990195048506,3.326874535647914,2.4617867132569704,0.8,1.0,41.486568474381734,43.053434275517944,NOMINAL,0.6104065957065009,51.6
2537.224187805041,265.6974956306215,0.7,10000.0,0.9046425649873645,0.03502636649232691,0.002001506656704395,10.007533283521974,98.75512251869124,19.970924868918644,78.7841976497726,78.78419764977271,20.932764010812477,624.860097571525,144.50163797955244,139.93219705606901,-0.5711801154354283,102.97384883724575,95.12950384365158,-0.39221724967970883,3.3270478071906884,2.587705374712369,0.8,1.0,41.486568474381734,43.045230786966876,NOMINAL,0.6104065957065009,51.650000000000006
2537.224187805041,265.6974956306215,0.7,10000.0,0.9046425649873645,0.03502636649232691,0.002001506656704395,10.007533283521974,98.75512251869124,19.970924868918644,78.7841976497726,78.78419764977271,20.932764010812477,624.860097571525,144.47316803503318,139.93219705606901,-0.567621372370521,102.95426246792466,95.12950384365158,-0.39123793121365436,3.3272206460956277,2.4537361303053107,0.8,1.0,41.486568474381734,43.0370745179868,NOMINAL,0.6104065957065009,51.7
2537.224187805041,265.6974956306215,0.7,10000.0,0.9046425649873645,0.03502636649232691,0.002001506656704395,10.007533283521974,98.75512251869124,19.970924868918644,78.7841976497726,78.78419764977271,20.932764010812477,624.860097571525,144.4448754727702,139.93219705606901,-0.564084802087649,102.93472500337045,95.12950384365158,-0.39026105798594346,3.3273930534429765,2.2920773594557384,0.8,1.0,41.486568474381734,43.02896518409446,NOMINAL,0.6104065957065009,51.75
2537.224187805041,265.6974956306215,0.7,10000.0,0.9046425649873645,0.03502636649232691,0.002001506656704395,10.007533283521974,98.75512251869124,19.970924868918644,78.7841976497726,78.78419764977271,20.932764010812477,624.860097571525,144.4167591875817,139.93219705606901,-0.5605702664390861,102.91523632147388,95.12950384365158,-0.38928662389111535,3.3275650303102817,2.3829195251044863,0.8,1.0,41.486568474381734,43.02090250255477,NOMINAL,0.6104065957065009,51.800000000000004
2537.224187805041,265.6974956306215,0.7,10000.0,0.9046425649873645,0.03502636649232691,0.002001506656704395,10.007533283521974,98.75512251869124,19.970924868918644,78.7841976497726,78.78419764977271,20.932764010812477,624.860097571525,144.3888180811717,139.93219705606901,-0.5570776281378365,102.89579630043065,95.12950384365158,-0.38831462283895346,3.3277365777723986,2.5688130294726212,0.8,1.0,41.486568474381734,43.01288619237004,NOMINAL,0.6104065957065009,51.85
2537.224187805041,265.6974956306215,0.7,10000.0,0.9046425649873645,0.03502636649232691,0.002001506656704395,10.007533283521974,98.75512251869124,19.970924868918644,78.7841976497726,78.78419764977271,20.932764010812477,624.860097571525,144.36105106208717,139.93219705606901,-0.5536067507522695,102.87640481874055,95.12950384365158,-0.38734504875444886,3.327907696901499,2.527563247592993,0.8,1.0,41.486568474381734,43.00491597426918,NOMINAL,0.6104065957065009,51.900000000000006
2537.224187805041,265.6974956306215,0.7,10000.0,0.9046425649873645,0.03502636649232691,0.002001506656704395,10.007533283521974,98.75512251869124,19.970924868918644,78.7841976497726,78.78419764977271,20.932764010812477,624.860097571525,144.3334570456754,139.93219705606901,-0.5501574987007984,102.85706175520677,95.12950384365158,-0.38637789557775976,3.328078388767079,2.330665189728552,0.8,1.0,41.486568474381734,42.996991570697055,NOMINAL,0.6104065957065009,51.95
2537.224187805041,265.6974956306215,0.7,10000.0,0.9046425649873645,0.03502636649232691,0.002001506656704395,10.007533283521974,98.75512251869124,19.970924868918644,78.7841976497726,78.78419764977271,20.932764010812477,624.860097571525,144.30603495404162,139.93219705606901,-0.5467297372465758,102.83776698893509,95.12950384365158,-0.3854131572641755,3.328248654435963,2.3193868099484494,0.8,1.0,41.486568474381734,42.98911270580376,NOMINAL,0.6104065957065009,52.0
2537.224187805041,265.6974956306215,0.7,10000.0,0.9046425649873645,0.03502636649232691,0.002001506656704395,10.007533283521974,98.75512251869124,19.970924868918644,78.7841976497726,78.78419764977271,20.932764010812477,624.860097571525,144.2787837160069,139.93219705606901,-0.5433233324922355,102.81852039933315,95.12950384365158,-0.3844508277840788,3.328418494972312,2.513276038966698,0.8,1.0,41.486568474381734,42.98127910543416,NOMINAL,0.6104065957065009,52.050000000000004
2537.224187805041,265.6974956306215,0.7,10000.0,0.9046425649873645,0.03502636649232691,0.002001506656704395,10.007533283521974,98.75512251869124,19.970924868918644,78.7841976497726,78.78419764977271,20.932764010812477,624.860097571525,144.25170226706626,139.93219705606901,-0.5399381513746562,102.79932186610972,95.12950384365158,-0.38349090112290724,3.3285879114376296,2.5762798896646286,0.8,1.0,41.486568474381734,42.9734904971173,NOMINAL,0.6104065957065009,52.1
2537.224187805041,265.6974956306215,0.7,10000.0,0.9046425649873645,0.03502636649232691,0.002001506656704395,10.007533283521974,98.75512251869124,19.970924868918644,78.7841976497726,78.78419764977271,20.932764010812477,624.860097571525,144.2247895493472,139.93219705606901,-0.5365740616597741,102.7801712692739,95.12950384365158,-0.3825333712811158,3.3287569048907693,2.3991987312319285,0.8,1.0,41.486568474381734,42.96574661005603,NOMINAL,0.6104065957065009,52.150000000000006
2537.224187805041,265.6974956306215,0.7,10000.0,0.9046425649873645,0.03502636649232691,0.002001506656704395,10.007533283521974,98.75512251869124,19.970924868918644,78.7841976497726,78.78419764977271,20.932764010812477,624.860097571525,144.19804451156824,139.93219705606901,-0.5332309319374033,102.76106848913439,95.12950384365158,-0.38157823227414056,3.328925476387941,2.288953440887687,0.8,1.0,41.486568474381734,42.958047175116626,NOMINAL,0.6104065957065009,52.2
2537.224187805041,265.6974956306215,0.7,10000.0,0.9046425649873645,0.03502636649232691,0.002001506656704395,10.007533283521974,98.75512251869124,19.970924868918644,78.7841976497726,78.78419764977271,20.932764010812477,624.860097571525,144.17146610899792,139.93219705606901,-0.529908631616113,102.74201340629875,95.12950384365158,-0.3806254781323588,3.329093626982717,2.436623529976657,0.8,1.0,41.486568474381734,42.95039192481846,NOMINAL,0.6104065957065009,52.25
2537.224187805041,265.6974956306215,0.7,10000.0,0.9046425649873645,0.03502636649232691,0.002001506656704395,10.007533283521974,98.75512251869124,19.970924868918644,78.7841976497726,78.78419764977271,20.932764010812477,624.860097571525,144.14505330341402,139.93219705606901,-0.5266070309181252,102.72300590167266,95.12950384365158,-0.3796751029010544,3.3292613577260393,2.5862640200307108,0.8,1.0,41.486568474381734,42.9427805933238,NOMINAL,0.6104065957065009,52.300000000000004
2537.224187805041,265.6974956306215,0.7,10000.0,0.9046425649873645,0.03502636649232691,0.002001506656704395,10.007533283521974,98.75512251869124,19.970924868918644,78.7841976497726,78.78419764977271,20.932764010812477,624.860097571525,144.11880506306298,139.93219705606901,-0.5233260008742455,102.70404585645916,95.12950384365158,-0.3787271006403792,3.3294286696662247,2.478514791195978,0.8,1.0,41.486568474381734,42.935212916427595,NOMINAL,0.6104065957065009,52.35
2537.224187805041,265.6974956306215,0.7,10000.0,0.9046425649873645,0.03502636649232691,0.002001506656704395,10.007533283521974,98.75512251869124,19.970924868918644,78.7841976497726,78.78419764977271,20.932764010812477,624.860097571525,144.09272036261956,139.93219705606901,-0.5200654133188181,102.68513315215789,95.12950384365158,-0.3777814654253156,3.3295955638489745,2.3001291272570565,0.8,1.0,41.486568474381734,42.927688631547376,NOMINAL,0.6104065957065009,52.400000000000006
2537.224187805041,265.6974956306215,0.7,10000.0,0.9046425649873645,0.03502636649232691,0.002001506656704395,10.007533283521974,98.75512251869124,19.970924868918644,78.7841976497726,78.78419764977271,20.932764010812477,624.860097571525,144.06679818314683,139.93219705606901,-0.5168251408847269,102.6662676705644,95.12950384365158,-0.3768381913456409,3.3297620413173776,2.3602889024692777,0.8,1.0,41.486568474381734,42.920207477713205,NOMINAL,0.6104065957065009,52.45
2537.224187805041,265.6974956306215,0.7,10000.0,0.9046425649873645,0.03502636649232691,0.002001506656704395,10.007533283521974,98.75512251869124,19.970924868918644,78.7841976497726,78.78419764977271,20.932764010812477,624.860097571525,144.04103751205636,139.93219705606901,-0.5136050569984185,102.64744929376936,95.12950384365158,-0.37589727250588895,3.3299281031119183,2.5547238989000864,0.8,1.0,41.486568474381734,42.91276919555771,NOMINAL,0.6104065957065009,52.5
2537.224187805041,265.6974956306215,0.7,10000.0,0.9046425649873645,0.03502636649232691,0.002001506656704395,10.007533283521974,98.75512251869124,19.970924868918644,78.7841976497726,78.78419764977271,20.932764010812477,624.860097571525,144.0154373430687,139.93219705606901,-0.5104050358749603,102.62867790415784,95.12950384365158,-0.37495870302531314,3.3300937502704837,2.5464351935993443,0.8,1.0,41.486568474381734,42.905373527306104,NOMINAL,0.6104065957065009,52.550000000000004
2537.224187805041,265.6974956306215,0.7,10000.0,0.9046425649873645,0.03502636649232691,0.002001506656704395,10.007533283521974,98.75512251869124,19.970924868918644,78.7841976497726,78.78419764977271,20.932764010812477,624.860097571525,143.98999667617394,139.93219705606901,-0.5072249525131163,102.60995338440863,95.12950384365158,-0.3740224770378525,3.3302589838283683,2.3497889490902217,0.8,1.0,41.486568474381734,42.89802021676637,NOMINAL,0.6104065957065009,52.6
2537.224187805041,265.6974956306215,0.7,10000.0,0.9046425649873645,0.03502636649232691,0.002001506656704395,10.007533283521974,98.75512251869124,19.970924868918644,78.7841976497726,78.78419764977271,20.932764010812477,624.860097571525,143.96471451759282,139.93219705606901,-0.5040646826904762,102.59127561749338,95.12950384365158,-0.37308858869209016,3.3304238048182837,2.3056166711119928,0.8,1.0,41.486568474381734,42.89070900931945,NOMINAL,0.6104065957065009,52.650000000000006
2537.224187805041,265.6974956306215,0.7,10000.0,0.9046425649873645,0.03502636649232691,0.002001506656704395,10.007533283521974,98.75512251869124,19.970924868918644,78.7841976497726,78.78419764977271,20.932764010812477,624.860097571525,143.9395898797378,139.93219705606901,-0.5009241029585993,102.57264448667601,95.12950384365158,-0.37215703215122176,3.3305882142703607,2.4904787031013442,0.8,1.0,41.486568474381734,42.88343965190948,NOMINAL,0.6104065957065009,52.7
2537.224187805041,265.6974956306215,0.7,10000.0,0.9046425649873645,0.03502636649232691,0.002001506656704395,10.007533283521974,98.75512251869124,19.970924868918644,78.7841976497726,78.78419764977271,20.932764010812477,624.860097571525,143.91462178117453,139.93219705606901,-0.4978030906381896,102.5540598755119,95.12950384365158,-0.371227801593016,3.3307522132121594,2.583968190230808,0.8,1.0,41.486568474381734,42.87621189303411,NOMINAL,0.6104065957065009,52.75
2537.224187805041,265.6974956306215,0.7,10000.0,0.9046425649873645,0.03502636649232691,0.002001506656704395,10.007533283521974,98.75512251869124,19.970924868918644,78.7841976497726,78.78419764977271,20.932764010812477,624.860097571525,143.88980924658344,139.93219705606901,-0.4947015238143031,102.53552166784715,95.12950384365158,-0.3703008912097786,3.3309158026686734,2.4240471401211288,0.8,1.0,41.486568474381734,42.86902548273492,NOMINAL,0.6104065957065009,52.800000000000004
2537.224187805041,265.6974956306215,0.7,10000.0,0.9046425649873645,0.03502636649232691,0.002001506656704395,10.007533283521974,98.75512251869124,19.970924868918644,78.7841976497726,78.78419764977271,20.932764010812477,624.860097571525,143.8651513067218,139.93219705606901,-0.49161928133159805,102.51702974781792,95.12950384365158,-0.36937629520831694,3.331078983662337,2.287894160705291,0.8,1.0,41.486568474381734,42.86188017258784,NOMINAL,0.6104065957065009,52.85
2537.224187805041,265.6974956306215,0.7,10000.0,0.9046425649873645,0.03502636649232691,0.002001506656704395,10.007533283521974,98.75512251869124,19.970924868918644,78.7841976497726,78.78419764977271,20.932764010812477,624.860097571525,143.84064699838567,139.93219705606901,-0.4885562427895813,102.49858399984963,95.12950384365158,-0.3684540078099026,3.3312417572130326,2.4114925279468262,0.8,1.0,41.486568474381734,42.8547757156936,NOMINAL,0.6104065957065009,52.900000000000006
2537.224187805041,265.6974956306215,0.7,10000.0,0.9046425649873645,0.03502636649232691,0.002001506656704395,10.007533283521974,98.75512251869124,19.970924868918644,78.7841976497726,78.78419764977271,20.932764010812477,624.860097571525,143.81629536437237,139.93219705606901,-0.48551228853791883,102.4801843086563,95.12950384365158,-0.36753402325023643,3.3314041243380954,2.580618890064782,0.8,1.0,41.486568474381734,42.847711866668355,NOMINAL,0.6104065957065009,52.95
2537.224187805041,265.6974956306215,0.7,10000.0,0.9046425649873645,0.03502636649232691,0.002001506656704395,10.007533283521974,98.75512251869124,19.970924868918644,78.7841976497726,78.78419764977271,20.932764010812477,624.860097571525,143.79209545344312,139.93219705606901,-0.48248729967176374,102.46183055923981,95.12950384365158,-0.3666163357794119,3.3315660860523204,2.502139794118713,0.8,1.0,41.486568474381734,42.84068838163428,NOMINAL,0.6104065957065009,53.0
2537.224187805041,265.6974956306215,0.7,10000.0,0.9046425649873645,0.03502636649232691,0.002001506656704395,10.007533283521974,98.75512251869124,19.970924868918644,78.7841976497726,78.78419764977271,20.932764010812477,624.860097571525,143.76804632028586,139.93219705606901,-0.4794811580271059,102.44352263688916,95.12950384365158,-0.365700939661879,3.3317276433679686,2.3120768992408336,0.8,1.0,41.486568474381734,42.83370501821024,NOMINAL,0.6104065957065009,53.050000000000004
2537.224187805041,265.6974956306215,0.7,10000.0,0.9046425649873645,0.03502636649232691,0.002001506656704395,10.007533283521974,98.75512251869124,19.970924868918644,78.7841976497726,78.78419764977271,20.932764010812477,624.860097571525,143.7441470254782,139.93219705606901,-0.4764937461761498,102.42526042717977,95.12950384365158,-0.3647878291764094,3.331888797294773,2.33985130781781,0.8,1.0,41.486568474381734,42.82676153550247,NOMINAL,0.6104065957065009,53.1
2537.224187805041,265.6974956306215,0.7,10000.0,0.9046425649873645,0.03502636649232691,0.002001506656704395,10.007533283521974,98.75512251869124,19.970924868918644,78.7841976497726,78.78419764977271,20.932764010812477,624.860097571525,143.72039663545095,139.93219705606901,-0.4735249474227423,102.40704381597277,95.12950384365158,-0.36387699861605965,3.3320495488399478,2.537323816785077,0.8,1.0,41.486568474381734,42.819857694095475,NOMINAL,0.6104065957065009,53.150000000000006
2537.224187805041,265.6974956306215,0.7,10000.0,0.9046425649873645,0.03502636649232691,0.002001506656704395,10.007533283521974,98.75512251869124,19.970924868918644,78.7841976497726,78.78419764977271,20.932764010812477,624.860097571525,143.69679422245147,139.93219705606901,-0.4705746457978073,102.3888726894143,95.12950384365158,-0.36296844228813613,3.33220989900819,2.5622308210512923,0.8,1.0,41.486568474381734,42.81299325604279,NOMINAL,0.6104065957065009,53.2
2537.224187805041,265.6974956306215,0.7,10000.0,0.9046425649873645,0.03502636649232691,0.002001506656704395,10.007533283521974,98.75512251869124,19.970924868918644,78.7841976497726,78.78419764977271,20.932764010812477,624.860097571525,143.67333886450749,139.93219705606901,-0.46764272605480883,102.37074693393474,95.12950384365158,-0.36206215451415813,3.332369848801688,2.3714029644526535,0.8,1.0,41.486568474381734,42.806167984857886,NOMINAL,0.6104065957065009,53.25
2537.224187805041,265.6974956306215,0.7,10000.0,0.9046425649873645,0.03502636649232691,0.002001506656704395,10.007533283521974,98.75512251869124,19.970924868918644,78.7841976497726,78.78419764977271,20.932764010812477,624.860097571525,143.6500296453911,139.93219705606901,-0.46472907366526073,102.35266643624807,95.12950384365158,-0.36115812962982474,3.3325293992201295,2.2955871975032087,0.8,1.0,41.486568474381734,42.79938164550519,NOMINAL,0.6104065957065009,53.300000000000004
2537.224187805041,265.6974956306215,0.7,10000.0,0.9046425649873645,0.03502636649232691,0.002001506656704395,10.007533283521974,98.75512251869124,19.970924868918644,78.7841976497726,78.78419764977271,20.932764010812477,624.860097571525,143.62686565458299,139.93219705606901,-0.46183357481424636,102.33463108335111,95.12950384365158,-0.3602563619849768,3.3326885512607047,2.4661890401637163,0.8,1.0,41.486568474381734,42.792634004391054,NOMINAL,0.6104065957065009,53.35
2537.224187805041,265.6974956306215,0.7,10000.0,0.9046425649873645,0.03502636649232691,0.002001506656704395,10.007533283521974,98.75512251869124,19.970924868918644,78.7841976497726,78.78419764977271,20.932764010812477,624.860097571525,143.60384598723678,139.93219705606901,-0.4589561163959708,102.31664076252287,95.12950384365158,-0.35935684594356443,3.332847305918114,2.5875177048430382,0.8,1.0,41.486568474381734,42.78592482935481,NOMINAL,0.6104065957065009,53.400000000000006
2537.224187805041,265.6974956306215,0.7,10000.0,0.9046425649873645,0.03502636649232691,0.002001506656704395,10.007533283521974,98.75512251869124,19.970924868918644,78.7841976497726,78.78419764977271,20.932764010812477,624.860097571525,143.58096974414383,139.93219705606901,-0.45609658600935177,102.29869536132375,95.12950384365158,-0.35845957588360877,3.3330056641845753,2.4492837371188863,0.8,1.0,41.486568474381734,42.77925388965996,NOMINAL,0.6104065957065009,53.45
2537.224187805041,265.6974956306215,0.7,10000.0,0.9046425649873645,0.03502636649232691,0.002001506656704395,10.007533283521974,98.75512251869124,19.970924868918644,78.7841976497726,78.78419764977271,20.932764010812477,624.860097571525,143.55823603169796,139.93219705606901,-0.453254871953618,102.28079476759497,95.12950384365158,-0.3575645461971696,3.333163627049828,2.291077226704586,0.8,1.0,41.486568474381734,42.772620955985296,NOMINAL,0.6104065957065009,53.5
2537.224187805041,265.6974956306215,0.7,10000.0,0.9046425649873645,0.03502636649232691,0.002001506656704395,10.007533283521974,98.75512251869124,19.970924868918644,78.7841976497726,78.78419764977271,20.932764010812477,624.860097571525,143.53564396186064,139.93219705606901,-0.45043086322395354,102.26293886945773,95.12950384365158,-0.35667175129030754,3.33332119550114,2.3871051044106912,0.8,1.0,41.486568474381734,42.76602580041619,NOMINAL,0.6104065957065009,53.550000000000004
2537.224187805041,265.6974956306215,0.7,10000.0,0.9046425649873645,0.03502636649232691,0.002001506656704395,10.007533283521974,98.75512251869124,19.970924868918644,78.7841976497726,78.78419764977271,20.932764010812477,624.860097571525,143.5131926521263,139.93219705606901,-0.44762444950715974,102.24512755531262,95.12950384365158,-0.3557811855830522,3.3334783705233155,2.570929784646546,0.8,1.0,41.486568474381734,42.75946819643582,NOMINAL,0.6104065957065009,53.6
2537.224187805041,265.6974956306215,0.7,10000.0,0.9046425649873645,0.03502636649232691,0.002001506656704395,10.007533283521974,98.75512251869124,19.970924868918644,78.7841976497726,78.78419764977271,20.932764010812477,624.860097571525,143.49088122548775,139.93219705606901,-0.4448355211773425,102.22736071383888,95.12950384365158,-0.354892843509365,3.333635153098698,2.5239423729826522,0.8,1.0,41.486568474381734,42.75294791891661,NOMINAL,0.6104065957065009,53.650000000000006
2537.224187805041,265.6974956306215,0.7,10000.0,0.9046425649873645,0.03502636649232691,0.002001506656704395,10.007533283521974,98.75512251869124,19.970924868918644,78.7841976497726,78.78419764977271,20.932764010812477,624.860097571525,143.4687088104021,139.93219705606901,-0.4420639692916346,102.20963823399367,95.12950384365158,-0.3540067195171048,3.33379154420718,2.3275824631838593,0.8,1.0,41.486568474381734,42.74646474411154,NOMINAL,0.6104065957065009,53.7
2537.224187805041,265.6974956306215,0.7,10000.0,0.9046425649873645,0.03502636649232691,0.002001506656704395,10.007533283521974,98.75512251869124,19.970924868918644,78.7841976497726,78.78419764977271,20.932764010812477,624.860097571525,143.44667454075653,139.93219705606901,-0.43930968558593975,102.19196000501147,95.12950384365158,-0.3531228080679945,3.3339475448262057,2.3221852795027447,0.8,1.0,41.486568474381734,42.740018449645646,NOMINAL,0.6104065957065009,53.75
2537.224187805041,265.6974956306215,0.7,10000.0,0.9046425649873645,0.03502636649232691,0.002001506656704395,10.007533283521974,98.75512251869124,19.970924868918644,78.7841976497726,78.78419764977271,20.932764010812477,624.860097571525,143.4247775558346,139.93219705606901,-0.43657256247069753,102.17432591640325,95.12950384365158,-0.35224110363758354,3.3341031559307797,2.5171053369236422,0.8,1.0,41.486568474381734,42.73360881450751,NOMINAL,0.6104065957065009,53.800000000000004
2537.224187805041,265.6974956306215,0.7,10000.0,0.9046425649873645,0.03502636649232691,0.002001506656704395,10.007533283521974,98.75512251869124,19.970924868918644,78.7841976497726,78.78419764977271,20.932764010812477,624.860097571525,143.40301700028255,139.93219705606901,-0.4338524930266914,102.15673585795592,95.12950384365158,-0.35136160071521727,3.3342583784934723,2.57450299434207,0.8,1.0,41.486568474381734,42.72723561904085,NOMINAL,0.6104065957065009,53.85
2537.224187805041,265.6974956306215,0.7,10000.0,0.9046425649873645,0.03502636649232691,0.002001506656704395,10.007533283521974,98.75512251869124,19.970924868918644,78.7841976497726,78.78419764977271,20.932764010812477,624.860097571525,143.3813920240759,139.93219705606901,-0.4311493710008598,102.13918971973156,95.12950384365158,-0.35048429380399926,3.3344132134844244,2.3948953958676475,0.8,1.0,41.486568474381734,42.72089864493605,NOMINAL,0.6104065957065009,53.900000000000006
2537.224187805041,265.6974956306215,0.7,10000.0,0.9046425649873645,0.03502636649232691,0.002001506656704395,10.007533283521974,98.75512251869124,19.970924868918644,78.7841976497726,78.78419764977271,20.932764010812477,624.860097571525,143.35990178248625,139.93219705606901,-0.42846309080215406,102.12168739206675,95.12950384365158,-0.3496091774207585,3.3345676618713553,2.289582299007067,0.8,1.0,41.486568474381734,42.71459767522194,NOMINAL,0.6104065957065009,53.95
2537.224187805041,265.6974956306215,0.7,10000.0,0.9046425649873645,0.03502636649232691,0.002001506656704395,10.007533283521974,98.75512251869124,19.970924868918644,78.7841976497726,78.78419764977271,20.932764010812477,624.860097571525,143.33854543604835,139.93219705606901,-0.4257935474974168,102.10422876557186,95.12950384365158,-0.3487362460960142,3.334721724619569,2.441094631144273,0.8,1.0,41.486568474381734,42.70833249425745,NOMINAL,0.6104065957065009,54.0
2537.224187805041,265.6974956306215,0.7,10000.0,0.9046425649873645,0.03502636649232691,0.002001506656704395,10.007533283521974,98.75512251869124,19.970924868918644,78.7841976497726,78.78419764977271,20.932764010812477,624.860097571525,143.31732215052716,139.93219705606901,-0.4231406368072683,102.08681373113045,95.12950384365158,-0.34786549437394354,3.3348754026919565,2.5868279554182374,0.8,1.0,41.486568474381734,42.70210288772332,NOMINAL,0.6104065957065009,54.050000000000004
2537.224187805041,265.6974956306215,0.7,10000.0,0.9046425649873645,0.03502636649232691,0.002001506656704395,10.007533283521974,98.75512251869124,19.970924868918644,78.7841976497726,78.78419764977271,20.932764010812477,624.860097571525,143.29623109688544,139.93219705606901,-0.4205042551020526,102.06944217989847,95.12950384365158,-0.34699691681234485,3.3350286970490073,2.4741941358454493,0.8,1.0,41.486568474381734,42.69590864261405,NOMINAL,0.6104065957065009,54.1
2537.224187805041,265.6974956306215,0.7,10000.0,0.9046425649873645,0.03502636649232691,0.002001506656704395,10.007533283521974,98.75512251869124,19.970924868918644,78.7841976497726,78.78419764977271,20.932764010812477,624.860097571525,143.27527145125117,139.93219705606901,-0.4178842993977696,102.0521140033037,95.12950384365158,-0.34613050798260614,3.3351816086488113,2.298412534066723,0.8,1.0,41.486568474381734,42.689749547229646,NOMINAL,0.6104065957065009,54.150000000000006
2537.224187805041,265.6974956306215,0.7,10000.0,0.9046425649873645,0.03502636649232691,0.002001506656704395,10.007533283521974,98.75512251869124,19.970924868918644,78.7841976497726,78.78419764977271,20.932764010812477,624.860097571525,143.25444239488556,139.93219705606901,-0.4152806673520679,102.03482909304496,95.12950384365158,-0.3452662624696693,3.3353341384470667,2.364151607723332,0.8,1.0,41.486568474381734,42.683625391167624,NOMINAL,0.6104065957065009,54.2
2537.224187805041,265.6974956306215,0.7,10000.0,0.9046425649873645,0.03502636649232691,0.002001506656704395,10.007533283521974,98.75512251869124,19.970924868918644,78.7841976497726,78.78419764977271,20.932764010812477,624.860097571525,143.23374311415094,139.93219705606901,-0.41269325726024064,102.0175873410915,95.12950384365158,-0.3444041748719961,3.3354862873970847,2.5574709786690635,0.8,1.0,41.486568474381734,42.67753596531491,NOMINAL,0.6104065957065009,54.25
2537.224187805041,265.6974956306215,0.7,10000.0,0.9046425649873645,0.03502636649232691,0.002001506656704395,10.007533283521974,98.75512251869124,19.970924868918644,78.7841976497726,78.78419764977271,20.932764010812477,624.860097571525,143.21317280047901,139.93219705606901,-0.41012196805125,102.00038863968233,95.12950384365158,-0.34354423980153753,3.3356380564497976,2.5433053500692013,0.8,1.0,41.486568474381734,42.671481061839934,NOMINAL,0.6104065957065009,54.300000000000004
2537.224187805041,265.6974956306215,0.7,10000.0,0.9046425649873645,0.03502636649232691,0.002001506656704395,10.007533283521974,98.75512251869124,19.970924868918644,78.7841976497726,78.78419764977271,20.932764010812477,624.860097571525,143.1927306503393,139.93219705606901,-0.4075666992837874,101.98323288132549,95.12950384365158,-0.34268645188369573,3.3357894465537616,2.3462068944683554,0.8,1.0,41.486568474381734,42.665460474184634,NOMINAL,0.6104065957065009,54.35
2537.224187805041,265.6974956306215,0.7,10000.0,0.9046425649873645,0.03502636649232691,0.002001506656704395,10.007533283521974,98.75512251869124,19.970924868918644,78.7841976497726,78.78419764977271,20.932764010812477,624.860097571525,143.17241586520774,139.93219705606901,-0.40502735114234056,101.96611995879745,95.12950384365158,-0.34183080575729363,3.3359404586551666,2.3077908996080736,0.8,1.0,41.486568474381734,42.65947399705664,NOMINAL,0.6104065957065009,54.400000000000006
2537.224187805041,265.6974956306215,0.7,10000.0,0.9046425649873645,0.03502636649232691,0.002001506656704395,10.007533283521974,98.75512251869124,19.970924868918644,78.7841976497726,78.78419764977271,20.932764010812477,624.860097571525,143.1522276515354,139.93219705606901,-0.4025038244332997,101.94904976514239,95.12950384365158,-0.3409772960745407,3.336091093697837,2.494640795064623,0.8,1.0,41.486568474381734,42.65352142642133,NOMINAL,0.6104065957065009,54.45
2537.224187805041,265.6974956306215,0.7,10000.0,0.9046425649873645,0.03502636649232691,0.002001506656704395,10.007533283521974,98.75512251869124,19.970924868918644,78.7841976497726,78.78419764977271,20.932764010812477,624.860097571525,143.13216522071767,139.93219705606901,-0.3999960205810815,101.93202219367153,95.12950384365158,-0.3401259175009976,3.3362413526232437,2.582904318240472,0.8,1.0,41.486568474381734,42.64760255949419,NOMINAL,0.6104065957065009,54.5
2537.224187805041,265.6974956306215,0.7,10000.0,0.9046425649873645,0.03502636649232691,0.002001506656704395,10.007533283521974,98.75512251869124,19.970924868918644,78.7841976497726,78.78419764977271,20.932764010812477,624.860097571525,143.11222778906324,139.93219705606901,-0.3975038416242782,101.9150371379625,95.12950384365158,-0.3392766647155462,3.3363912363705053,2.4196012300211622,0.8,1.0,41.486568474381734,42.641717194732976,NOMINAL,0.6104065957065009,54.550000000000004
2537.224187805041,265.6974956306215,0.7,10000.0,0.9046425649873645,0.03502636649232691,0.002001506656704395,10.007533283521974,98.75512251869124,19.970924868918644,78.7841976497726,78.78419764977271,20.932764010812477,624.860097571525,143.0924145777637,139.93219705606901,-0.3950271902118345,101.89809449185866,95.12950384365158,-0.338429532410354,3.3365407458763947,2.287771959623304,0.8,1.0,41.486568474381734,42.635865131830066,NOMINAL,0.6104065957065009,54.6
2537.224187805041,265.6974956306215,0.7,10000.0,0.9046425649873645,0.03502636649232691,0.002001506656704395,10.007533283521974,98.75512251869124,19.970924868918644,78.7841976497726,78.78419764977271,20.932764010812477,624.860097571525,143.0727248128629,139.93219705606901,-0.39256596959923584,101.8811941494684,95.12950384365158,-0.3375845152908411,3.3366898820753477,2.415905837429164,0.8,1.0,41.486568474381734,42.63004617170482,NOMINAL,0.6104065957065009,54.650000000000006
2537.224187805041,265.6974956306215,0.7,10000.0,0.9046425649873645,0.03502636649232691,0.002001506656704395,10.007533283521974,98.75512251869124,19.970924868918644,78.7841976497726,78.78419764977271,20.932764010812477,624.860097571525,143.05315772522695,139.93219705606901,-0.39012008364474227,101.86433600516453,95.12950384365158,-0.33674160807564774,3.3368386458994657,2.5819184670766706,0.8,1.0,41.486568474381734,42.624260116495954,NOMINAL,0.6104065957065009,54.7
2537.224187805041,265.6974956306215,0.7,10000.0,0.9046425649873645,0.03502636649232691,0.002001506656704395,10.007533283521974,98.75512251869124,19.970924868918644,78.7841976497726,78.78419764977271,20.932764010812477,624.860097571525,143.033712550514,139.93219705606901,-0.38768943680562273,101.84751995358359,95.12950384365158,-0.33590080549660045,3.336987038278523,2.4980731837968557,0.8,1.0,41.486568474381734,42.61850676955405,NOMINAL,0.6104065957065009,54.75
2537.224187805041,265.6974956306215,0.7,10000.0,0.9046425649873645,0.03502636649232691,0.002001506656704395,10.007533283521974,98.75512251869124,19.970924868918644,78.7841976497726,78.78419764977271,20.932764010812477,624.860097571525,143.0143885291444,139.93219705606901,-0.3852739341344247,101.8307458896252,95.12950384365158,-0.33506210229868144,3.3371350601399734,2.3096924381689634,0.8,1.0,41.486568474381734,42.61278593543402,NOMINAL,0.6104065957065009,54.800000000000004
2537.224187805041,265.6974956306215,0.7,10000.0,0.9046425649873645,0.03502636649232691,0.002001506656704395,10.007533283521974,98.75512251869124,19.970924868918644,78.7841976497726,78.78419764977271,20.932764010812477,624.860097571525,142.99518490627116,139.93219705606901,-0.38287348127526855,101.81401370845143,95.12950384365158,-0.3342254932399925,3.3372827124089524,2.3432817952748843,0.8,1.0,41.486568474381734,42.607097419887666,NOMINAL,0.6104065957065009,54.85
2537.224187805041,265.6974956306215,0.7,10000.0,0.9046425649873645,0.03502636649232691,0.002001506656704395,10.007533283521974,98.75512251869124,19.970924868918644,78.7841976497726,78.78419764977271,20.932764010812477,624.860097571525,142.9761009317503,139.93219705606901,-0.3804879844601601,101.79732330548606,95.12950384365158,-0.33339097309172416,3.337429996008289,2.5406234580350264,0.8,1.0,41.486568474381734,42.601441029856275,NOMINAL,0.6104065957065009,54.900000000000006
2537.224187805041,265.6974956306215,0.7,10000.0,0.9046425649873645,0.03502636649232691,0.002001506656704395,10.007533283521974,98.75512251869124,19.970924868918644,78.7841976497726,78.78419764977271,20.932764010812477,624.860097571525,142.9571358601116,139.93219705606901,-0.3781173505053239,101.78067457641403,95.12950384365158,-0.3325585366381226,3.3375769118585046,2.559680606821974,0.8,1.0,41.486568474381734,42.59581657346324,NOMINAL,0.6104065957065009,54.95
2537.224187805041,265.6974956306215,0.7,10000.0,0.9046425649873645,0.03502636649232691,0.002001506656704395,10.007533283521974,98.75512251869124,19.970924868918644,78.7841976497726,78.78419764977271,20.932764010812477,624.860097571525,142.9382889505296,139.93219705606901,-0.3757614868075727,101.76406741718073,95.12950384365158,-0.3317281786764575,3.3377234608778243,2.3674229809649896,0.8,1.0,41.486568474381734,42.59022386000681,NOMINAL,0.6104065957065009,55.0
2537.224187805041,265.6974956306215,0.7,10000.0,0.9046425649873645,0.03502636649232691,0.002001506656704395,10.007533283521974,98.75512251869124,19.970924868918644,78.7841976497726,78.78419764977271,20.932764010812477,624.860097571525,142.91955946679445,139.93219705606901,-0.3734203013406798,101.74750172399136,95.12950384365158,-0.33089989401698927,3.3378696439821796,2.297075637846223,0.8,1.0,41.486568474381734,42.5846626999527,NOMINAL,0.6104065957065009,55.050000000000004
2537.224187805041,265.6974956306215,0.7,10000.0,0.9046425649873645,0.03502636649232691,0.002001506656704395,10.007533283521974,98.75512251869124,19.970924868918644,78.7841976497726,78.78419764977271,20.932764010812477,624.860097571525,142.90094667728334,139.93219705606901,-0.3710937026517911,101.7309773933103,95.12950384365158,-0.33007367748293603,3.3380154620852163,2.4705661074820275,0.8,1.0,41.486568474381734,42.579132904927036,NOMINAL,0.6104065957065009,55.1
2537.224187805041,265.6974956306215,0.7,10000.0,0.9046425649873645,0.03502636649232691,0.002001506656704395,10.007533283521974,98.75512251869124,19.970924868918644,78.7841976497726,78.78419764977271,20.932764010812477,624.860097571525,142.88244985493182,139.93219705606901,-0.36878159985785075,101.7144943218604,95.12950384365158,-0.32924952391044116,3.3381609160982975,2.587196971800725,0.8,1.0,41.486568474381734,42.573634287709005,NOMINAL,0.6104065957065009,55.150000000000006
2537.224187805041,265.6974956306215,0.7,10000.0,0.9046425649873645,0.03502636649232691,0.002001506656704395,10.007533283521974,98.75512251869124,19.970924868918644,78.7841976497726,78.78419764977271,20.932764010812477,624.860097571525,142.86406827720538,139.93219705606901,-0.3664839026420452,101.69805240662242,95.12950384365158,-0.3284274281485423,3.3383060069305115,2.44482110513183,0.8,1.0,41.486568474381734,42.56816666222385,NOMINAL,0.6104065957065009,55.2
2537.224187805041,265.6974956306215,0.7,10000.0,0.9046425649873645,0.03502636649232691,0.002001506656704395,10.007533283521974,98.75512251869124,19.970924868918644,78.7841976497726,78.78419764977271,20.932764010812477,624.860097571525,142.84580122607133,139.93219705606901,-0.36420052125028946,101.68165154483435,95.12950384365158,-0.3276073850591388,3.338450735488675,2.2902074256351894,0.8,1.0,41.486568474381734,42.562729843535735,NOMINAL,0.6104065957065009,55.25
2537.224187805041,265.6974956306215,0.7,10000.0,0.9046425649873645,0.03502636649232691,0.002001506656704395,10.007533283521974,98.75512251869124,19.970924868918644,78.7841976497726,78.78419764977271,20.932764010812477,624.860097571525,142.82764798797064,139.93219705606901,-0.36193136648770263,101.66529163399075,95.12950384365158,-0.3267893895169586,3.3385951026773446,2.3913356922029614,0.8,1.0,41.486568474381734,42.55732364784065,NOMINAL,0.6104065957065009,55.300000000000004
2537.224187805041,265.6974956306215,0.7,10000.0,0.9046425649873645,0.03502636649232691,0.002001506656704395,10.007533283521974,98.75512251869124,19.970924868918644,78.7841976497726,78.78419764977271,20.932764010812477,624.860097571525,142.80960785379014,139.93219705606901,-0.35967634971514073,101.64897257184211,95.12950384365158,-0.3259734364095266,3.3387391093988135,2.572928215433911,0.8,1.0,41.486568474381734,42.551947892459516,NOMINAL,0.6104065957065009,55.35
2537.224187805041,265.6974956306215,0.7,10000.0,0.9046425649873645,0.03502636649232691,0.002001506656704395,10.007533283521974,98.75512251869124,19.970924868918644,78.7841976497726,78.78419764977271,20.932764010812477,624.860097571525,142.79168011883482,139.93219705606901,-0.3574353828457255,101.63269425639423,95.12950384365158,-0.3251595206371327,3.338882756553125,2.5202449234883884,0.8,1.0,41.486568474381734,42.54660239583112,NOMINAL,0.6104065957065009,55.400000000000006
2537.224187805041,265.6974956306215,0.7,10000.0,0.9046425649873645,0.03502636649232691,0.002001506656704395,10.007533283521974,98.75512251869124,19.970924868918644,78.7841976497726,78.78419764977271,20.932764010812477,624.860097571525,142.77386408280023,139.93219705606901,-0.35520837834140195,101.61645658590761,95.12950384365158,-0.32434763711280185,3.3390260450380747,2.324597632495489,0.8,1.0,41.486568474381734,42.5412869775053,NOMINAL,0.6104065957065009,55.45
2537.224187805041,265.6974956306215,0.7,10000.0,0.9046425649873645,0.03502636649232691,0.002001506656704395,10.007533283521974,98.75512251869124,19.970924868918644,78.7841976497726,78.78419764977271,20.932764010812477,624.860097571525,142.7561590497452,139.93219705606901,-0.3529952492095241,101.60025945889674,95.12950384365158,-0.32353778076225836,3.339168975749215,2.3250864404474507,0.8,1.0,41.486568474381734,42.536001458135985,NOMINAL,0.6104065957065009,55.5
2537.224187805041,265.6974956306215,0.7,10000.0,0.9046425649873645,0.03502636649232691,0.002001506656704395,10.007533283521974,98.75512251869124,19.970924868918644,78.7841976497726,78.78419764977271,20.932764010812477,624.860097571525,142.73856432806465,139.93219705606901,-0.350795908999455,101.58410277412953,95.12950384365158,-0.32272994652389786,3.3393115495798646,2.5208641348755076,0.8,1.0,41.486568474381734,42.5307456594744,NOMINAL,0.6104065957065009,55.550000000000004
2537.224187805041,265.6974956306215,0.7,10000.0,0.9046425649873645,0.03502636649232691,0.002001506656704395,10.007533283521974,98.75512251869124,19.970924868918644,78.7841976497726,78.78419764977271,20.932764010812477,624.860097571525,142.72107923046252,139.93219705606901,-0.34861027179918835,101.56798643062665,95.12950384365158,-0.3219241293487535,3.3394537674211096,2.5726045997453815,0.8,1.0,41.486568474381734,42.52551940436231,NOMINAL,0.6104065957065009,55.6
2537.224187805041,265.6974956306215,0.7,10000.0,0.9046425649873645,0.03502636649232691,0.002001506656704395,10.007533283521974,98.75512251869124,19.970924868918644,78.7841976497726,78.78419764977271,20.932764010812477,624.860097571525,142.70370307392494,139.93219705606901,-0.3464382522319909,101.55191032766089,95.12950384365158,-0.32112032420046577,3.3395956301618113,2.3906301471191718,0.8,1.0,41.486568474381734,42.520322516725244,NOMINAL,0.6104065957065009,55.650000000000006
2537.224187805041,265.6974956306215,0.7,10000.0,0.9046425649873645,0.03502636649232691,0.002001506656704395,10.007533283521974,98.75512251869124,19.970924868918644,78.7841976497726,78.78419764977271,20.932764010812477,624.860097571525,142.6864351796936,139.93219705606901,-0.3442797654530736,101.53587436475657,95.12950384365158,-0.32031852605524946,3.3397371386886143,2.290342817089102,0.8,1.0,41.486568474381734,42.51515482156577,NOMINAL,0.6104065957065009,55.7
2537.224187805041,265.6974956306215,0.7,10000.0,0.9046425649873645,0.03502636649232691,0.002001506656704395,10.007533283521974,98.75512251869124,19.970924868918644,78.7841976497726,78.78419764977271,20.932764010812477,624.860097571525,142.66927487323917,139.93219705606901,-0.34213472714627,101.51987844168885,95.12950384365158,-0.3195187299018635,3.3398782938859455,2.4455627697399094,0.8,1.0,41.486568474381734,42.51001614495689,NOMINAL,0.6104065957065009,55.75
2537.224187805041,265.6974956306215,0.7,10000.0,0.9046425649873645,0.03502636649232691,0.002001506656704395,10.007533283521974,98.75512251869124,19.970924868918644,78.7841976497726,78.78419764977271,20.932764010812477,624.860097571525,142.652221484235,139.93219705606901,-0.3400030535207499,101.50392245848317,95.12950384365158,-0.31872093074157987,3.340019096636026,2.5872594404924807,0.8,1.0,41.486568474381734,42.50490631403539,NOMINAL,0.6104065957065009,55.800000000000004
2537.224187805041,265.6974956306215,0.7,10000.0,0.9046425649873645,0.03502636649232691,0.002001506656704395,10.007533283521974,98.75512251869124,19.970924868918644,78.7841976497726,78.78419764977271,20.932764010812477,624.860097571525,142.63527434653093,139.93219705606901,-0.33788466130774,101.4880063154146,95.12950384365158,-0.3179251235881509,3.3401595478188733,2.4698411081756517,0.8,1.0,41.486568474381734,42.49982515699524,NOMINAL,0.6104065957065009,55.85
2537.224187805041,265.6974956306215,0.7,10000.0,0.9046425649873645,0.03502636649232691,0.002001506656704395,10.007533283521974,98.75512251869124,19.970924868918644,78.7841976497726,78.78419764977271,20.932764010812477,624.860097571525,142.61843279812723,139.93219705606901,-0.33577946775727696,101.47212991300717,95.12950384365158,-0.31713130346777946,3.340299648312308,2.2968197549523093,0.8,1.0,41.486568474381734,42.49477250308111,NOMINAL,0.6104065957065009,55.900000000000006
2537.224187805041,265.6974956306215,0.7,10000.0,0.9046425649873645,0.03502636649232691,0.002001506656704395,10.007533283521974,98.75512251869124,19.970924868918644,78.7841976497726,78.78419764977271,20.932764010812477,624.860097571525,142.60169618114878,139.93219705606901,-0.3336873906349709,101.45629315203331,95.12950384365158,-0.3163394654190867,3.3404393989919585,2.368079716225197,0.8,1.0,41.486568474381734,42.489748182581835,NOMINAL,0.6104065957065009,55.95
2537.224187805041,265.6974956306215,0.7,10000.0,0.9046425649873645,0.03502636649232691,0.002001506656704395,10.007533283521974,98.75512251869124,19.970924868918644,78.7841976497726,78.78419764977271,20.932764010812477,624.860097571525,142.58506384181933,139.93219705606901,-0.33160834821878993,101.44049593351323,95.12950384365158,-0.31554960449308284,3.3405788007312673,2.560111692540718,0.8,1.0,41.486568474381734,42.484752026823955,NOMINAL,0.6104065957065009,56.0
2537.224187805041,265.6974956306215,0.7,10000.0,0.9046425649873645,0.03502636649232691,0.002001506656704395,10.007533283521974,98.75512251869124,19.970924868918644,78.7841976497726,78.78419764977271,20.932764010812477,624.860097571525,142.56853513043603,139.93219705606901,-0.3295422592958772,101.42473815871426,95.12950384365158,-0.3147617157531343,3.3407178544014955,2.540081727160713,0.8,1.0,41.486568474381734,42.47978386816532,NOMINAL,0.6104065957065009,56.050000000000004
2537.224187805041,265.6974956306215,0.7,10000.0,0.9046425649873645,0.03502636649232691,0.002001506656704395,10.007533283521974,98.75512251869124,19.970924868918644,78.7841976497726,78.78419764977271,20.932764010812477,624.860097571525,142.55210940134398,139.93219705606901,-0.3274890431593711,101.40901972915024,95.12950384365158,-0.3139757942749334,3.3408565608717287,2.342706187424991,0.8,1.0,41.486568474381734,42.474843539988704,NOMINAL,0.6104065957065009,56.1
2537.224187805041,265.6974956306215,0.7,10000.0,0.9046425649873645,0.03502636649232691,0.002001506656704395,10.007533283521974,98.75512251869124,19.970924868918644,78.7841976497726,78.78419764977271,20.932764010812477,624.860097571525,142.53578601291107,139.93219705606901,-0.3254486196052575,101.39334054658096,95.12950384365158,-0.3131918351464691,3.340994921008883,2.3100806092648636,0.8,1.0,41.486568474381734,42.46993087669547,NOMINAL,0.6104065957065009,56.150000000000006
2537.224187805041,265.6974956306215,0.7,10000.0,0.9046425649873645,0.03502636649232691,0.002001506656704395,10.007533283521974,98.75512251869124,19.970924868918644,78.7841976497726,78.78419764977271,20.932764010812477,624.860097571525,142.51956432750285,139.93219705606901,-0.32342090892922926,101.37770051301145,95.12950384365158,-0.31240983346799356,3.3411329356777104,2.498752347335338,0.8,1.0,41.486568474381734,42.465045713699254,NOMINAL,0.6104065957065009,56.2
2537.224187805041,265.6974956306215,0.7,10000.0,0.9046425649873645,0.03502636649232691,0.002001506656704395,10.007533283521974,98.75512251869124,19.970924868918644,78.7841976497726,78.78419764977271,20.932764010812477,624.860097571525,142.50344371145766,139.93219705606901,-0.3214058319235811,101.36209953069147,95.12950384365158,-0.3116297843519945,3.3412706057408017,2.5817114821875418,0.8,1.0,41.486568474381734,42.460187887419764,NOMINAL,0.6104065957065009,56.25
2537.224187805041,265.6974956306215,0.7,10000.0,0.9046425649873645,0.03502636649232691,0.002001506656704395,10.007533283521974,98.75512251869124,19.970924868918644,78.7841976497726,78.78419764977271,20.932764010812477,624.860097571525,142.4874235350619,139.93219705606901,-0.3194033098741116,101.34653750211481,95.12950384365158,-0.31085168292316184,3.3414079320585963,2.4151714547791605,0.8,1.0,41.486568474381734,42.455357235276466,NOMINAL,0.6104065957065009,56.300000000000004
2537.224187805041,265.6974956306215,0.7,10000.0,0.9046425649873645,0.03502636649232691,0.002001506656704395,10.007533283521974,98.75512251869124,19.970924868918644,78.7841976497726,78.78419764977271,20.932764010812477,624.860097571525,142.4715031725254,139.93219705606901,-0.31741326455704666,101.33101433001876,95.12950384365158,-0.31007552431835916,3.3415449154893833,2.2877830270362547,0.8,1.0,41.486568474381734,42.4505535956825,NOMINAL,0.6104065957065009,56.35
2537.224187805041,265.6974956306215,0.7,10000.0,0.9046425649873645,0.03502636649232691,0.002001506656704395,10.007533283521974,98.75512251869124,19.970924868918644,78.7841976497726,78.78419764977271,20.932764010812477,624.860097571525,142.45568200195694,139.93219705606901,-0.3154356182359912,101.31552991738344,95.12950384365158,-0.30930130368659337,3.34168155688931,2.42033856521915,0.8,1.0,41.486568474381734,42.445776808038474,NOMINAL,0.6104065957065009,56.400000000000006
2537.224187805041,265.6974956306215,0.7,10000.0,0.9046425649873645,0.03502636649232691,0.002001506656704395,10.007533283521974,98.75512251869124,19.970924868918644,78.7841976497726,78.78419764977271,20.932764010812477,624.860097571525,142.43995940534006,139.93219705606901,-0.3134702936588809,101.30008416743122,95.12950384365158,-0.3085290161889823,3.3418178571123867,2.5830899559796197,0.8,1.0,41.486568474381734,42.44102671272637,NOMINAL,0.6104065957065009,56.45
2537.224187805041,265.6974956306215,0.7,10000.0,0.9046425649873645,0.03502636649232691,0.002001506656704395,10.007533283521974,98.75512251869124,19.970924868918644,78.7841976497726,78.78419764977271,20.932764010812477,624.860097571525,142.42433476850883,139.93219705606901,-0.3115172140549767,101.28467698362611,95.12950384365158,-0.30775865699872684,3.341953817010488,2.4939529840183297,0.8,1.0,41.486568474381734,42.436303151103516,NOMINAL,0.6104065957065009,56.5
2537.224187805041,265.6974956306215,0.7,10000.0,0.9046425649873645,0.03502636649232691,0.002001506656704395,10.007533283521974,98.75512251869124,19.970924868918644,78.7841976497726,78.78419764977271,20.932764010812477,624.860097571525,142.4088074811239,139.93219705606901,-0.309576303131859,101.26930826967316,95.12950384365158,-0.3069902213010792,3.3420894374333656,2.307421768693303,0.8,1.0,41.486568474381734,42.4316059654965,NOMINAL,0.6104065957065009,56.550000000000004
2537.224187805041,265.6974956306215,0.7,10000.0,0.9046425649873645,0.03502636649232691,0.002001506656704395,10.007533283521974,98.75512251869124,19.970924868918644,78.7841976497726,78.78419764977271,20.932764010812477,624.860097571525,142.3933769366486,139.93219705606901,-0.3076474850724473,101.25397792951786,95.12950384365158,-0.30622370429331414,3.3422247192286463,2.3467962293354216,0.8,1.0,41.486568474381734,42.42693499919524,NOMINAL,0.6104065957065009,56.6
2537.224187805041,265.6974956306215,0.7,10000.0,0.9046425649873645,0.03502636649232691,0.002001506656704395,10.007533283521974,98.75512251869124,19.970924868918644,78.7841976497726,78.78419764977271,20.932764010812477,624.860097571525,142.37804253232534,139.93219705606901,-0.30573068453204044,101.23868586734552,95.12950384365158,-0.3054591011846973,3.342359663241843,2.543831702835473,0.8,1.0,41.486568474381734,42.42229009644696,NOMINAL,0.6104065957065009,56.650000000000006
2537.224187805041,265.6974956306215,0.7,10000.0,0.9046425649873645,0.03502636649232691,0.002001506656704395,10.007533283521974,98.75512251869124,19.970924868918644,78.7841976497726,78.78419764977271,20.932764010812477,624.860097571525,142.362803669152,139.93219705606901,-0.3038258266353715,101.22343198758072,95.12950384365158,-0.3046964071964574,3.342494270316355,2.557022063384881,0.8,1.0,41.486568474381734,42.41767110245033,NOMINAL,0.6104065957065009,56.7
2537.224187805041,265.6974956306215,0.7,10000.0,0.9046425649873645,0.03502636649232691,0.002001506656704395,10.007533283521974,98.75512251869124,19.970924868918644,78.7841976497726,78.78419764977271,20.932764010812477,624.860097571525,142.34765975185852,139.93219705606901,-0.30193283697368756,101.20821619488666,95.12950384365158,-0.30393561756175413,3.342628541293478,2.3635054940273568,0.8,1.0,41.486568474381734,42.41307786334954,NOMINAL,0.6104065957065009,56.75
2537.224187805041,265.6974956306215,0.7,10000.0,0.9046425649873645,0.03502636649232691,0.002001506656704395,10.007533283521974,98.75512251869124,19.970924868918644,78.7841976497726,78.78419764977271,20.932764010812477,624.860097571525,142.33261018888376,139.93219705606901,-0.3000516416018435,101.19303839416459,95.12950384365158,-0.3031767275256506,3.342762477012405,2.298689080131214,0.8,1.0,41.486568474381734,42.40851022622854,NOMINAL,0.6104065957065009,56.800000000000004
2537.224187805041,265.6974956306215,0.7,10000.0,0.9046425649873645,0.03502636649232691,0.002001506656704395,10.007533283521974,98.75512251869124,19.970924868918644,78.7841976497726,78.78419764977271,20.932764010812477,624.860097571525,142.3176543923522,139.93219705606901,-0.29818216703539946,101.17789849055319,95.12950384365158,-0.3024197323450807,3.3428960783102353,2.4749140260759326,0.8,1.0,41.486568474381734,42.40396803910511,NOMINAL,0.6104065957065009,56.85
2537.224187805041,265.6974956306215,0.7,10000.0,0.9046425649873645,0.03502636649232691,0.002001506656704395,10.007533283521974,98.75512251869124,19.970924868918644,78.7841976497726,78.78419764977271,20.932764010812477,624.860097571525,142.3027917780512,139.93219705606901,-0.29632434024777154,101.16279638942802,95.12950384365158,-0.3016646272888224,3.3430293460219778,2.586743460564762,0.8,1.0,41.486568474381734,42.39945115092518,NOMINAL,0.6104065957065009,56.900000000000006
2537.224187805041,265.6974956306215,0.7,10000.0,0.9046425649873645,0.03502636649232691,0.002001506656704395,10.007533283521974,98.75512251869124,19.970924868918644,78.7841976497726,78.78419764977271,20.932764010812477,624.860097571525,142.28802176540793,139.93219705606901,-0.2944780886673648,101.1477319964009,95.12950384365158,-0.3009114076374665,3.3431622809805557,2.440352199506503,0.8,1.0,41.486568474381734,42.39495941155708,NOMINAL,0.6104065957065009,56.95
2537.224187805041,265.6974956306215,0.7,10000.0,0.9046425649873645,0.03502636649232691,0.002001506656704395,10.007533283521974,98.75512251869124,19.970924868918644,78.7841976497726,78.78419764977271,20.932764010812477,624.860097571525,142.27334377746695,139.93219705606901,-0.2926433401747417,101.13270521731934,95.12950384365158,-0.3001600686833882,3.3432948840168124,2.289468729087645,0.8,1.0,41.486568474381734,42.3904926717858,NOMINAL,0.6104065957065009,57.0
2537.224187805041,265.6974956306215,0.7,10000.0,0.9046425649873645,0.03502636649232691,0.002001506656704395,10.007533283521974,98.75512251869124,19.970924868918644,78.7841976497726,78.78419764977271,20.932764010812477,624.860097571525,142.25875724086745,139.93219705606901,-0.2908200230998048,101.1177159582659,95.12950384365158,-0.2994106057307164,3.343427155959518,2.395607529497678,0.8,1.0,41.486568474381734,42.386050783307354,NOMINAL,0.6104065957065009,57.050000000000004
2537.224187805041,265.6974956306215,0.7,10000.0,0.9046425649873645,0.03502636649232691,0.002001506656704395,10.007533283521974,98.75512251869124,19.970924868918644,78.7841976497726,78.78419764977271,20.932764010812477,624.860097571525,142.24426158582102,139.93219705606901,-0.2890080662190009,101.10276412555767,95.12950384365158,-0.29866301409530466,3.3435590976353726,2.574806546177982,0.8,1.0,41.486568474381734,42.38163359872317,NOMINAL,0.6104065957065009,57.1
2537.224187805041,265.6974956306215,0.7,10000.0,0.9046425649873645,0.03502636649232691,0.002001506656704395,10.007533283521974,98.75512251869124,19.970924868918644,78.7841976497726,78.78419764977271,20.932764010812477,624.860097571525,142.22985624608927,139.93219705606901,-0.2872073987525319,101.08784962574565,95.12950384365158,-0.29791728910470355,3.343690709869012,2.516474184386595,0.8,1.0,41.486568474381734,42.37724097153445,NOMINAL,0.6104065957065009,57.150000000000006
2537.224187805041,265.6974956306215,0.7,10000.0,0.9046425649873645,0.03502636649232691,0.002001506656704395,10.007533283521974,98.75512251869124,19.970924868918644,78.7841976497726,78.78419764977271,20.932764010812477,624.860097571525,142.2155406589618,139.93219705606901,-0.2854179503615981,101.07297236561415,95.12950384365158,-0.2971734260981286,3.343821993483013,2.321713349761651,0.8,1.0,41.486568474381734,42.37287275613666,NOMINAL,0.6104065957065009,57.2
2537.224187805041,265.6974956306215,0.7,10000.0,0.9046425649873645,0.03502636649232691,0.002001506656704395,10.007533283521974,98.75512251869124,19.970924868918644,78.7841976497726,78.78419764977271,20.932764010812477,624.860097571525,142.20131426523415,139.93219705606901,-0.2836396511456414,101.05813225218026,95.12950384365158,-0.29643142042643406,3.3439529492978988,2.328087715028103,0.8,1.0,41.486568474381734,42.36852880781393,NOMINAL,0.6104065957065009,57.25
2537.224187805041,265.6974956306215,0.7,10000.0,0.9046425649873645,0.03502636649232691,0.002001506656704395,10.007533283521974,98.75512251869124,19.970924868918644,78.7841976497726,78.78419764977271,20.932764010812477,624.860097571525,142.187176509186,139.93219705606901,-0.2818724316396235,101.04332919269322,95.12950384365158,-0.29569126745208224,3.344083578132143,2.524549093035791,0.8,1.0,41.486568474381734,42.36420898273367,NOMINAL,0.6104065957065009,57.300000000000004
2537.224187805041,265.6974956306215,0.7,10000.0,0.9046425649873645,0.03502636649232691,0.002001506656704395,10.007533283521974,98.75512251869124,19.970924868918644,78.7841976497726,78.78419764977271,20.932764010812477,624.860097571525,142.17312683855948,139.93219705606901,-0.28011622281130855,101.02856309463387,95.12950384365158,-0.2949529625491145,3.344213880802177,2.57058639264659,0.8,1.0,41.486568474381734,42.359913137941014,NOMINAL,0.6104065957065009,57.35
2537.224187805041,265.6974956306215,0.7,10000.0,0.9046425649873645,0.03502636649232691,0.002001506656704395,10.007533283521974,98.75512251869124,19.970924868918644,78.7841976497726,78.78419764977271,20.932764010812477,624.860097571525,142.15916470453755,139.93219705606901,-0.2783709560585663,101.01383386571403,95.12950384365158,-0.29421650110312286,3.3443438581223925,2.3864067747672526,0.8,1.0,41.486568474381734,42.35564113135345,NOMINAL,0.6104065957065009,57.400000000000006
2537.224187805041,265.6974956306215,0.7,10000.0,0.9046425649873645,0.03502636649232691,0.002001506656704395,10.007533283521974,98.75512251869124,19.970924868918644,78.7841976497726,78.78419764977271,20.932764010812477,624.860097571525,142.14528956172254,139.93219705606901,-0.27663656320669006,100.999141413876,95.12950384365158,-0.2934818785112213,3.344473510905148,2.2912343193943787,0.8,1.0,41.486568474381734,42.35139282175543,NOMINAL,0.6104065957065009,57.45
2537.224187805041,265.6974956306215,0.7,10000.0,0.9046425649873645,0.03502636649232691,0.002001506656704395,10.007533283521974,98.75512251869124,19.970924868918644,78.7841976497726,78.78419764977271,20.932764010812477,624.860097571525,142.13150086811495,139.93219705606901,-0.27491297650574253,100.98448564729189,95.12950384365158,-0.29274909018201567,3.3446028399607752,2.450023975708443,0.8,1.0,41.486568474381734,42.34716806879298,NOMINAL,0.6104065957065009,57.5
2537.224187805041,265.6974956306215,0.7,10000.0,0.9046425649873645,0.03502636649232691,0.002001506656704395,10.007533283521974,98.75512251869124,19.970924868918644,78.7841976497726,78.78419764977271,20.932764010812477,624.860097571525,142.11779808509218,139.93219705606901,-0.2732001286278951,100.9698664743631,95.12950384365158,-0.2920181315355762,3.344731846097579,2.5875580918681558,0.8,1.0,41.486568474381734,42.342966732968414,NOMINAL,0.6104065957065009,57.550000000000004
2537.224187805041,265.6974956306215,0.7,10000.0,0.9046425649873645,0.03502636649232691,0.002001506656704395,10.007533283521974,98.75512251869124,19.970924868918644,78.7841976497726,78.78419764977271,20.932764010812477,624.860097571525,142.1041806773875,139.93219705606901,-0.27149795266480936,100.95528380371977,95.12950384365158,-0.29128899800340946,3.3448605301218497,2.465459575962715,0.8,1.0,41.486568474381734,42.33878867563502,NOMINAL,0.6104065957065009,57.6
2537.224187805041,265.6974956306215,0.7,10000.0,0.9046425649873645,0.03502636649232691,0.002001506656704395,10.007533283521974,98.75512251869124,19.970924868918644,78.7841976497726,78.78419764977271,20.932764010812477,624.860097571525,142.0906481130692,139.93219705606901,-0.2698063821250223,100.94073754422016,95.12950384365158,-0.29056168502842894,3.344988892837862,2.2953522051380837,0.8,1.0,41.486568474381734,42.33463375899183,NOMINAL,0.6104065957065009,57.650000000000006
2537.224187805041,265.6974956306215,0.7,10000.0,0.9046425649873645,0.03502636649232691,0.002001506656704395,10.007533283521974,98.75512251869124,19.970924868918644,78.7841976497726,78.78419764977271,20.932764010812477,624.860097571525,142.07719986351978,139.93219705606901,-0.2681253509313457,100.92622760495009,95.12950384365158,-0.28983618806492545,3.3451169350478844,2.3720697377517115,0.8,1.0,41.486568474381734,42.330501846078356,NOMINAL,0.6104065957065009,57.7
2537.224187805041,265.6974956306215,0.7,10000.0,0.9046425649873645,0.03502636649232691,0.002001506656704395,10.007533283521974,98.75512251869124,19.970924868918644,78.7841976497726,78.78419764977271,20.932764010812477,624.860097571525,142.06383540341528,139.93219705606901,-0.2664547934182835,100.91175389522239,95.12950384365158,-0.28911250257854065,3.34524465755218,2.562643694173411,0.8,1.0,41.486568474381734,42.326392800769455,NOMINAL,0.6104065957065009,57.75
2537.224187805041,265.6974956306215,0.7,10000.0,0.9046425649873645,0.03502636649232691,0.002001506656704395,10.007533283521974,98.75512251869124,19.970924868918644,78.7841976497726,78.78419764977271,20.932764010812477,624.860097571525,142.05055421070477,139.93219705606901,-0.26479464432947,100.89731632457634,95.12950384365158,-0.28839062404623805,3.345372061149015,2.536767189143494,0.8,1.0,41.486568474381734,42.3223064877701,NOMINAL,0.6104065957065009,57.800000000000004
2537.224187805041,265.6974956306215,0.7,10000.0,0.9046425649873645,0.03502636649232691,0.002001506656704395,10.007533283521974,98.75512251869124,19.970924868918644,78.7841976497726,78.78419764977271,20.932764010812477,624.860097571525,142.03735576659,139.93219705606901,-0.26314483881512274,100.88291480277707,95.12950384365158,-0.28767054795627445,3.3454991466346633,2.3392899384276387,0.8,1.0,41.486568474381734,42.3182427726103,NOMINAL,0.6104065957065009,57.85
2537.224187805041,265.6974956306215,0.7,10000.0,0.9046425649873645,0.03502636649232691,0.002001506656704395,10.007533283521974,98.75512251869124,19.970924868918644,78.7841976497726,78.78419764977271,20.932764010812477,624.860097571525,142.02423955550503,139.93219705606901,-0.26150531242950237,100.86854923981502,95.12950384365158,-0.2869522698081724,3.345625914803408,2.3124837656177393,0.8,1.0,41.486568474381734,42.31420152164001,NOMINAL,0.6104065957065009,57.900000000000006
2537.224187805041,265.6974956306215,0.7,10000.0,0.9046425649873645,0.03502636649232691,0.002001506656704395,10.007533283521974,98.75512251869124,19.970924868918644,78.7841976497726,78.78419764977271,20.932764010812477,624.860097571525,142.01120506509622,139.93219705606901,-0.2598760011284007,100.8542195459054,95.12950384365158,-0.2862357851126909,3.345752366447552,2.5028097066964183,0.8,1.0,41.486568474381734,42.31018260202403,NOMINAL,0.6104065957065009,57.95
2537.224187805041,265.6974956306215,0.7,10000.0,0.9046425649873645,0.03502636649232691,0.002001506656704395,10.007533283521974,98.75512251869124,19.970924868918644,78.7841976497726,78.78419764977271,20.932764010812477,624.860097571525,141.9982517862021,139.93219705606901,-0.2582568412666362,100.83992563148753,95.12950384365158,-0.28552108939179777,3.345878502357418,2.5803907419372805,0.8,1.0,41.486568474381734,42.306185881736994,NOMINAL,0.6104065957065009,58.0
2537.224187805041,265.6974956306215,0.7,10000.0,0.9046425649873645,0.03502636649232691,0.002001506656704395,10.007533283521974,98.75512251869124,19.970924868918644,78.7841976497726,78.78419764977271,20.932764010812477,624.860097571525,141.9853792128336,139.93219705606901,-0.256647769595574,100.82566740722443,95.12950384365158,-0.2848081781786426,3.3460043233213557,2.4107617503618037,0.8,1.0,41.486568474381734,42.302211229558395,NOMINAL,0.6104065957065009,58.050000000000004
2537.224187805041,265.6974956306215,0.7,10000.0,0.9046425649873645,0.03502636649232691,0.002001506656704395,10.007533283521974,98.75512251869124,19.970924868918644,78.7841976497726,78.78419764977271,20.932764010812477,624.860097571525,141.97258684215416,139.93219705606901,-0.2550487232606429,100.81144478400215,95.12950384365158,-0.2840970470175286,3.3461298301257463,2.2879273531104927,0.8,1.0,41.486568474381734,42.29825851506754,NOMINAL,0.6104065957065009,58.1
2537.224187805041,265.6974956306215,0.7,10000.0,0.9046425649873645,0.03502636649232691,0.002001506656704395,10.007533283521974,98.75512251869124,19.970924868918644,78.7841976497726,78.78419764977271,20.932764010812477,624.860097571525,141.9598741744602,139.93219705606901,-0.25345963979889774,100.79725767292923,95.12950384365158,-0.2833876914638829,3.3462550235550084,2.424786772725064,0.8,1.0,41.486568474381734,42.2943276086387,NOMINAL,0.6104065957065009,58.150000000000006
2537.224187805041,265.6974956306215,0.7,10000.0,0.9046425649873645,0.03502636649232691,0.002001506656704395,10.007533283521974,98.75512251869124,19.970924868918644,78.7841976497726,78.78419764977271,20.932764010812477,624.860097571525,141.9472407131615,139.93219705606901,-0.2518804571365614,100.7831059853362,95.12950384365158,-0.28268010708423147,3.346379904391601,2.5841323158764262,0.8,1.0,41.486568474381734,42.29041838143614,NOMINAL,0.6104065957065009,58.2
2537.224187805041,265.6974956306215,0.7,10000.0,0.9046425649873645,0.03502636649232691,0.002001506656704395,10.007533283521974,98.75512251869124,19.970924868918644,78.7841976497726,78.78419764977271,20.932764010812477,624.860097571525,141.93468596476188,139.93219705606901,-0.2503111135866085,100.76898963277496,95.12950384365158,-0.2819742894561692,3.3465044734160294,2.489782855685743,0.8,1.0,41.486568474381734,42.28653070540927,NOMINAL,0.6104065957065009,58.25
2537.224187805041,265.6974956306215,0.7,10000.0,0.9046425649873645,0.03502636649232691,0.002001506656704395,10.007533283521974,98.75512251869124,19.970924868918644,78.7841976497726,78.78419764977271,20.932764010812477,624.860097571525,141.92220943883987,139.93219705606901,-0.2487515478463571,100.75490852701826,95.12950384365158,-0.2812702341683341,3.3466287314068506,2.3052669083607538,0.8,1.0,41.486568474381734,42.282664453287765,NOMINAL,0.6104065957065009,58.300000000000004
2537.224187805041,265.6974956306215,0.7,10000.0,0.9046425649873645,0.03502636649232691,0.002001506656704395,10.007533283521974,98.75512251869124,19.970924868918644,78.7841976497726,78.78419764977271,20.932764010812477,624.860097571525,141.9098106480296,139.93219705606901,-0.24720169899507383,100.74086258005914,95.12950384365158,-0.28056793682037834,3.346752679140678,2.350391487336407,0.8,1.0,41.486568474381734,42.2788194985768,NOMINAL,0.6104065957065009,58.35
2537.224187805041,265.6974956306215,0.7,10000.0,0.9046425649873645,0.03502636649232691,0.002001506656704395,10.007533283521974,98.75512251869124,19.970924868918644,78.7841976497726,78.78419764977271,20.932764010812477,624.860097571525,141.89748910800174,139.93219705606901,-0.24566150649159013,100.7268517041104,95.12950384365158,-0.2798673930229413,3.3468763173921845,2.5469457005790685,0.8,1.0,41.486568474381734,42.274995715552215,NOMINAL,0.6104065957065009,58.400000000000006
2537.224187805041,265.6974956306215,0.7,10000.0,0.9046425649873645,0.03502636649232691,0.002001506656704395,10.007533283521974,98.75512251869124,19.970924868918644,78.7841976497726,78.78419764977271,20.932764010812477,624.860097571525,141.88524433744456,139.93219705606901,-0.24413091017194333,100.71287581160401,95.12950384365158,-0.27916859839762154,3.3469996469341106,2.554257552922378,0.8,1.0,41.486568474381734,42.27119297925577,NOMINAL,0.6104065957065009,58.45
2537.224187805041,265.6974956306215,0.7,10000.0,0.9046425649873645,0.03502636649232691,0.002001506656704395,10.007533283521974,98.75512251869124,19.970924868918644,78.7841976497726,78.78419764977271,20.932764010812477,624.860097571525,141.87307585804515,139.93219705606901,-0.24260985024701753,100.69893481519058,95.12950384365158,-0.27847154857695033,3.3471226685372657,2.359653984425411,0.8,1.0,41.486568474381734,42.267411165490444,NOMINAL,0.6104065957065009,58.5
2537.224187805041,265.6974956306215,0.7,10000.0,0.9046425649873645,0.03502636649232691,0.002001506656704395,10.007533283521974,98.75512251869124,19.970924868918644,78.7841976497726,78.78419764977271,20.932764010812477,624.860097571525,141.86098319447075,139.93219705606901,-0.24109826730021666,100.68502862773886,95.12950384365158,-0.2777762392043641,3.3472453829705344,2.300426090773552,0.8,1.0,41.486568474381734,42.263650150815664,NOMINAL,0.6104065957065009,58.550000000000004
2537.224187805041,265.6974956306215,0.7,10000.0,0.9046425649873645,0.03502636649232691,0.002001506656704395,10.007533283521974,98.75512251869124,19.970924868918644,78.7841976497726,78.78419764977271,20.932764010812477,624.860097571525,141.8489658743501,139.93219705606901,-0.2395961022851374,100.67115716233512,95.12950384365158,-0.2770826659341772,3.347367791000884,2.479228932710968,0.8,1.0,41.486568474381734,42.25990981254273,NOMINAL,0.6104065957065009,58.6
2537.224187805041,265.6974956306215,0.7,10000.0,0.9046425649873645,0.03502636649232691,0.002001506656704395,10.007533283521974,98.75512251869124,19.970924868918644,78.7841976497726,78.78419764977271,20.932764010812477,624.860097571525,141.83702342825518,139.93219705606901,-0.23810329652327056,100.65732033228267,95.12950384365158,-0.27639082443155444,3.347489893393364,2.5861575740914526,0.8,1.0,41.486568474381734,42.25619002873011,NOMINAL,0.6104065957065009,58.650000000000006
2537.224187805041,265.6974956306215,0.7,10000.0,0.9046425649873645,0.03502636649232691,0.002001506656704395,10.007533283521974,98.75512251869124,19.970924868918644,78.7841976497726,78.78419764977271,20.932764010812477,624.860097571525,141.8251553896826,139.93219705606901,-0.236619791701699,100.64351805110125,95.12950384365158,-0.27570071037248384,3.3476116909111147,2.4358809909779207,0.8,1.0,41.486568474381734,42.25249067817882,NOMINAL,0.6104065957065009,58.7
2537.224187805041,265.6974956306215,0.7,10000.0,0.9046425649873645,0.03502636649232691,0.002001506656704395,10.007533283521974,98.75512251869124,19.970924868918644,78.7841976497726,78.78419764977271,20.932764010812477,624.860097571525,141.81336129503566,139.93219705606901,-0.23514552987083093,100.62975023252659,95.12950384365158,-0.27501231944375065,3.3477331843153717,2.288861793412433,0.8,1.0,41.486568474381734,42.24881164042792,NOMINAL,0.6104065957065009,58.75
2537.224187805041,265.6974956306215,0.7,10000.0,0.9046425649873645,0.03502636649232691,0.002001506656704395,10.007533283521974,98.75512251869124,19.970924868918644,78.7841976497726,78.78419764977271,20.932764010812477,624.860097571525,141.801640683606,139.93219705606901,-0.23368045344212263,100.61601679050976,95.12950384365158,-0.2743256473429092,3.3478543743654687,2.3999168206584316,0.8,1.0,41.486568474381734,42.24515279574984,NOMINAL,0.6104065957065009,58.800000000000004
2537.224187805041,265.6974956306215,0.7,10000.0,0.9046425649873645,0.03502636649232691,0.002001506656704395,10.007533283521974,98.75512251869124,19.970924868918644,78.7841976497726,78.78419764977271,20.932764010812477,624.860097571525,141.78999309755574,139.93219705606901,-0.23222450518584026,100.60231763921671,95.12950384365158,-0.2736406897782565,3.347975261818844,2.576563107934894,0.8,1.0,41.486568474381734,42.241514025145946,NOMINAL,0.6104065957065009,58.85
2537.224187805041,265.6974956306215,0.7,10000.0,0.9046425649873645,0.03502636649232691,0.002001506656704395,10.007533283521974,98.75512251869124,19.970924868918644,78.7841976497726,78.78419764977271,20.932764010812477,624.860097571525,141.7784180818996,139.93219705606901,-0.23077762822882164,100.5886526930277,95.12950384365158,-0.27295744246880604,3.3480958474310447,2.5126335060751552,0.8,1.0,41.486568474381734,42.237895210342025,NOMINAL,0.6104065957065009,58.900000000000006
2537.224187805041,265.6974956306215,0.7,10000.0,0.9046425649873645,0.03502636649232691,0.002001506656704395,10.007533283521974,98.75512251869124,19.970924868918644,78.7841976497726,78.78419764977271,20.932764010812477,624.860097571525,141.766915184487,139.93219705606901,-0.2293397660522487,100.57502186653676,95.12950384365158,-0.2722759011442591,3.3482161319557306,2.318932177740057,0.8,1.0,41.486568474381734,42.23429623378378,NOMINAL,0.6104065957065009,58.95
2537.224187805041,265.6974956306215,0.7,10000.0,0.9046425649873645,0.03502636649232691,0.002001506656704395,10.007533283521974,98.75512251869124,19.970924868918644,78.7841976497726,78.78419764977271,20.932764010812477,624.860097571525,141.7554839559846,139.93219705606901,-0.22791086248944836,100.5614250745512,95.12950384365158,-0.27159606154498095,3.348336116144681,2.3311864365367905,0.8,1.0,41.486568474381734,42.2307169786324,NOMINAL,0.6104065957065009,59.0
2537.224187805041,265.6974956306215,0.7,10000.0,0.9046425649873645,0.03502636649232691,0.002001506656704395,10.007533283521974,98.75512251869124,19.970924868918644,78.7841976497726,78.78419764977271,20.932764010812477,624.860097571525,141.7441239498586,139.93219705606901,-0.22649086172369692,100.547862232091,95.12950384365158,-0.27091791942197146,3.3484558007477974,2.5281569372251638,0.8,1.0,41.486568474381734,42.227157328760185,NOMINAL,0.6104065957065009,59.050000000000004
2537.224187805041,265.6974956306215,0.7,10000.0,0.9046425649873645,0.03502636649232691,0.002001506656704395,10.007533283521974,98.75512251869124,19.970924868918644,78.7841976497726,78.78419764977271,20.932764010812477,624.860097571525,141.73283472235727,139.93219705606901,-0.22507970828603163,100.53433325438839,95.12950384365158,-0.27024147053684044,3.3485751865131093,2.5684501662734704,0.8,1.0,41.486568474381734,42.223617168746095,NOMINAL,0.6104065957065009,59.1
2537.224187805041,265.6974956306215,0.7,10000.0,0.9046425649873645,0.03502636649232691,0.002001506656704395,10.007533283521974,98.75512251869124,19.970924868918644,78.7841976497726,78.78419764977271,20.932764010812477,624.860097571525,141.72161583249374,139.93219705606901,-0.2236773470530906,100.52083805688717,95.12950384365158,-0.26956671066177973,3.3486942741867773,2.3822290313844237,0.8,1.0,41.486568474381734,42.22009638387141,NOMINAL,0.6104065957065009,59.150000000000006
2537.224187805041,265.6974956306215,0.7,10000.0,0.9046425649873645,0.03502636649232691,0.002001506656704395,10.007533283521974,98.75512251869124,19.970924868918644,78.7841976497726,78.78419764977271,20.932764010812477,624.860097571525,141.7104668420287,139.93219705606901,-0.22228372324495993,100.50737655524235,95.12950384365158,-0.26889363557953844,3.3488130645131005,2.292256013800356,0.8,1.0,41.486568474381734,42.216594860115435,NOMINAL,0.6104065957065009,59.2
2537.224187805041,265.6974956306215,0.7,10000.0,0.9046425649873645,0.03502636649232691,0.002001506656704395,10.007533283521974,98.75512251869124,19.970924868918644,78.7841976497726,78.78419764977271,20.932764010812477,624.860097571525,141.6993873154533,139.93219705606901,-0.22089878242303485,100.49394866531946,95.12950384365158,-0.26822224108339443,3.348931558234518,2.454474285156743,0.8,1.0,41.486568474381734,42.21311248415115,NOMINAL,0.6104065957065009,59.25
2537.224187805041,265.6974956306215,0.7,10000.0,0.9046425649873645,0.03502636649232691,0.002001506656704395,10.007533283521974,98.75512251869124,19.970924868918644,78.7841976497726,78.78419764977271,20.932764010812477,624.860097571525,141.6883768199721,139.93219705606901,-0.21952247048788465,100.48055430319418,95.12950384365158,-0.2675525229771303,3.349049756091617,2.5877236441858966,0.8,1.0,41.486568474381734,42.209649143340926,NOMINAL,0.6104065957065009,59.300000000000004
2537.224187805041,265.6974956306215,0.7,10000.0,0.9046425649873645,0.03502636649232691,0.002001506656704395,10.007533283521974,98.75512251869124,19.970924868918644,78.7841976497726,78.78419764977271,20.932764010812477,624.860097571525,141.67743492548624,139.93219705606901,-0.218154733677153,100.46719338515169,95.12950384365158,-0.26688447707500557,3.349167658823134,2.461053432308183,0.8,1.0,41.486568474381734,42.20620472573232,NOMINAL,0.6104065957065009,59.35
2537.224187805041,265.6974956306215,0.7,10000.0,0.9046425649873645,0.03502636649232691,0.002001506656704395,10.007533283521974,98.75512251869124,19.970924868918644,78.7841976497726,78.78419764977271,20.932764010812477,624.860097571525,141.66656120457657,139.93219705606901,-0.21679551856344403,100.45386582768622,95.12950384365158,-0.2662180992017319,3.3492852671659605,2.294011188578979,0.8,1.0,41.486568474381734,42.202779120053776,NOMINAL,0.6104065957065009,59.400000000000006
2537.224187805041,265.6974956306215,0.7,10000.0,0.9046425649873645,0.03502636649232691,0.002001506656704395,10.007533283521974,98.75512251869124,19.970924868918644,78.7841976497726,78.78419764977271,20.932764010812477,624.860097571525,141.65575523248697,139.93219705606901,-0.2154447720522441,100.44057154750047,95.12950384365158,-0.2655533851924446,3.3494025818551507,2.3761181270669653,0.8,1.0,41.486568474381734,42.19937221571049,NOMINAL,0.6104065957065009,59.45
2537.224187805041,265.6974956306215,0.7,10000.0,0.9046425649873645,0.03502636649232691,0.002001506656704395,10.007533283521974,98.75512251869124,19.970924868918644,78.7841976497726,78.78419764977271,20.932764010812477,624.860097571525,141.64501658710782,139.93219705606901,-0.21410244137985046,100.42731046150516,95.12950384365158,-0.26489033089267905,3.349519603623921,2.5650647338203365,0.8,1.0,41.486568474381734,42.19598390278021,NOMINAL,0.6104065957065009,59.5
2537.224187805041,265.6974956306215,0.7,10000.0,0.9046425649873645,0.03502636649232691,0.002001506656704395,10.007533283521974,98.75512251869124,19.970924868918644,78.7841976497726,78.78419764977271,20.932764010812477,624.860097571525,141.6343448489594,139.93219705606901,-0.2127684741112965,100.41408248681846,95.12950384365158,-0.2642289321583441,3.3496363332036574,2.533364681069127,0.8,1.0,41.486568474381734,42.19261407200906,NOMINAL,0.6104065957065009,59.550000000000004
2537.224187805041,265.6974956306215,0.7,10000.0,0.9046425649873645,0.03502636649232691,0.002001506656704395,10.007533283521974,98.75512251869124,19.970924868918644,78.7841976497726,78.78419764977271,20.932764010812477,624.860097571525,141.62373960117554,139.93219705606901,-0.2114428181383161,100.40088754076548,95.12950384365158,-0.26356918485569525,3.349752771323921,2.335961182899415,0.8,1.0,41.486568474381734,42.189262614807475,NOMINAL,0.6104065957065009,59.6
2537.224187805041,265.6974956306215,0.7,10000.0,0.9046425649873645,0.03502636649232691,0.002001506656704395,10.007533283521974,98.75512251869124,19.970924868918644,78.7841976497726,78.78419764977271,20.932764010812477,624.860097571525,141.61320042948748,139.93219705606901,-0.21012542167730786,100.38772554087777,95.12950384365158,-0.26291108486130954,3.34986891871245,2.3149982334018775,0.8,1.0,41.486568474381734,42.18592942324604,NOMINAL,0.6104065957065009,59.650000000000006
2537.224187805041,265.6974956306215,0.7,10000.0,0.9046425649873645,0.03502636649232691,0.002001506656704395,10.007533283521974,98.75512251869124,19.970924868918644,78.7841976497726,78.78419764977271,20.932764010812477,624.860097571525,141.6027269222074,139.93219705606901,-0.20881623326729937,100.37459640489278,95.12950384365158,-0.2622546280620604,3.3499847760951655,2.5068092680805685,0.8,1.0,41.486568474381734,42.18261439005144,NOMINAL,0.6104065957065009,59.7
2537.224187805041,265.6974956306215,0.7,10000.0,0.9046425649873645,0.03502636649232691,0.002001506656704395,10.007533283521974,98.75512251869124,19.970924868918644,78.7841976497726,78.78419764977271,20.932764010812477,624.860097571525,141.59231867021268,139.93219705606901,-0.2075152017679578,100.36150005075338,95.12950384365158,-0.26159981035509006,3.3501003441961776,2.5789432710006315,0.8,1.0,41.486568474381734,42.179317408602486,NOMINAL,0.6104065957065009,59.75
2537.224187805041,265.6974956306215,0.7,10000.0,0.9046425649873645,0.03502636649232691,0.002001506656704395,10.007533283521974,98.75512251869124,19.970924868918644,78.7841976497726,78.78419764977271,20.932764010812477,624.860097571525,141.5819752669296,139.93219705606901,-0.20622227635757184,100.3484363966073,95.12950384365158,-0.26094662764778603,3.3502156237377867,2.406376034902348,0.8,1.0,41.486568474381734,42.176038372925944,NOMINAL,0.6104065957065009,59.800000000000004
2537.224187805041,265.6974956306215,0.7,10000.0,0.9046425649873645,0.03502636649232691,0.002001506656704395,10.007533283521974,98.75512251869124,19.970924868918644,78.7841976497726,78.78419764977271,20.932764010812477,624.860097571525,141.57169630831763,139.93219705606901,-0.2049374065310765,100.33540536080666,95.12950384365158,-0.2602950758577542,3.35033061544049,2.2882048096086196,0.8,1.0,41.486568474381734,42.17277717769267,NOMINAL,0.6104065957065009,59.85
2537.224187805041,265.6974956306215,0.7,10000.0,0.9046425649873645,0.03502636649232691,0.002001506656704395,10.007533283521974,98.75512251869124,19.970924868918644,78.7841976497726,78.78419764977271,20.932764010812477,624.860097571525,141.5614813928537,139.93219705606901,-0.20366054209808482,100.32240686190745,95.12950384365158,-0.25964515091279383,3.3504453200229865,2.429246507603235,0.8,1.0,41.486568474381734,42.169533718213586,NOMINAL,0.6104065957065009,59.900000000000006
2537.224187805041,265.6974956306215,0.7,10000.0,0.9046425649873645,0.03502636649232691,0.002001506656704395,10.007533283521974,98.75512251869124,19.970924868918644,78.7841976497726,78.78419764977271,20.932764010812477,624.860097571525,141.55133012151632,139.93219705606901,-0.20239163318091258,100.30944081866902,95.12950384365158,-0.25899684875087203,3.35055973820218,2.5850446206037314,0.8,1.0,41.486568474381734,42.166307890435704,NOMINAL,0.6104065957065009,59.95
2537.224187805041,265.6974956306215,0.7,10000.0,0.9046425649873645,0.03502636649232691,0.002001506656704395,10.007533283521974,98.75512251869124,19.970924868918644,78.7841976497726,78.78419764977271,20.932764010812477,624.860097571525,141.5412420977702,139.93219705606901,-0.2011306302126492,100.29650715005353,95.12950384365158,-0.2583501653200976,3.3506738706931847,2.485566504062982,0.8,1.0,41.486568474381734,42.16309959093828,NOMINAL,0.6104065957065009,60.0
