rpm,omega,throttle,altitude_ft,air_density,air_flow_kg_s,fuel_flow_kg_s,fuel_flow_l_hr,torque_gross_nm,torque_friction_nm,torque_net_nm,torque_load_nm,power_kw,egt_c,cht_c,cht_target_c,dcht_dt,oil_temp_c,oil_temp_target_c,doil_temp_dt,oil_pressure_bar,vibration_g,injector_efficiency,volumetric_efficiency,time_s
2500.0,261.79938779914943,0.7,10000.0,0.9046425649873645,0.03448755927036115,0.002463397090740082,12.316985453700411,123.31090843891587,19.853981633974485,103.45692680494139,76.48943410844252,27.08496010111507,771.188,75.0,172.74296186045828,12.217870232557285,65.0,114.37589038962804,2.468794519481402,3.6312500000000005,1.75,1.0,0.6099657142857142,0.0
2559.8929901084402,268.0713670566895,0.7,10000.0,0.9046425649873645,0.035354378913253146,0.0025253127795180816,12.62656389759041,123.52272792188587,20.042141011700686,103.4805869101852,80.19827974457687,27.740182396841913,772.146287841735,75.6263430926996,178.18160758406245,12.819408061420356,65.12687778045847,117.18301372645321,2.602806797299737,3.679835803031694,1.9171636579356026,1.0,0.6106668911046291,0.05
2611.5064300412505,273.47631384733666,0.7,10000.0,0.9046425649873645,0.03610084289546061,0.0025786316353900436,12.89315817695022,123.69607435413987,20.2042894154201,103.49178493871977,83.4648523668481,28.3025518585224,772.97210288066,76.28038766098447,182.90140024422263,13.32762657290477,65.25995159109848,119.60086017795606,2.717045429342879,3.7214677879643125,1.6394022416875857,1.0,0.6112364092000337,0.1
2655.8329889096894,278.11818023733673,0.7,10000.0,0.9046425649873645,0.036741439607107705,0.0026243885433648363,13.121942716824181,123.8381435290208,20.343545407120104,103.4945981219007,86.32228995123694,28.78372929405751,773.6813278225552,76.95772061344215,186.97855834208082,13.752604716079833,65.39829288071154,121.67608151693251,2.813889431811049,3.756982183748691,1.9442384285777268,1.0,0.6116998597291458,0.15000000000000002
2693.789722212783,282.0930000539789,0.7,10000.0,0.9046425649873645,0.03728957147827864,0.002663540819877046,13.31770409938523,123.9547928595502,20.462790001619368,103.49200285793083,88.80733011827084,29.19436956778867,774.2886355554045,77.65442471430204,190.48681572286165,14.104048876069951,65.54108779073705,123.4519260455196,2.8955419127391275,3.7871512367623414,1.7695551912501848,1.0,0.6120778650703869,0.2
2726.2102634589714,285.48807119412663,0.7,10000.0,0.9046425649873645,0.0377574203950353,0.0026969585996453787,13.484792998226894,124.05076799736285,20.5646421358238,103.48612586153905,90.95783769426326,29.54405446756341,774.8073642153436,78.36705363613272,193.49552516462035,14.391058941060953,65.68762769509084,124.96776006295413,2.9640066183931646,3.812676679454765,1.6708064911131046,1.0,0.6123869680712383,0.25
2753.842593109012,288.38172198846456,0.7,10000.0,0.9046425649873645,0.03815590655980576,0.002725421897128983,13.627109485644915,124.12990381644143,20.651451659653937,103.47845215678748,92.81104361596779,29.84129422167532,775.2494814897443,79.09259790491328,196.06854537460285,14.621993433711197,65.83729898816843,126.25890664883629,3.021080383033393,3.8341879018412777,1.7902880131765326,1.0,0.6126404061433923,0.30000000000000004
2777.350735454127,290.8434888981631,0.7,10000.0,0.9046425649873645,0.03849471146820298,0.0027496222477287843,13.74811123864392,124.19529630186987,20.725304666944893,103.46999163492498,94.40236749845282,30.093573363365334,775.6256117672662,79.82844604264695,198.26371284302473,14.804408350047224,65.98957278618502,127.35670223332222,3.06835647235686,3.8522434310677385,1.9195136400909878,1.0,0.612848763489809,0.35000000000000003
2797.319050044229,292.9345659121909,0.7,10000.0,0.9046425649873645,0.03878234214188184,0.0027701672958487028,13.850836479243515,124.24944586471348,20.788036977365728,103.46140888734774,95.76469645527872,30.3074229010789,775.9451048007078,80.57234403892316,200.13273007374013,14.945048254352121,66.14399498477381,128.28869354736491,3.107234928129555,3.867334592415683,1.982540443106819,1.0,0.6130205079633894,0.4
2814.258087829252,294.7084178010012,0.7,10000.0,0.9046425649873645,0.03902621953826172,0.0027875871098758374,13.937935549379189,124.29437470467188,20.841252534030033,103.45312217064185,96.92800549941073,30.48850595148354,776.2161294052681,81.3223553174074,201.72133502065935,15.049872462906494,66.30017694664646,129.07891726171565,3.1389370157534593,3.879890482372937,1.9904292098285292,1.0,0.6131624255975221,0.45
2828.6112489688526,296.2114773207332,0.7,10000.0,0.9046425649873645,0.03923277886538775,0.0028023413475276966,14.011706737638484,124.33172172115391,20.886344319621998,103.44537740153191,97.91922305492886,30.641708062108556,776.4457799835017,82.07682260737477,203.06964799454323,15.124103173396058,66.45778696951957,129.74822095602812,3.1645216993254275,3.8902836102672826,1.9662470675141661,1.0,0.6132799681434755,0.5
2840.761699998674,297.4838695771695,0.7,10000.0,0.9046425649873645,0.03940757333040082,0.0028148266664572014,14.074133332286006,124.36281862210545,20.924516087315084,103.43830253479037,98.76226436700475,30.77122650054338,776.6401871999789,82.83433256247939,204.21261945079897,15.172285861039947,66.61654259762365,130.3145969185804,3.184902716047838,3.89883575166232,1.9250122717764107,1.0,0.6133775287781988,0.55
2851.039182487433,298.56012502663896,0.7,10000.0,0.9046425649873645,0.0395553757387057,0.002825383981336121,14.126919906680607,124.38875063539274,20.956803750799168,103.43194688459357,99.47817345360926,30.88065499361294,776.8046269197988,83.59368355808107,205.18052417487576,15.198355077099336,66.77620378155152,130.7935100137922,3.2008653116120342,3.90582370412918,1.8748442575507662,1.0,0.6134586597105377,0.6000000000000001
2859.7264780588566,299.46985649153055,0.7,10000.0,0.9046425649873645,0.039680274485248614,0.002834305320374901,14.171526601874508,124.41040480503288,20.984095694745918,103.42630911028697,100.08532956091662,30.973061946706316,776.9436236489418,84.35385681245764,205.9994646205064,15.205700976006094,66.93656685373809,131.19820798944926,3.2130820567855585,3.911484748071001,1.8212907106801335,1.0,0.6135262434677643,0.65
2867.065392277688,300.2383857913707,0.7,10000.0,0.9046425649873645,0.039785761994592106,0.0028418401424708645,14.209200712354322,124.42850838175843,21.00715157374112,103.42135680801732,100.59968654571048,31.05106122439251,777.0610462764429,85.11399078677596,206.69185913730286,15.197233543815862,67.09745926462318,131.5400076684879,3.222127420193236,3.916021697609517,1.770579351441281,1.0,0.6135826276237649,0.7000000000000001
2873.2621893421015,300.88731286248236,0.7,10000.0,0.9046425649873645,0.039874814714198105,0.0028482010510141502,14.241005255070752,124.44365936344875,21.02661938587447,103.41703997757428,101.03502334643156,31.116875263044236,777.1601950294737,85.87335869898752,207.27690030400672,15.1754427006274,67.2587350129706,131.82855396835453,3.2284909477691963,3.9196074850382816,1.7312448298246201,1.0,0.6136297308618657,0.75
2878.49245717166,301.43502522880397,0.7,10000.0,0.9046425649873645,0.03994996446465191,0.0028535688903322796,14.267844451661398,124.45635083831442,21.04305075686412,103.4133000814503,101.40319106911369,31.172390719045847,777.2438793147467,86.6313489179485,207.77097530551626,15.14245329844597,67.42027069946725,132.0720510209543,3.232589016074352,3.9223892624240153,1.7138319441243746,1.0,0.6136691266466462,0.8
2882.9054137815797,301.89714896434845,0.7,10000.0,0.9046425649873645,0.04001336139684023,0.0028580972426314453,14.290486213157228,124.4669904433049,21.05691446893045,103.41007597437445,101.71434762492702,31.219207110850316,777.3144866205056,87.38744797064147,208.18804491202508,15.10007461767295,67.58196213309051,132.27746615116533,3.2347752009037407,3.9244920302162907,1.7282310096050495,1.0,0.6137021094335593,0.8500000000000001
2886.6276852141823,302.2869443172595,0.7,10000.0,0.9046425649873645,0.04006682907296454,0.0028619163623546102,14.309581811773052,124.47591597128742,21.068608329517787,103.40730764176963,101.97717472240718,31.25867904710534,777.3740429634271,88.141225885835,208.5399806805982,15.0498443493454,67.74372142301306,132.45070835978203,3.2353493468384484,3.9260218189511025,1.778714567786974,1.0,0.6137297472574156,0.9
2889.7665962151873,302.61565030862715,0.7,10000.0,0.9046425649873645,0.040111912331023625,0.002865136595073116,14.32568297536558,124.48340793682809,21.078469509258817,103.40493842756928,102.19907470187206,31.291952687382427,777.424265539443,88.89232360340188,208.83686193405276,14.99306729133136,67.90547449375642,132.59678343280655,3.2345654469525065,3.927068459230594,1.8581929298856232,1.0,0.6137529236783308,0.9500000000000001
2892.4130199211813,302.8927831510617,0.7,10000.0,0.9046425649873645,0.04014991865163225,0.0028678513322594463,14.339256661297231,124.48969973355291,21.08678349453185,103.40291623902107,102.38634650285563,31.319997085573203,777.466608318739,89.64044219378336,209.08723520978967,14.930849127000789,68.06715896705457,132.7199279986201,3.232638451578277,3.927707979347173,1.9450777968030162,1.0,0.6137723713890884,1.0
2894.64383400877,303.1263934560315,0.7,10000.0,0.9046425649873645,0.04018195375097279,0.0028701395536409138,14.350697768204569,124.49498587763378,21.093791803680944,103.40119407395284,102.54434121718147,31.3436310386845,777.5023013441406,90.38533365252451,209.29833945978535,14.864125725907606,68.22872235988093,132.8237248747742,3.2297501257446632,3.9280046708362146,2.0069627454418613,1.0,0.6137886992650571,1.05
2896.5240294524365,303.3232870624693,0.7,10000.0,0.9046425649873645,0.04020895209492261,0.0028720680067801864,14.360340033900933,124.49942872424116,21.09969861187408,103.39973011236708,102.67759838540938,31.36354601905537,777.532384471239,91.12679305755621,209.4763005035825,14.793688430753287,68.39012055396971,132.91120195521586,3.2260540700623075,3.928012861073508,2.0132307269684633,1.0,0.6138024142350748,1.1
2898.108515242976,303.4892140264452,0.7,10000.0,0.9046425649873645,0.040231702981237155,0.0028736930700883683,14.368465350441843,124.5031639603058,21.104676420793353,103.39848753951244,102.78996458191465,31.380325714889818,777.5577362438878,91.86465190008413,209.62629821907083,14.720205789873338,68.55131649771035,132.984916733815,3.2216800118052324,3.9277784296205818,1.9530889109200444,1.0,0.6138139390425674,1.1500000000000001
2899.4436588206663,303.6290299349505,0.7,10000.0,0.9046425649873645,0.04025087277875654,0.0028750623413397527,14.375311706698763,124.50630511226608,21.108870898048515,103.39743421421755,102.8846960062708,31.394462648225737,777.5790985411307,92.59877242238487,209.75270979288925,14.644242171313048,68.71227910639497,133.0470283729102,3.2167374633257615,3.9273401019425527,1.8489278038243513,1.0,0.6138236267291952,1.2000000000000002
2900.568598040978,303.7468332946261,0.7,10000.0,0.9046425649873645,0.040267023851308245,0.0028762159893791603,14.381079946895802,124.5089472573755,21.112404998838784,103.39654225853671,102.9645468299489,31.406372284644508,777.5970975686557,93.32904281680968,209.85923210680443,14.566273661249344,68.87298233140257,133.0993590271524,3.211318834787491,3.926730550768785,1.7528265854440759,1.0,0.613831772491593,1.25
2901.51635651807,303.8460823302597,0.7,10000.0,0.9046425649873645,0.04028063063334412,0.0028771879023817225,14.385939511908614,124.51117008824124,21.115382469907793,103.39578761833346,103.03184499015082,31.416404997282196,777.612261704289,94.05537315949387,209.94898605119704,14.486701611462896,69.03340437300054,133.14344593646615,3.205502078173281,3.925977331989821,1.7213736906107435,1.0,0.6138386234221699,1.3
2902.314790370448,303.92969412776,0.7,10000.0,0.9046425649873645,0.04029209326681561,0.0028780066619154008,14.390033309577005,124.51304044996887,21.117890823832802,103.39514962613606,103.08855701341463,31.42485620016551,777.6250366459273,94.7776919695236,210.02460525988886,14.405864161295657,69.1935270150521,133.18058561547085,3.1993529300209373,3.925103678741819,1.7793810452490826,1.0,0.6138443865373755,1.35
2902.987390832983,304.00012868349,0.7,10000.0,0.9046425649873645,0.04030174915570179,0.0028786963682644134,14.393481841322066,124.51461444559399,21.1200038605047,103.3946105850893,103.13634331536959,31.431974923046486,777.6357982533278,95.49594329961889,210.08831146966313,14.32404602125553,69.35333506306787,133.21187129459804,3.192926811576508,3.924129174312557,1.89645817085189,1.0,0.613849235413642,1.4000000000000001
2903.553963955081,304.0594600820935,0.7,10000.0,0.9046425649873645,0.04030988274657874,0.002879277339041339,14.396386695206694,124.51593918687081,21.121783802462804,103.39415538440801,103.17660527620227,31.437971061827177,777.6448634232814,96.21008427783947,210.1419784335355,14.241486769462005,69.51281586977309,133.23822461244936,3.186270437133813,3.92307032175651,1.998496298030744,1.0,0.6138533156865551,1.4500000000000002
2904.0312056960524,304.1094367203409,0.7,10000.0,0.9046425649873645,0.04031673380080579,0.0028797667000575564,14.398833500287783,124.51705425278905,21.123283101610227,103.39377115117883,103.21052524463715,31.443021505176823,777.6524992911369,96.92008303154215,210.18718606479706,14.158387879156864,69.67195893472012,133.26042242014196,3.179423174271092,3.9219410256462077,2.014315396422416,1.0,0.6138567496183085,1.5
2904.4331881526973,304.1515322247632,0.7,10000.0,0.9046425649873645,0.040322504386157566,0.0028801788847255404,14.400894423627705,124.51799290652633,21.124545966742893,103.39344693978344,103.23910048301302,31.447275308734888,777.6589310104433,97.62591693497332,210.22526626154948,14.07491866582202,69.83075556650282,133.27911943602527,3.1724181934761226,3.9207529992099452,1.9286291755406888,1.0,0.6138596398988178,1.55
2904.7717703944254,304.1869884742048,0.7,10000.0,0.9046425649873645,0.04032736478273886,0.002880526055909918,14.40263027954959,124.51878311223045,21.125609654226142,103.39317345800431,103.2631719360187,31.450858062981414,777.6643483263108,98.32757113063495,210.25734165927136,13.991221316079551,69.9891985978647,133.29486738220348,3.165283439216939,3.9195161081974423,1.800129336330146,1.0,0.6138620728145299,1.6
2905.056945413712,304.21685193239074,0.7,10000.0,0.9046425649873645,0.040331458469376795,0.0028808184620983425,14.404092310491713,124.51944838555816,21.126505557971722,103.39294282758644,103.28344858761405,31.453875579034005,777.6689111266193,99.02503728207832,210.2843583810154,13.907415137367137,70.14728214547493,133.30813114145678,3.1580424497990927,3.918238661154418,1.7238542579698952,1.0,0.613864120894059,1.6500000000000001
2905.297132996753,304.24200431726956,0.7,10000.0,0.9046425649873645,0.04033490633195213,0.0028810647379965805,14.405323689982904,124.5200085058706,21.127260129518085,103.39274837635253,103.30052806514425,31.45641699789261,777.6727541279482,99.71831252221237,210.30711369950527,13.823600147161612,70.30500140740915,133.31930239298896,3.1507150492789906,3.9169276543505416,1.760009722873952,1.0,0.613865845119868,1.7000000000000002
2905.4994268522623,304.2631884802807,0.7,10000.0,0.9046425649873645,0.040337810213869583,0.0028812721581335417,14.406360790667708,124.52048011310578,21.12789565440842,103.39258445869736,103.31491405643249,31.458557412619975,777.6759908296362,100.40739856670324,210.3262793906917,13.739860102998557,70.46235249244549,133.32871111651536,3.1433179312034936,3.9155889783685764,1.8834501054614454,1.0,0.6138672967792258,1.75
2905.669803077674,304.281030236884,0.7,10000.0,0.9046425649873645,0.04034025591065105,0.0028814468507607897,14.40723425380395,124.52087720837126,21.12843090710652,103.39244630126474,103.32703102401379,31.460360079260543,777.6787168492428,101.09230096671654,210.34242144210427,13.656265059423466,70.61933227619818,133.33663529516917,3.1358651509485496,3.9142275923019088,1.9982550070711986,1.0,0.6138685190147414,1.8
2905.8132959653813,304.29605677694616,0.7,10000.0,0.9046425649873645,0.04034231569507669,0.0028815939782197634,14.407969891098817,124.52121157405436,21.128881703308384,103.39232987074598,103.33723662971826,31.461878280649266,777.6810127354462,101.77302847922823,210.356016679484,13.57287352503197,70.77593827988376,133.34330909727893,3.128368540869759,3.9128476706009794,2.011832749015955,1.0,0.613869548124288,1.85
2905.934146233144,304.3087121873924,0.7,10000.0,0.9046425649873645,0.04034405044603857,0.002881717889002755,14.408589445013776,124.52149312657768,21.129261365621772,103.39223176095591,103.34583222147454,31.463156897356903,777.6829463397304,102.44959253650251,210.36746678968257,13.489734281647507,70.93216856816974,133.3489297740977,3.1208380602963985,3.9114527268359622,1.9113574996927831,1.0,0.6138704146515772,1.9000000000000001
2906.0359259808993,304.31937053765347,0.7,10000.0,0.9046425649873645,0.040345511442994815,0.002881822245928201,14.409111229641004,124.52173021273482,21.129581116129604,103.39214909660522,103.35307168142793,31.464233731614115,777.6845748156943,103.1220067991943,210.3771101448188,13.406887918203063,71.08802166310942,133.35366347402038,3.1132820905455483,3.910045717985194,1.777903204665697,1.0,0.6138711443016344,1.9500000000000002
2906.121644011748,304.3283469088533,0.7,10000.0,0.9046425649873645,0.04034674187833566,0.0028819101341668327,14.409550670834165,124.52192985872644,21.1298504072656,103.39207945146083,103.35916888921929,31.465140622931894,777.685946304188,103.79028677995485,210.38523177049325,13.3243681238173,71.24349647163486,133.35765014279295,3.1057076835579047,3.9086291323000615,1.7220532467088778,1.0,0.6138717587096735,2.0
2906.1938345910744,304.3359066886423,0.7,10000.0,0.9046425649873645,0.04034777813185259,0.0028819841522751853,14.409920761375927,124.52209797951399,21.13007720065927,103.39202077885471,103.36430401559777,31.46590438810369,777.6871013534573,104.45444952646734,210.3920717479861,13.242202777689846,71.39859222447613,133.3610076529029,3.098120771421339,3.907205063323136,1.7915541461295867,1.0,0.61387227608712,2.0500000000000003
2906.2546322399226,304.3422734035415,0.7,10000.0,0.9046425649873645,0.04034865084462388,0.0028820464889017057,14.41023244450853,124.52223955486545,21.130268202106244,103.39197135275921,103.3686288285666,31.466547613172576,777.688074115839,105.11451335457062,210.3978322954835,13.160414867614112,71.5533084247087,133.3638352830551,3.0905263429173195,3.905775272234864,1.9289964435406237,1.0,0.6138727117646069,2.1
2906.3058347542146,304.3476353182997,0.7,10000.0,0.9046425649873645,0.04034938582380827,0.0028820989874148765,14.410494937074384,124.52235877742457,21.13042905954899,103.39192971787558,103.37227116620627,31.46708932063127,777.6888933560674,105.77049762359245,210.4026837353114,13.079023263964869,71.70764480441326,133.36621664977068,3.0829285922678706,3.9043412403643987,2.0182273767051906,1.0,0.6138730786485125,2.15
2906.348956299174,304.35215099592824,0.7,10000.0,0.9046425649873645,0.04035000480491745,0.002882143200351246,14.410716001756233,124.52245917727637,21.130564529877844,103.39189464739853,103.37533870648672,31.467545531480145,777.6895833007869,106.42242254724897,210.4067695219349,12.998043371835742,71.86160128817048,133.3682221772038,3.0753310444516657,3.9029042134128447,1.982694957063146,1.0,0.6138733876049054,2.2
2906.3852721390567,304.3559539817877,0.7,10000.0,0.9046425649873645,0.04035052609397814,0.002882180435284153,14.410902176420766,124.52254372675597,21.130678619453633,103.39186510730234,103.3779221441671,31.467929738689314,777.690164354225,107.07030903450983,210.4102104782074,12.917487680462196,72.01517796231369,133.36991117778908,3.0677366607737695,3.9014652386945357,1.8520832155339135,1.0,0.6138736477825092,2.25
2906.4158563179044,304.3591567495072,0.7,10000.0,0.9046425649873645,0.040350965108482066,0.002882211793463005,14.411058967315025,124.5226149286474,21.130774702485215,103.39184022616219,103.38009786775453,31.4682533060145,777.6906537010865,107.71417855570822,210.41310836429508,12.837366226073359,72.16837504903225,133.37133360495366,3.060147927796071,3.900025196496908,1.7383661728243796,1.0,0.6138738668844221,2.3000000000000003
2906.4416134006947,304.3618540249096,0.7,10000.0,0.9046425649873645,0.04035133483305652,0.00288223820236118,14.411191011805899,124.5226748904137,21.130855620747287,103.39181926966641,103.38193021499609,31.468525803924045,777.6910658144112,108.35405302991751,210.4155488842248,12.75768698178841,72.32119288456086,133.3725315295174,3.052566932247827,3.898584826486632,1.7399186410348013,1.0,0.6138740513967582,2.35
2906.463305210094,304.36412558587796,0.7,10000.0,0.9046425649873645,0.04035164620328602,0.0028822604430918585,14.411302215459294,124.52272538667661,21.130923767576338,103.39180161910028,103.3834733731202,31.468755292546017,777.6914128833616,108.98995473024182,210.41760421854622,12.67845618603805,72.47363190081062,133.373540383297,3.04499542412432,3.8971447499436307,1.8558869543295238,1.0,0.6138742067810652,2.4000000000000004
2906.481573347075,304.3660386207091,0.7,10000.0,0.9046425649873645,0.040351908429003734,0.002882279173500267,14.411395867501334,124.52276791181012,21.130981158621275,103.39178675318885,103.3847729796799,31.468948559985197,777.6917051735533,109.62190620419562,210.41933515771188,12.599678619189532,72.62569260989916,133.37439000658853,3.037434869834468,3.8957054884815885,1.985906257392364,1.0,0.613874337636274,2.45
2906.496958159721,304.367649714522,0.7,10000.0,0.9046425649873645,0.04035212926659231,0.0028822949476137367,14.411474738068685,124.5228037242167,21.13102949143566,103.39177423278105,103.38586747110001,31.46911132304604,777.6919513305556,110.24993020679246,210.42079289906343,12.521357836533872,72.77737559112258,133.3751055304367,3.0298864969657067,3.8942674798097325,2.01677594433398,1.0,0.6138744478350207,2.5
2906.50991472001,304.3690065223426,0.7,10000.0,0.9046425649873645,0.04035231524833096,0.00288230823202364,14.4115411601182,124.52283388360166,21.131070195670276,103.39176368793139,103.38678921863998,31.469248396288496,777.6921586355202,110.87404964433749,210.4220205604187,12.443496364510152,72.92868147998394,133.37570811973154,3.0223513319873803,3.8928310910032082,1.9212913537487881,1.0,0.6138745406384006,2.5500000000000003
2906.5208262802485,304.37014917825877,0.7,10000.0,0.9046425649873645,0.0403524718755613,0.00288231941968295,14.41159709841475,124.52285928235665,21.13110447534776,103.39175480700888,103.38756548524778,31.469363834411247,777.6923332204841,111.49428752723502,210.42305445492488,12.366095865961233,73.07961095895409,133.3762155990757,3.01483023200608,3.891396629675644,1.7826271764346617,1.0,0.6138746187925779,2.6
2906.5300156065705,304.3711114822609,0.7,10000.0,0.9046425649873645,0.04035260378137733,0.0028823288415269523,14.411644207634762,124.52288067198288,21.131133344467827,103.39174732751505,103.38821923152075,31.469461052168835,777.6924802497051,112.11066693038777,210.42392516480987,12.289157279302763,73.23016474969134,133.37664297990827,3.0073239115108463,3.8899643533853805,1.72208467351919,1.0,0.6138746846101201,2.6500000000000004
2906.5377545242713,304.37192189982744,0.7,10000.0,0.9046425649873645,0.04035271486764593,0.0028823367762604237,14.411683881302118,124.52289868533974,21.131157656994823,103.39174102834491,103.38876979455003,31.469542925366582,777.6926040723885,112.72321095998959,210.42465844573778,12.212680935718524,73.38034360648983,133.37700290445778,2.9998329648983977,3.888534477554511,1.7928662395630446,1.0,0.613874740038479,2.7
2906.5442719570274,304.3726044037897,0.7,10000.0,0.9046425649873645,0.04035280842040679,0.002882343458600485,14.411717293002425,124.52291385537846,21.13117813211369,103.39173572326477,103.38923345968517,31.46961187591844,777.6927083513125,113.33194272570194,210.42527598848244,12.136666657847563,73.53014831076287,133.37730601964387,2.99235788544405,3.8871071821357885,1.933067099280608,1.0,0.61387478671765,2.75
2906.5497606975687,304.3731791833551,0.7,10000.0,0.9046425649873645,0.04035288720706247,0.0028823490862187476,14.41174543109374,124.52292663091706,21.131195375500653,103.3917312554164,103.3896239421,31.469669943482153,777.6927961711613,113.9368853173638,210.42579606042185,12.061113842882255,73.67957966639771,133.3775612919778,2.9848990812790044,3.885682617225343,2.0196532611945264,1.0,0.6138748260287218,2.8000000000000003
2906.5543831099308,304.3736632412457,0.7,10000.0,0.9046425649873645,0.04035295355823142,0.002882353825587959,14.411769127939795,124.52293738992326,21.13120989723737,103.39172749268589,103.3899527923831,31.46971884578942,777.6928701297591,114.53806178551888,210.42623404580942,11.986021532536318,73.82863849584446,133.3777762727698,2.9774568888462674,3.8842609077878465,1.976465796797184,1.0,0.6138748591347567,2.85
2906.558275931849,304.3740708966037,0.7,10000.0,0.9046425649873645,0.040353009436683754,0.0028823578169059824,14.41178908452991,124.5229464507003,21.13122212689811,103.3917243238022,103.39022973813455,31.469760029455077,777.6929324149096,115.13549512515671,210.42660290079138,11.911388471954334,73.97732563682302,133.3779573214847,2.9700315842330838,3.882842157634462,1.841364839614226,1.0,0.6138748870152148,2.9000000000000004
2906.561554319275,304.37441420853213,0.7,10000.0,0.9046425649873645,0.04035305649539794,0.00288236117824271,14.411805891213552,124.5229540813062,21.131232426255963,103.39172165505023,103.3904629716624,31.46979471276752,777.6929848691084,115.72920826215982,210.4269135366193,11.837213159307437,74.12564193955086,133.378109793848,2.9626233927148578,3.8814264527717186,1.7331661788992925,1.0,0.6138749104949405,2.95
2906.5643152526022,304.37470333279407,0.7,10000.0,0.9046425649873645,0.0403530961264551,0.002882364009032507,14.411820045162534,124.5229605074856,21.13124109998382,103.39171940750178,103.39065939228188,31.46982392172584,777.6930290440416,116.31922404202884,210.42717514238828,11.76349388754493,74.27358826440903,133.37823820026597,2.955232496792847,3.880013864220773,1.7471538849584831,1.0,0.6138749302685726,3.0
2906.5666404053222,304.3749468222175,0.7,10000.0,0.9046425649873645,0.04035312950221678,0.0028823663930154842,14.411831965077422,124.52296591934972,21.131248404666525,103.3917175146832,103.39082481037896,31.46984852038943,777.6930662464852,116.90556522052539,210.42739545684188,11.690228779539561,74.42116547997762,133.37834633924322,2.9478590429632803,3.878604450390819,1.8710823957076061,1.0,0.6138749469211,3.0500000000000003
2906.5685985599366,304.3751518796892,0.7,10000.0,0.9046425649873645,0.040353157610003666,0.0028823684007145477,14.411842003572739,124.52297047700094,21.131254556390676,103.39171592061027,103.39096411927082,31.469869236437432,777.6930975769591,117.48825445592908,210.42758099727996,11.61741581766886,74.56837446138209,133.37843740974364,2.9405031474180774,3.877198259077132,1.9958087540358527,1.0,0.6138749609451705,3.1
2906.570247642581,304.3753245712199,0.7,10000.0,0.9046425649873645,0.04035318128130136,0.0028823700915215256,14.411850457607628,124.52297431527023,21.131259737136595,103.39171457813364,103.39108143994437,31.469886682694355,777.6931239622813,118.0673143026531,210.42773725234179,11.545052868711085,74.71521608890151,133.37851410581825,2.933164900845837,3.875795329143122,2.011394484006961,1.0,0.6138749727556684,3.1500000000000004
2906.571636436524,304.37547000538154,0.7,10000.0,0.9046425649873645,0.04035320121635636,0.0028823715154540257,14.41185757727013,124.52297754770612,21.131264100161445,103.39171344754467,103.39118024295256,31.46990137525814,777.6931461829843,118.6427672060031,210.42786884436148,11.473137704794798,74.8616912467974,133.37857869629755,2.9258443724750074,3.874395691936353,1.9040560777357685,1.0,0.6138749827019897,3.2
2906.5728060252322,304.37559248442466,0.7,10000.0,0.9046425649873645,0.0403532180048903,0.0028823727146350215,14.41186357317511,124.52298026993418,21.131267774532738,103.39171249540144,103.39126345107292,31.4699137487671,777.6931648964039,119.2146354978981,210.42797966610027,11.401668021025271,75.00780082232829,133.3786330919063,2.9185416134789,3.872999372480619,1.7684141442097736,1.0,0.61387499107838,3.25
2906.573791007667,304.37569563154403,0.7,10000.0,0.9046425649873645,0.040353232143544644,0.002882373724538903,14.411868622694515,124.52298256248605,21.13127086894632,103.39171169353973,103.39133352576394,31.469924169257204,777.6931806561226,119.78294139340073,210.42807299589805,11.330641450312164,75.15354570492067,133.37867890178526,2.9112566598432297,3.871606390479469,1.724106869015848,1.0,0.6138749981326396,3.3000000000000003
2906.5746205217747,304.37578249805824,0.7,10000.0,0.9046425649873645,0.04035324405057209,0.0028823745750408635,14.411872875204319,124.52298449318215,21.131273474941747,103.3917110182404,103.39139253997666,31.46993294499003,777.6931939283485,120.34770698792826,210.4281515946508,11.260055575840319,75.29892678547179,133.37871748109222,2.9039895347810214,3.8702167611610254,1.8102458408675224,1.0,0.6138750040734551,3.35
2906.575319106432,304.3758556536725,0.7,10000.0,0.9046425649873645,0.04035325407820924,0.00288237529130066,14.4118764565033,124.52298611913794,21.131275669610176,103.39171044952776,103.39144223947427,31.469940335571767,777.6932051057028,120.9089542550361,210.4282177874815,11.189907941555674,75.44394495576326,133.37874997108972,2.896740250766323,3.868830495989171,1.950853431415805,1.0,0.6138750090765733,3.4000000000000004
2906.5759074273496,304.3759172624949,0.7,10000.0,0.9046425649873645,0.040353262523096345,0.0028823758945068817,14.41187947253441,124.5229874884536,21.13127751787485,103.39170997057875,103.39148409447382,31.469946559632746,777.6932145188375,121.46670504468261,210.42827353252096,11.120196060979794,75.58860110796819,133.37877733290546,2.8895088112468637,3.8674476032622622,2.021857890330897,1.0,0.6138750132900009,3.45
2906.5764028884005,304.37596914705483,0.7,10000.0,0.9046425649873645,0.04035326963505249,0.002882376402503749,14.411882012518747,124.52298864163727,21.131279074411644,103.39170956722563,103.3915193431371,31.469951801295124,777.6932224462145,122.02098108189848,210.42832047883286,11.050917424616797,75.73289613423694,133.37880037596466,2.882295212086386,3.8660680886171335,1.9605826172539902,1.0,0.6138750168383831,3.5
2906.5768201464607,304.3760128422167,0.7,10000.0,0.9046425649873645,0.04035327562446574,0.0028823768303189814,14.411884151594908,124.52298961280322,21.1312803852665,103.39170922753672,103.3915490281974,31.46995621561945,777.6932291223436,122.57180396579591,210.4283600151959,10.982069506174998,75.87683092634917,133.37881978193417,2.87509944277925,3.864691955453396,1.821094719485037,1.0,0.6138750198266903,3.5500000000000003
2906.5771715449882,304.3760496405845,0.7,10000.0,0.9046425649873645,0.04035328066851681,0.0028823771906083435,14.411885953041718,124.52299043068092,21.131281489217535,103.39170894146338,103.39157402780523,31.46995993319172,777.6932347447197,123.11919516886321,210.4283933111859,10.913649767790337,76.0204063754217,133.3788361248875,2.86792148747329,3.86331920529061,1.7265139384040131,1.0,0.613875022343325,3.6
2906.57746747917,304.3760806307395,0.7,10000.0,0.9046425649873645,0.04035328491642053,0.002882377494030038,14.41188747015019,124.52299111946549,21.131282418922183,103.3917087005433,103.39159508150559,31.4699630639865,777.6932394796668,123.66317603649904,210.42842135177554,10.845655664409563,76.16362337166328,133.37884988828748,2.86076132583121,3.861949838068973,1.7603386156391179,1.0,0.6138750244627358,3.6500000000000004
2906.57771670343,304.376106729443,0.7,10000.0,0.9046425649873645,0.04035328849383984,0.0028823777495599885,14.411888747799944,124.52299169953284,21.131283201883292,103.39170849764955,103.39161281211497,31.469965700620037,777.6932434672549,124.20376778674746,210.42844496647035,10.778084647465361,76.30648280416905,133.3788614792876,2.8536189337559272,3.8605838524024367,1.8927180346456698,1.0,0.6138750262476204,3.7
2906.577926590407,304.37612870875586,0.7,10000.0,0.9046425649873645,0.04035329150660318,0.00288237796475737,14.41188982378685,124.52299218804282,21.131283861262673,103.39170832678015,103.39162774414568,31.469967921090177,777.6932468254465,124.74099151020158,210.4284648538481,10.710934167955816,76.44898556074823,133.37887124077693,2.846494284001435,3.8592212457917863,2.0067847986646004,1.0,0.6138750277507801,3.75
2906.5781033490525,304.3761472188779,0.7,10000.0,0.9046425649873645,0.04035329404383524,0.002882378145988231,14.411890729941158,124.52299259944684,21.131284416566338,103.3917081828805,103.39164031932177,31.469969791083702,777.6932496535848,125.27486817004812,210.42848160222428,10.64420167902202,76.59113252777988,133.3788794615234,2.8393873466871766,3.8578620148040157,2.001826832532617,1.0,0.6138750290166823,3.8000000000000003
2906.578252208304,304.3761628073823,0.7,10000.0,0.9046425649873645,0.0403532961805933,0.0028823782986138074,14.411891493069037,124.52299294591519,21.13128488422147,103.39170806169372,103.39165090964623,31.469971365919427,777.6932520353331,125.8054186022301,210.42849570705496,10.577884638103107,76.73292459009237,133.37888638471605,2.8322980897311845,3.856506155223321,1.882215606138824,1.0,0.6138750300827756,3.85
2906.57837757177,304.37617593541376,0.7,10000.0,0.9046425649873645,0.04035329798008775,0.002882378427149125,14.411892135745626,124.5229932376973,21.131285278062414,103.39170795963489,103.3916598284056,31.469972692184747,777.6932540411484,126.33266351570808,210.4285075855944,10.511980508735789,76.87436263086265,133.37889221515934,2.8252264792148347,3.8551536621782114,1.7535595698423652,1.0,0.6138750309805976,3.9000000000000004
2906.578483148,304.3761869913307,0.7,10000.0,0.9046425649873645,0.040353299495551914,0.0028823785353965653,14.411892676982825,124.52299348342483,21.13128560973992,103.39170787368491,103.39166733943779,31.46997380911376,777.693255730368,126.85662349280366,210.42851758923797,10.446486762054288,77.01544753153232,133.37889712533166,2.8181724796899674,3.8538045302485027,1.7294613094046316,1.0,0.6138750317367083,3.95
2906.57857206019,304.3761963021934,0.7,10000.0,0.9046425649873645,0.0403533007718168,0.0028823786265583426,14.411893132791713,124.5229936903669,21.1312858890658,103.3917078013011,103.39167366493679,31.469974749747845,777.6932571529629,127.37731898961157,210.42852601391704,10.381400878038184,77.1561801717378,133.37890126048754,2.811136054437487,3.8524587535553887,1.8312034369912278,1.0,0.6138750323734751,4.0
2906.578646938573,304.3762041434394,0.7,10000.0,0.9046425649873645,0.040353301846637386,0.002882378703331242,14.411893516656209,124.52299386464546,21.13128612430318,103.39170774034227,103.39167899202587,31.469975541913243,777.6932583510172,127.89477033646858,210.42853310885374,10.316720346548145,77.2965614292524,133.37890474295477,2.8041171656851183,3.851116325837252,1.968947645533378,1.0,0.6138750329097352,4.05
2906.5787099982313,304.37621074703134,0.7,10000.0,0.9046425649873645,0.040353302751809414,0.002882378767986387,14.411893839931933,124.52299401141606,21.13128632241094,103.39170768900512,103.3916834782929,31.46997620904408,777.6932593599716,128.4089977384697,210.4285390839331,10.252442668182923,77.43659217993839,133.37890767575306,2.7971157747907336,3.8497772405134842,2.0210598480495277,1.0,0.6138750333613526,4.1000000000000005
2906.5787631046182,304.3762163083192,0.7,10000.0,0.9046425649873645,0.04035330351411003,0.0028823788224364307,14.411894112182154,124.52299413502051,21.131286489249575,103.39170764577094,103.3916872564523,31.46997677087568,777.6932602096738,128.92002127602336,210.42854411591222,10.188565354986107,77.57627329770739,133.37891014564147,2.790131842396704,3.8484414907381983,1.9415200046334475,1.0,0.6138750337416871,4.15
2906.5788078287487,304.3762209918192,0.7,10000.0,0.9046425649873645,0.04035330415608991,0.0028823788682921367,14.411894341460682,124.52299423911536,21.131286629754577,103.3917076093608,103.391690438271,31.469977244028357,777.6932609252602,129.42786090543856,210.42854835364898,10.125085931026302,77.71560565448807,133.3789122256853,2.7831653285598614,3.847109069445447,1.800565341213215,1.0,0.61387503406199,4.2
2906.5788454936687,304.3762249360804,0.7,10000.0,0.9046425649873645,0.04035330469674036,0.0028823789069100255,14.411894534550129,124.52299432678001,21.13128674808241,103.3917075786976,103.39169311787478,31.46997764249911,777.6932615278988,129.93253645953843,210.42855192250576,10.062001932870917,77.8545901201996,133.37891397741714,2.776216192860877,3.845779969387268,1.7226695335875855,1.0,0.6138750343317366,4.25
2906.578877213597,304.3762282577835,0.7,10000.0,0.9046425649873645,0.0403533051520551,0.0028823789394325067,14.411894697162534,124.52299440060776,21.131286847733506,103.39170755287425,103.39169537453272,31.46997797807565,777.6932620354174,130.4340676482951,210.42855492805802,9.999310909970365,77.99322756273021,133.37891545265745,2.769284394496362,3.844454183165725,1.776622416661033,1.0,0.6138750345589067,4.3
2906.5789039268843,304.3762310551924,0.7,10000.0,0.9046425649873645,0.04035330553550342,0.0028823789668216727,14.411894834108363,124.52299446278258,21.131286931655772,103.3917075311268,103.3916972750021,31.469978260685128,777.69326246283,130.9324740594819,210.42855745921688,9.937010424966871,78.13151884792002,133.37891669504734,2.7623698923563658,3.8431317032598487,1.9147797946678984,1.0,0.6138750347502203,4.3500000000000005
2906.578926423774,304.3762334110612,0.7,10000.0,0.9046425649873645,0.04035330585842866,0.0028823789898877613,14.411894949438807,124.52299451514378,21.131287002331838,103.39170751281193,103.39169887550338,31.469978498687816,777.6932628227804,131.42777515933926,210.42855959086026,9.875098053940125,78.26946483954737,133.37891774133968,2.7554726450896156,3.841812522048331,2.0151352924365535,1.0,0.6138750349113373,4.4
2906.5789453697785,304.3762353950821,0.7,10000.0,0.9046425649873645,0.040353306130383716,0.0028823790093131228,14.411895046565615,124.52299455924039,21.13128706185246,103.39170749738793,103.39170022338321,31.469978699124425,777.6932631259165,131.91999029325166,210.4285613860474,9.813571386599467,78.40706639931814,133.3789186224864,2.7485926111584127,3.840496631828608,1.9890639111223156,1.0,0.6138750350470238,4.45
2906.578961325364,304.3762370659472,0.7,10000.0,0.9046425649873645,0.040353306359413664,0.0028823790256724048,14.411895128362024,124.52299459637682,21.131287111978416,103.39170748439841,103.39170135851506,31.46997886792432,777.6932633812058,132.4091386864329,210.42856289788398,9.752428026431385,78.54432438685767,133.37891936455378,2.7417297488848056,3.8391840248329228,1.8595887529549329,1.0,0.6138750351612936,4.5
2906.578974762537,304.37623847308464,0.7,10000.0,0.9046425649873645,0.04035330655229376,0.0028823790394495543,14.411895197247771,124.52299462765164,21.13128715419254,103.3917074734591,103.39170231447888,31.469979010080994,777.6932635962008,132.8952394446179,210.42856417109377,9.691665590809482,78.6812396597047,133.37891998949397,2.734884016489463,3.8378746932418433,1.7410507384265321,1.0,0.6138750352575272,4.55
2906.578986078801,304.376239658121,0.7,10000.0,0.9046425649873645,0.040353306714729864,0.002882379051052133,14.411895255260667,124.52299465399011,21.13128718974363,103.39170746424648,103.39170311955439,31.469979129799825,777.6932637772609,133.37831155475916,210.42856524334147,9.631281711072788,78.81781307330719,133.3789205157943,2.7280553721243557,3.836568629195624,1.7381330341726327,1.0,0.6138750353385714,4.6000000000000005
2906.578995608917,304.37624065611243,0.7,10000.0,0.9046425649873645,0.04035330685152722,0.002882379060823373,14.411895304116864,124.52299467617132,21.131287219683372,103.39170745648795,103.3917037975576,31.46997923062235,777.6932639297428,133.8583738857264,210.42856614634678,9.571274032577548,78.95404548101953,133.3789209590239,2.7212437739002184,3.835265824803772,1.8534128109634744,1.0,0.6138750354068236,4.65
2906.579003634809,304.3762414965819,0.7,10000.0,0.9046425649873645,0.04035330696673262,0.0028823790690523303,14.411895345261652,124.52299469485152,21.131287244897457,103.39170744995405,103.39170436854546,31.46997931553116,777.693264058157,134.33544518900817,210.42856690682262,9.511640214726807,79.08993773410113,133.37892133229462,2.714449179909675,3.8339662721530914,1.9850842360841392,1.0,0.613875035464303,4.7
2906.579010393903,304.37624220439255,0.7,10000.0,0.9046425649873645,0.040353307063754125,0.0028823790759824374,14.411895379912188,124.52299471058319,21.13128726613178,103.39170744445141,103.39170484940922,31.469979387038038,777.6932641663024,134.80954409941467,210.4285675472657,9.452377930981378,79.22549068171595,133.37892164664865,2.7076715482466347,3.832669963314446,2.01686501097465,1.0,0.6138750355127099,4.75
2906.579016086149,304.3762428004831,0.7,10000.0,0.9046425649873645,0.04035330714546185,0.0028823790818187033,14.411895409093518,124.52299472383181,21.13128728401449,103.39170743981732,103.39170525437393,31.469979447258353,777.6932642573786,135.28068913578048,210.42856808662194,9.393484868855182,79.36070517093307,133.37892191138536,2.7009108370226143,3.8313768903484364,1.9206884260167163,1.0,0.6138750355534763,4.800000000000001
2906.5790208799363,304.37624330248735,0.7,10000.0,0.9046425649873645,0.04035330721427292,0.00288237908673378,14.411895433668901,124.52299473498933,21.13128729907462,103.3917074359147,103.39170559541944,31.469979497973565,777.6932643340792,135.74889870166686,210.4285685408468,9.334958729897494,79.49558204672786,133.37892213433636,2.694167004380425,3.8300870453101914,1.781490451809995,1.0,0.6138750355878082,4.8500000000000005
2906.579024917077,304.37624372525573,0.7,10000.0,0.9046425649873645,0.04035330727222291,0.0028823790908730647,14.411895454365325,124.52299474438568,21.131287311757674,103.39170743262801,103.39170588263465,31.46997954068392,777.6932643986735,136.21419108606287,210.42856892337716,9.276797229664286,79.63012215198384,133.37892232209694,2.687440008505655,3.8288004202533723,1.7222008228639345,1.0,0.6138750356167212,4.9
2906.579028316999,304.3762440812948,0.7,10000.0,0.9046425649873645,0.04035330732102614,0.00288237909435901,14.411895471795052,124.522994752299,21.131287322438844,103.39170742986016,103.39170612451609,31.469979576652936,777.693264453072,136.67658446408475,210.4285692455294,9.21899809768058,79.7643263274951,133.37892248022163,2.6807298076363266,3.827517007233551,1.7951801374426348,1.0,0.6138750356410706,4.95
2906.579031180281,304.376244381137,0.7,10000.0,0.9046425649873645,0.040353307362126306,0.002882379097294736,14.41189548647368,124.52299475896322,21.13128733143411,103.39170742752911,103.39170632821923,31.469979606944616,777.6932644988846,137.13609689767327,210.42856951683336,9.161559077395012,79.89819541196911,133.37892261338803,2.6740363600709456,3.826236798311038,1.9359782684468168,1.0,0.6138750356615766,5.0
2906.5790335916263,304.37624463365245,0.7,10000.0,0.9046425649873645,0.04035330739673927,0.002882379099767091,14.411895498835454,124.52299476457556,21.131287339009575,103.39170742556598,103.3917064997701,31.469979632455093,777.6932645374661,137.59274633628868,210.42856974531503,9.104477926128293,80.03173024202992,133.37892272553557,2.6673596241752824,3.8249597855532587,2.020251974058878,1.0,0.613875035678846,5.050000000000001
2906.579035622367,304.3762448463111,0.7,10000.0,0.9046425649873645,0.04035330742588897,0.002882379101849212,14.41189550924606,124.52299476930209,21.13128734538933,103.39170742391275,103.39170664424356,31.46997965393903,777.6932645699578,138.0465506176029,210.42856993773339,9.047752415016312,80.16493165222167,133.37892281998188,2.6606995583880106,3.823685961036746,1.9735763492295932,1.0,0.6138750356933896,5.1000000000000005
2906.5790373325776,304.37624502540393,0.7,10000.0,0.9046425649873645,0.040353307450437706,0.0028823791036026933,14.411895518013466,124.52299477328262,21.13128735076212,103.3917074225205,103.39170676591344,31.46997967203197,777.6932645973213,138.49752746818868,210.4285700997807,8.991380328949003,80.29780047501235,133.37892289952094,2.6540561212254294,3.822415316848809,1.8371720709843762,1.0,0.6138750357056378,5.15
2906.5790387728503,304.37624517622896,0.7,10000.0,0.9046425649873645,0.040353307471111696,0.002882379105079407,14.411895525397034,124.52299477663483,21.13128735528687,103.39170742134796,103.3917068683791,31.469979687269138,777.6932646203657,138.94569450420587,210.4285702362506,8.935359466505592,80.43033754079781,133.3789229665056,2.6474292712853895,3.8211478450889285,1.7315022618981593,1.0,0.6138750357159527,5.2
2906.579039985792,304.3762453032479,0.7,10000.0,0.9046425649873645,0.04035330748852252,0.002882379106323037,14.411895531615187,124.52299477945792,21.131287359097435,103.39170742036049,103.3917069546717,31.46997970010128,777.6932646397728,139.3910692320841,210.42857035118018,8.87968763988701,80.56254367790586,133.37892302291743,2.6408189672505786,3.8198835378699316,1.7498875286728566,1.0,0.6138750357246394,5.25
2906.579041007284,304.3762454102183,0.7,10000.0,0.9046425649873645,0.04035330750318524,0.0028823791073703743,14.41189553685187,124.52299478183544,21.13128736230655,103.39170741952888,103.39170702734393,31.469979710908014,777.6932646561165,139.8336690492021,210.42857044796946,8.824362674845922,80.69441971260066,133.37892307042534,2.634225167891234,3.8186223873189604,1.876091278271303,1.0,0.6138750357319551,5.300000000000001
2906.5790418675447,304.3762455003046,0.7,10000.0,0.9046425649873645,0.04035330751553361,0.0028823791082524006,14.411895541262004,124.52299478383769,21.131287365009136,103.39170741882856,103.39170708854566,31.469979720009025,777.6932646698809,140.2735112445635,210.4285705294815,8.76938241061475,80.82596646908712,133.37892311043458,2.6276478320673733,3.8173643855782915,1.998658676985512,1.0,0.6138750357381161,5.3500000000000005
2906.5790425920227,304.37624557617175,0.7,10000.0,0.9046425649873645,0.04035330752593292,0.0028823791089952087,14.411895544976044,124.5229947855239,21.131287367285154,103.39170741823875,103.39170714008735,31.469979727673536,777.6932646814727,140.71061299946913,210.4285705981279,8.714744699832345,80.9571847695154,133.37892314412883,2.621086918730672,3.8161095248060124,2.0093462000890385,1.0,0.6138750357433046,5.4
2906.5790432021504,304.37624564006416,0.7,10000.0,0.9046425649873645,0.040353307534690824,0.002882379109620773,14.411895548103866,124.52299478694394,21.131287369201925,103.39170741774201,103.39170718349379,31.469979734128287,777.6932646912344,141.14499138818528,210.42857065593913,8.660447408469231,81.08807543398558,133.3789231725048,2.6145423869259616,3.8148577971765834,1.8987152872585713,1.0,0.6138750357476742,5.45
2906.5790437159753,304.3762456938718,0.7,10000.0,0.9046425649873645,0.040353307542066376,0.002882379110147598,14.411895550737992,124.52299478813985,21.131287370816153,103.3917074173237,103.39170722004897,31.469979739564227,777.6932646994557,141.5766633786085,210.4285707046255,8.606488415752128,81.21863928055237,133.37892319640196,2.6080141957924794,3.813609194881304,1.7644679451632943,1.0,0.613875035751354,5.5
2906.5790441486993,304.3762457391865,0.7,10000.0,0.9046425649873645,0.040353307548277796,0.002882379110591271,14.411895552956354,124.52299478914703,21.131287372175596,103.39170741697144,103.39170725083433,31.469979744142172,777.6932647063792,142.00564583292646,210.4285707456273,8.552865614087604,81.34887712522979,133.3789232165272,2.60150230456487,3.812363710128699,1.7251627244776746,1.0,0.6138750357544531,5.550000000000001
2906.579044513122,304.3762457773488,0.7,10000.0,0.9046425649873645,0.04035330755350879,0.002882379110964914,14.411895554824572,124.52299478999524,21.13128737332046,103.39170741667478,103.39170727676056,31.469979747997538,777.6932647122101,142.43195550827514,210.42857078015746,8.49957690898529,81.478789781996,133.37892323347594,2.595006672573997,3.8111213351448336,1.8155114735993834,1.0,0.6138750357570629,5.6000000000000005
2906.579044820025,304.3762458094876,0.7,10000.0,0.9046425649873645,0.04035330755791415,0.0028823791112795824,14.411895556397912,124.52299479070953,21.13128737428463,103.39170741642491,103.39170729859462,31.469979751244374,777.6932647171205,142.85560905739192,210.42857080923739,8.446620218980684,81.60837806279812,133.37892324774947,2.5885272592475674,3.8098820621735725,1.9557240313650552,1.0,0.613875035759261,5.65
2906.579045078487,304.37624583655366,0.7,10000.0,0.9046425649873645,0.04035330756162417,0.0028823791115445835,14.411895557722916,124.52299479131112,21.131287375096612,103.3917074162145,103.39170731698245,31.469979753978734,777.6932647212559,143.27662302926498,210.42857083372735,8.393993475557796,81.73764277755711,133.3789232597701,2.582064024110649,3.808645883476792,2.0219737125030606,1.0,0.613875035761112,5.7
2906.5790452961533,304.37624585934765,0.7,10000.0,0.9046425649873645,0.0403533075647486,0.002882379111767757,14.411895558838784,124.52299479181772,21.13128737578043,103.39170741603729,103.39170733246794,31.469979756281504,777.6932647247386,143.69501386977882,210.42857085435185,8.341694623071628,81.86658473417259,133.3789232698934,2.57561692678604,3.807412791334544,1.9557530553761469,1.0,0.6138750357626709,5.75
2906.5790454794637,304.37624587854384,0.7,10000.0,0.9046425649873645,0.04035330756737987,0.002882379111955705,14.411895559778527,124.52299479224435,21.131287376356315,103.39170741588804,103.3917073455092,31.469979758220802,777.6932647276715,144.11079792235586,210.42857087172098,8.28972161867064,81.99520473852779,133.3789232784188,2.5691859269945505,3.8061827780451996,1.8155438712295118,1.0,0.6138750357639837,5.800000000000001
2906.57904563384,304.3762458947101,0.7,10000.0,0.9046425649873645,0.04035330756959582,0.002882379112113987,14.411895560569937,124.52299479260364,21.131287376841303,103.39170741576234,103.39170735649205,31.469979759854002,777.6932647301414,144.52399142859412,210.42857088634852,8.238072432219301,82.12350359449444,133.3789232855986,2.5627709845552085,3.8049558359255466,1.725169894047727,1.0,0.6138750357650893,5.8500000000000005
2906.57904576385,304.37624590832473,0.7,10000.0,0.9046425649873645,0.040353307571462015,0.0028823791122472866,14.411895561236433,124.52299479290626,21.13128737724974,103.39170741565653,103.3917073657414,31.469979761229432,777.6932647322217,144.93461052890117,210.42857089866737,8.186745046220775,82.25148210393766,133.37892329164515,2.5563720593853745,3.803731957310879,1.7644436202614089,1.0,0.6138750357660204,5.9
2906.5790458733395,304.37624591979045,0.7,10000.0,0.9046425649873645,0.04035330757303366,0.002882379112359547,14.411895561797737,124.52299479316113,21.131287377593715,103.39170741556742,103.39170737353083,31.469979762387773,777.6932647339736,145.3426712631241,210.42857090904187,8.135737455739722,82.37914106672092,133.37892329673736,2.549989111500822,3.802511134555053,1.8986810238139897,1.0,0.6138750357668046,5.95
2906.579045965547,304.3762459294464,0.7,10000.0,0.9046425649873645,0.04035330757435722,0.0028823791124540873,14.411895562270438,124.52299479337573,21.13128737788339,103.39170741549233,103.39170738009076,31.46997976336326,777.6932647354489,145.74818957117563,210.42857091777876,8.085047668325391,82.50648128071093,133.37892330102576,2.5436221010157416,3.801293360030533,2.009332246175768,1.0,0.6138750357674649,6.0
2906.5790460432004,304.37624593757823,0.7,10000.0,0.9046425649873645,0.04035330757547187,0.002882379112533705,14.411895562668526,124.52299479355648,21.131287378127347,103.39170741542912,103.39170738561528,31.46997976418479,777.6932647366914,146.15118129365652,210.42857092513665,8.034673703935017,82.63350354178256,133.37892330463728,2.537270988142736,3.8000786261284243,1.9986772216524749,1.0,0.613875035768021,6.050000000000001
2906.579046108597,304.37624594442656,0.7,10000.0,0.9046425649873645,0.04035330757641059,0.0028823791126007564,14.411895563003782,124.52299479370866,21.131287378332797,103.39170741537586,103.39170739026781,31.469979764876637,777.6932647377375,146.55166217247395,210.42857093133316,7.9846135948574,82.76020864382379,133.37892330767875,2.530935733192748,3.7988669252584866,1.8761257802563154,1.0,0.6138750357684895,6.1000000000000005
2906.5790461636716,304.37624595019395,0.7,10000.0,0.9046425649873645,0.04035330757720114,0.0028823791126572243,14.411895563286121,124.52299479383686,21.131287378505817,103.39170741533104,103.39170739418599,31.469979765459293,777.6932647386188,146.94964785145626,210.42857093655164,7.934865385636922,82.88659737874057,133.3789233102402,2.524616296574981,3.7976582498491434,1.749907498857279,1.0,0.6138750357688838,6.15
2906.5790462100535,304.37624595505105,0.7,10000.0,0.9046425649873645,0.04035330757786692,0.00288237911270478,14.4118955635239,124.52299479394482,21.131287378651532,103.39170741529328,103.39170739748575,31.469979765949983,777.6932647393609,147.34515387696382,210.42857094094646,7.88542713299783,83.01267053646181,133.37892331239735,2.5183126387967767,3.796452592347483,1.7314902782789927,1.0,0.613875035769216,6.2
2906.5790462491145,304.3762459591415,0.7,10000.0,0.9046425649873645,0.04035330757842761,0.002882379112744829,14.411895563724146,124.52299479403572,21.131287378774246,103.39170741526148,103.39170740026466,31.469979766363224,777.6932647399858,147.73819569849613,210.4285709446476,7.836296905768933,83.1384289049442,133.37892331421398,2.5120247204634887,3.7952499452192443,1.8371390308420563,1.0,0.6138750357694958,6.25
2906.57904628201,304.3762459625863,0.7,10000.0,0.9046425649873645,0.0403533075788998,0.0028823791127785573,14.411895563892786,124.5229947941123,21.131287378877587,103.3917074152347,103.39170740260496,31.46997976671124,777.6932647405122,148.1287886692952,210.4285709477645,7.787472784808664,83.26387327017717,133.37892331574392,2.5057525022783373,3.79405030094881,1.9735515454882413,1.0,0.6138750357697313,6.300000000000001
2906.5790463097137,304.37624596548744,0.7,10000.0,0.9046425649873645,0.04035330757929746,0.0028823791128069617,14.41189556403481,124.52299479417677,21.131287378964622,103.39170741521215,103.3917074045759,31.469979767004325,777.6932647409554,148.51694804694515,210.4285709503895,7.738952862930546,83.38900441618773,133.3789233170324,2.499495945042233,3.7928536520391827,2.020257022825881,1.0,0.6138750357699297,6.3500000000000005
2906.5790463330445,304.37624596793063,0.7,10000.0,0.9046425649873645,0.040353307579632354,0.0028823791128308822,14.411895564154412,124.52299479423105,21.131287379037918,103.39170741519314,103.39170740623571,31.469979767251147,777.6932647413288,148.90268899396807,210.42857095260013,7.690735244829007,83.51382312504539,133.37892331811742,2.493255009653601,3.791659991011961,1.9360081735762618,1.0,0.6138750357700968,6.4
2906.579046352693,304.3762459699882,0.7,10000.0,0.9046425649873645,0.040353307579914385,0.0028823791128510276,14.411895564255138,124.52299479427676,21.131287379099646,103.39170741517711,103.39170740763355,31.469979767459,777.6932647416431,149.2860265784163,210.4285709544619,7.642818047005697,83.63833017686702,133.3789233190312,2.4870296571082093,3.7904693104073144,1.7952081876628772,1.0,0.6138750357702375,6.45
2906.579046369239,304.37624597172095,0.7,10000.0,0.9046425649873645,0.04035330758015191,0.0028823791128679936,14.41189556433997,124.52299479431532,21.13128737915163,103.3917074151637,103.39170740881073,31.46997976763407,777.693264741908,149.66697577446095,210.42857095602974,7.595199397696099,83.76252634982168,133.3789233198008,2.480819848498956,3.7892816027839524,1.7222026014775933,1.0,0.6138750357703561,6.5
2906.5790463831745,304.37624597318023,0.7,10000.0,0.9046425649873645,0.04035330758035193,0.002882379112882281,14.411895564411404,124.52299479434772,21.131287379195406,103.39170741515233,103.39170740980214,31.469979767781485,777.6932647421307,150.04555146297662,210.4285709573501,7.547877436796686,83.88641242013554,133.37892332044888,2.474625545015667,3.7880968607190932,1.781465277729507,1.0,0.6138750357704558,6.550000000000001
2906.57904639491,304.3762459744092,0.7,10000.0,0.9046425649873645,0.04035330758052039,0.0028823791128943133,14.411895564471568,124.52299479437505,21.131287379232276,103.39170741514278,103.39170741063704,31.46997976790564,777.6932647423184,150.42176843212283,210.4285709584621,7.500850315792409,84.00998916209666,133.3789233209947,2.4684467079449015,3.786915076808424,1.9206592137002625,1.0,0.6138750357705398,6.6000000000000005
2906.5790464047936,304.3762459754442,0.7,10000.0,0.9046425649873645,0.04035330758066226,0.002882379112904447,14.411895564522236,124.52299479439803,21.131287379263327,103.3917074151347,103.39170741134018,31.469979768010198,777.6932647424767,150.79564137792153,210.42857095939857,7.45411619768463,84.13325734805983,133.37892332145432,2.4622832986697247,3.7857362436660718,2.016857231449509,1.0,0.6138750357706106,6.65
2906.5790464131173,304.37624597631583,0.7,10000.0,0.9046425649873645,0.04035330758078173,0.002882379112912981,14.411895564564906,124.52299479441741,21.131287379289475,103.39170741512794,103.39170741193234,31.46997976809826,777.6932647426099,151.16718490483115,210.42857096018724,7.407673256919512,84.25621774845142,133.37892332184146,2.456135278669502,3.78456035392456,1.9851033959961557,1.0,0.6138750357706703,6.7
2906.579046420127,304.37624597704985,0.7,10000.0,0.9046425649873645,0.04035330758088235,0.0028823791129201676,14.411895564600837,124.52299479443373,21.131287379311495,103.39170741512223,103.39170741243102,31.46997976817241,777.693264742722,151.5364135263171,210.42857096085143,7.3615196793167925,84.37887113177416,133.37892332216745,2.4500026095196645,3.783387400234771,1.85344066277123,1.0,0.6138750357707204,6.75
2906.57904642603,304.376245977668,0.7,10000.0,0.9046425649873645,0.04035330758096709,0.002882379112926221,14.411895564631104,124.52299479444751,21.13128737933004,103.39170741511748,103.39170741285098,31.46997976823488,777.6932647428165,151.9033416654186,210.42857096141086,7.315653661999033,84.50121826461195,133.37892332244206,2.443885252891506,3.782217375265907,1.738145134593922,1.0,0.6138750357707627,6.800000000000001
2906.579046431001,304.37624597818865,0.7,10000.0,0.9046425649873645,0.04035330758103846,0.0028823791129313184,14.411895564656593,124.52299479445908,21.131287379345657,103.39170741511342,103.39170741320467,31.469979768287473,777.6932647428958,152.26798365531212,210.4285709618819,7.270073413321221,84.62325991163465,133.37892332267324,2.43778317055193,3.781050271705448,1.7410384465268371,1.0,0.6138750357707984,6.8500000000000005
2906.579046435188,304.3762459786271,0.7,10000.0,0.9046425649873645,0.040353307581098556,0.002882379112935611,14.411895564678055,124.52299479446881,21.13128737935881,103.39170741511,103.39170741350254,31.46997976833176,777.6932647429632,152.63035373987123,210.42857096227863,7.224777152800925,84.74499683560285,133.378923322868,2.4316963243632572,3.779886082259111,1.8595654108911717,1.0,0.6138750357708284,6.9
2906.579046438714,304.37624597899634,0.7,10000.0,0.9046425649873645,0.04035330758114917,0.002882379112939226,14.411895564696131,124.522994794477,21.13128737936989,103.3917074151071,103.39170741375341,31.46997976836906,777.6932647430195,152.99046607422298,210.4285709626127,7.179763111048715,84.86642979737265,133.37892332303196,2.4256246762829656,3.7787247996508073,1.9890505948472077,1.0,0.6138750357708537,6.95
2906.579046441683,304.37624597930727,0.7,10000.0,0.9046425649873645,0.04035330758119179,0.0028823791129422706,14.411895564711354,124.52299479448392,21.131287379379216,103.3917074151047,103.39170741396464,31.469979768400478,777.6932647430671,153.34833472530087,210.428570962894,7.135029529699143,84.98755955590036,133.37892332317003,2.4195681883634834,3.7775664166226006,2.0151409665503897,1.0,0.6138750357708749,7.0
2906.5790464441843,304.37624597956915,0.7,10000.0,0.9046425649873645,0.040353307581227675,0.002882379112944834,14.41189556472417,124.52299479448972,21.131287379387075,103.39170741510264,103.39170741414254,31.469979768426924,777.6932647431071,153.70397367239428,210.42857096313094,7.090574661342082,85.10838686824732,133.37892332328633,2.41352682275195,3.7764109259346634,1.914795178390997,1.0,0.6138750357708928,7.050000000000001
2906.5790464462902,304.3762459797897,0.7,10000.0,0.9046425649873645,0.040353307581257915,0.002882379112946994,14.41189556473497,124.52299479449465,21.13128737939369,103.39170741510097,103.3917074142924,31.469979768449218,777.6932647431406,154.05739680769452,210.42857096333054,7.046396769454503,85.22891248958459,133.3789233233843,2.4075005416899855,3.7752583203652343,1.7766322118047768,1.0,0.6138750357709079,7.1000000000000005
2906.5790464480638,304.3762459799754,0.7,10000.0,0.9046425649873645,0.04035330758128337,0.0028823791129488118,14.411895564744059,124.52299479449876,21.13128737939926,103.39170741509949,103.39170741441855,31.46997976846797,777.693264743169,154.40861793683752,210.42857096349854,7.0024941283326285,85.34913717319762,133.37892332346678,2.401489307513458,3.774108592710575,1.7226687615391432,1.0,0.6138750357709206,7.15
2906.5790464495576,304.37624598013184,0.7,10000.0,0.9046425649873645,0.040353307581304815,0.002882379112950344,14.411895564751719,124.52299479450228,21.131287379403958,103.39170741509832,103.39170741452482,31.46997976848379,777.6932647431931,154.7576507794431,210.4285709636402,6.958865023024636,85.46906167049106,133.3789233235363,2.395493082652262,3.7729617357849254,1.8005618953403755,1.0,0.6138750357709313,7.2
2906.579046450815,304.37624598026355,0.7,10000.0,0.9046425649873645,0.04035330758132286,0.002882379112951633,14.411895564758167,124.52299479450515,21.131287379407908,103.39170741509724,103.3917074146143,31.469979768497076,777.693264743213,155.10450896965096,210.42857096375923,6.915507749263533,85.58868673099337,133.37892332359473,2.389511829630068,3.7718177424204606,1.9415213797245876,1.0,0.6138750357709403,7.25
2906.5790464518745,304.3762459803745,0.7,10000.0,0.9046425649873645,0.04035330758133807,0.0028823791129527197,14.411895564763599,124.52299479450764,21.131287379411233,103.3917074150964,103.39170741468969,31.469979768508296,777.6932647432301,155.44920605665308,210.4285709638597,6.872420613400827,85.70801310236155,133.37892332364405,2.383545511064125,3.7706766054672505,2.021060814058521,1.0,0.6138750357709478,7.300000000000001
2906.579046452767,304.37624598046796,0.7,10000.0,0.9046425649873645,0.04035330758135088,0.0028823791129536343,14.411895564768173,124.52299479450971,21.13128737941404,103.39170741509568,103.39170741475317,31.469979768517735,777.6932647432443,155.79175550522314,210.4285709639442,6.8296019323401325,85.82704153038577,133.37892332368554,2.3775940896649885,3.7695383177932085,1.9689360572974521,1.0,0.6138750357709543,7.3500000000000005
2906.5790464535185,304.3762459805466,0.7,10000.0,0.9046425649873645,0.040353307581361665,0.0028823791129544045,14.411895564772024,124.52299479451145,21.1312873794164,103.39170741509506,103.39170741480662,31.46997976852568,777.6932647432562,156.13217069624244,210.42857096401536,6.7870500334716155,85.9457727589941,133.37892332372044,2.3716575282363173,3.7684028722840544,1.8311803606213304,1.0,0.6138750357709596,7.4
2906.5790464541515,304.3762459806129,0.7,10000.0,0.9046425649873645,0.04035330758137075,0.0028823791129550533,14.411895564775268,124.52299479451293,21.13128737941839,103.39170741509454,103.39170741485165,31.469979768532376,777.6932647432665,156.4704649272226,210.4285709640754,6.7447632546066,86.06420753025706,133.3789233237499,2.365735789674641,3.7672702618432683,1.7294507444305536,1.0,0.6138750357709641,7.45
2906.5790464546844,304.3762459806687,0.7,10000.0,0.9046425649873645,0.04035330758137841,0.0028823791129556006,14.411895564778005,124.52299479451418,21.131287379420062,103.39170741509412,103.39170741488957,31.469979768538018,777.6932647432749,156.80665141282495,210.4285709641259,6.7027399439126185,86.18234658439238,133.3789233237747,2.359828836969116,3.766140479392045,1.7535882991511058,1.0,0.613875035770968,7.5
2906.5790464551333,304.37624598071574,0.7,10000.0,0.9046425649873645,0.04035330758138485,0.0028823791129560608,14.411895564780304,124.52299479451524,21.131287379421472,103.39170741509378,103.39170741492151,31.469979768542775,777.6932647432825,157.14074328537677,210.42857096416847,6.6609784598489625,86.30019065976948,133.3789233237956,2.353936633201305,3.7650135178692543,1.8822762803251962,1.0,0.6138750357709712,7.550000000000001
2906.579046455511,304.3762459807553,0.7,10000.0,0.9046425649873645,0.04035330758139027,0.0028823791129564476,14.411895564782238,124.5229947945161,21.13128737942266,103.39170741509344,103.39170741494839,31.46997976854676,777.6932647432882,157.4727535953843,210.4285709642042,6.6194771711024885,86.41774049291423,133.37892332381313,2.3480591415449448,3.763889370231394,2.0018656938202017,1.0,0.6138750357709739,7.6000000000000005
2906.579046455829,304.3762459807886,0.7,10000.0,0.9046425649873645,0.04035330758139483,0.0028823791129567737,14.411895564783869,124.52299479451683,21.131287379423657,103.39170741509318,103.39170741497101,31.46997976855013,777.6932647432933,157.8026953120424,210.42857096423432,6.57823445652399,86.53499681851346,133.37892332382793,2.3421963252657236,3.7627680294525447,2.0067428184878464,1.0,0.6138750357709762,7.65
2906.5790464560973,304.3762459808167,0.7,10000.0,0.9046425649873645,0.040353307581398684,0.0028823791129570487,14.411895564785244,124.52299479451747,21.1312873794245,103.39170741509298,103.3917074149901,31.46997976855297,777.6932647432975,158.13058132374135,210.4285709642598,6.537248705064805,86.65196036941958,133.3789233238404,2.3363481477210413,3.761649488524332,1.8926004897348043,1.0,0.6138750357709781,7.7
2906.579046456323,304.37624598084034,0.7,10000.0,0.9046425649873645,0.04035330758140194,0.002882379112957281,14.411895564786406,124.52299479451803,21.13128737942521,103.39170741509281,103.39170741500615,31.469979768555365,777.6932647433013,158.45642443857014,210.4285709642812,6.496518315713882,86.76863187665516,133.37892332385093,2.330514572359788,3.760533740455877,1.7602419118610348,1.0,0.6138750357709798,7.75
2906.579046456513,304.37624598086023,0.7,10000.0,0.9046425649873645,0.04035330758140465,0.002882379112957475,14.411895564787375,124.52299479451843,21.131287379425807,103.39170741509261,103.39170741501967,31.469979768557362,777.6932647433043,158.78023738481681,210.4285709642991,6.456041697435285,86.8850120694175,133.37892332385974,2.3246955627221118,3.759420778273757,1.7265577153266611,1.0,0.613875035770981,7.800000000000001
2906.579046456673,304.376245980877,0.7,10000.0,0.9046425649873645,0.040353307581406955,0.00288237911295764,14.411895564788198,124.52299479451881,21.13128737942631,103.3917074150925,103.39170741503106,31.46997976855906,777.6932647433068,159.10203281146576,210.42857096431433,6.415817269106071,87.00110167508316,133.37892332386718,2.318891082439201,3.758310595021958,1.8212956281200898,1.0,0.6138750357709822,7.8500000000000005
2906.5790464568076,304.3762459808911,0.7,10000.0,0.9046425649873645,0.04035330758140888,0.002882379112957777,14.411895564788885,124.52299479451911,21.13128737942673,103.39170741509238,103.39170741504063,31.46997976856048,777.6932647433088,159.42182328869174,210.42857096432706,6.3758434594544156,87.11690141921257,133.37892332387344,2.3131010952330433,3.757203183761835,1.960789184999574,1.0,0.6138750357709831,7.9
2906.5790464569213,304.376245980903,0.7,10000.0,0.9046425649873645,0.04035330758141051,0.0028823791129578935,14.411895564789466,124.52299479451936,21.13128737942709,103.39170741509227,103.3917074150487,31.469979768561675,777.6932647433108,159.7396213083509,210.4285709643378,6.336118706998363,87.2324120255545,133.3789233238787,2.30732556491621,3.756098537572068,2.0218465983661758,1.0,0.613875035770984,7.95
2906.579046457017,304.376245980913,0.7,10000.0,0.9046425649873645,0.04035330758141188,0.0028823791129579915,14.411895564789958,124.52299479451962,21.13128737942739,103.39170741509223,103.3917074150555,31.4699797685627,777.6932647433123,160.0554392844688,210.4285709643469,6.296641459984762,87.34763421605061,133.37892332388319,2.301564455391629,3.754996649548617,1.9505458658811858,1.0,0.6138750357709847,8.0
2906.5790464570973,304.3762459809214,0.7,10000.0,0.9046425649873645,0.040353307581413034,0.002882379112958074,14.41189556479037,124.52299479451982,21.13128737942764,103.39170741509218,103.39170741506122,31.469979768563555,777.6932647433138,160.36928955372528,210.42857096435455,6.2574101763286585,87.46256871083996,133.3789233238869,2.2958177306523475,3.7538975128046803,1.809855234167743,1.0,0.6138750357709852,8.05
2906.579046457165,304.3762459809285,0.7,10000.0,0.9046425649873645,0.04035330758141402,0.002882379112958144,14.41189556479072,124.52299479451996,21.131287379427853,103.3917074150921,103.39170741506605,31.46997976856426,777.6932647433144,160.68118437593637,210.42857096436097,6.2184233235530755,87.57721622826352,133.37892332389006,2.290085354781327,3.752801120470652,1.7240236707720438,1.0,0.6138750357709858,8.1
2906.579046457222,304.37624598093447,0.7,10000.0,0.9046425649873645,0.040353307581414824,0.002882379112958202,14.411895564791008,124.52299479452009,21.131287379428034,103.39170741509206,103.3917074150701,31.469979768564865,777.6932647433156,160.99113593453322,210.42857096436634,6.179679378729141,87.69157748486865,133.3789233238927,2.2843672919512032,3.7517074656940776,1.7688521228217682,1.0,0.6138750357709861,8.15
2906.57904645727,304.37624598093953,0.7,10000.0,0.9046425649873645,0.040353307581415525,0.0028823791129582517,14.411895564791259,124.52299479452019,21.131287379428187,103.391707415092,103.39170741507353,31.469979768565373,777.6932647433163,161.299156337038,210.42857096437086,6.141176828416608,87.80565319541357,133.37892332389495,2.2786635064240692,3.750616541639613,1.9047509686353141,1.0,0.6138750357709866,8.200000000000001
2906.579046457311,304.3762459809438,0.7,10000.0,0.9046425649873645,0.0403533075814161,0.002882379112958293,14.411895564791465,124.52299479452029,21.131287379428315,103.39170741509197,103.39170741507644,31.469979768565803,777.693264743317,161.60525761553683,210.42857096437476,6.102914168604741,87.91944407287184,133.37892332389686,2.2729739625512506,3.7495283414889795,2.0117030394863264,1.0,0.6138750357709868,8.25
2906.579046457345,304.3762459809474,0.7,10000.0,0.9046425649873645,0.04035330758141659,0.002882379112958328,14.41189556479164,124.52299479452034,21.13128737942842,103.39170741509193,103.39170741507887,31.469979768566162,777.6932647433176,161.90945172714984,210.42857096437797,6.064889904653516,88.03295082843681,133.37892332389842,2.2672986247730806,3.748442858440925,1.9952551068956468,1.0,0.613875035770987,8.3
2906.579046457374,304.3762459809504,0.7,10000.0,0.9046425649873645,0.04035330758141701,0.002882379112958358,14.411895564791791,124.52299479452046,21.131287379428514,103.39170741509194,103.39170741508092,31.46997976856648,777.6932647433181,162.21175055449817,210.42857096438078,6.027102551235327,88.14617417152608,133.3789233238998,2.2616374576186864,3.7473600857111764,1.869932932939003,1.0,0.6138750357709872,8.35
2906.5790464573984,304.37624598095294,0.7,10000.0,0.9046425649873645,0.040353307581417364,0.002882379112958383,14.411895564791918,124.52299479452051,21.13128737942859,103.39170741509193,103.39170741508266,31.469979768566738,777.6932647433184,162.5121659061682,210.42857096438308,5.98955063227686,88.25911480978591,133.37892332390095,2.2559904257057517,3.746280016532402,1.7464130462341383,1.0,0.6138750357709875,8.4
2906.5790464574184,304.37624598095505,0.7,10000.0,0.9046425649873645,0.04035330758141765,0.0028823791129584035,14.411895564792017,124.52299479452053,21.13128737942865,103.39170741509187,103.39170741508408,31.469979768566937,777.6932647433188,162.81070951717282,210.42857096438496,5.952232680901517,88.37177344909566,133.37892332390186,2.25035749374031,3.7452026441541664,1.7337803105729241,1.0,0.6138750357709876,8.450000000000001
2906.5790464574357,304.37624598095687,0.7,10000.0,0.9046425649873645,0.0403533075814179,0.0028823791129584213,14.411895564792106,124.52299479452057,21.131287379428706,103.39170741509187,103.39170741508532,31.469979768567125,777.693264743319,163.1073930494098,210.42857096438658,5.9151472393720965,88.48415079357218,133.37892332390265,2.2447386265165234,3.7441279618428887,1.8431911501225577,1.0,0.6138750357709877,8.5
2906.5790464574507,304.3762459809584,0.7,10000.0,0.9046425649873645,0.040353307581418106,0.002882379112958436,14.41189556479218,124.52299479452061,21.131287379428752,103.39170741509186,103.39170741508636,31.469979768567278,777.6932647433192,163.40222809211733,210.42857096438797,5.878292859033831,88.59624754557426,133.37892332390334,2.2391337889164538,3.7430559628818023,1.9780209091446572,1.0,0.6138750357709878,8.55
2906.5790464574625,304.37624598095965,0.7,10000.0,0.9046425649873645,0.04035330758141828,0.0028823791129584486,14.411895564792243,124.52299479452063,21.13128737942879,103.39170741509184,103.39170741508721,31.469979768567406,777.6932647433194,163.69522616232672,210.4285709643891,5.841668100257799,88.70806440570693,133.3789233239039,2.2335429459098486,3.7419866405709095,2.0191965679762265,1.0,0.6138750357709879,8.6
2906.579046457473,304.37624598096073,0.7,10000.0,0.9046425649873645,0.040353307581418425,0.002882379112958459,14.411895564792296,124.52299479452067,21.13128737942882,103.39170741509184,103.39170741508794,31.46997976856752,777.6932647433196,163.98639870531238,210.42857096439008,5.805271532384712,88.81960207282596,133.3789233239044,2.2279660625539215,3.7409199882269437,1.9303544182681822,1.0,0.6138750357709879,8.65
2906.5790464574816,304.37624598096164,0.7,10000.0,0.9046425649873645,0.04035330758141855,0.0028823791129584677,14.411895564792339,124.52299479452066,21.131287379428848,103.39170741509182,103.39170741508856,31.4699797685676,777.6932647433196,164.27575709503878,210.4285709643909,5.7691017336690145,88.93086124404212,133.37892332390476,2.222403103993132,3.739855999183324,1.7899541644347738,1.0,0.613875035770988,8.700000000000001
2906.5790464574884,304.3762459809624,0.7,10000.0,0.9046425649873645,0.040353307581418654,0.0028823791129584755,14.411895564792378,124.52299479452074,21.13128737942887,103.39170741509187,103.39170741508906,31.469979768567697,777.6932647433199,164.56331263460484,210.42857096439164,5.73315729122335,89.0418426147256,133.37892332390516,2.216854035458978,3.7387946667901146,1.7219883308780617,1.0,0.6138750357709881,8.75
2906.5790464574943,304.376245980963,0.7,10000.0,0.9046425649873645,0.040353307581418744,0.0028823791129584816,14.411895564792408,124.52299479452071,21.13128737942889,103.39170741509182,103.3917074150895,31.469979768567743,777.6932647433199,164.84907655668536,210.42857096439215,5.697436800963349,89.15254687851031,133.37892332390538,2.211318822269754,3.7377359844139857,1.7864799948064787,1.0,0.6138750357709881,8.8
2906.5790464574993,304.3762459809635,0.7,10000.0,0.9046425649873645,0.04035330758141881,0.0028823791129584863,14.411895564792433,124.52299479452073,21.131287379428905,103.39170741509182,103.39170741508984,31.469979768567796,777.69326474332,165.13306002396988,210.4285709643926,5.661938867552841,89.26297472729827,133.3789233239056,2.205797429830367,3.7366799454381696,1.926474243425809,1.0,0.6138750357709881,8.85
2906.579046457504,304.376245980964,0.7,10000.0,0.9046425649873645,0.04035330758141886,0.0028823791129584902,14.411895564792452,124.52299479452073,21.13128737942892,103.39170741509182,103.39170741509015,31.469979768567843,777.6932647433204,165.4152741295987,210.42857096439303,5.62666210434929,89.3731268512639,133.3789233239058,2.200289823632095,3.73562654326242,2.018337110169989,1.0,0.6138750357709881,8.9
2906.5790464575075,304.37624598096437,0.7,10000.0,0.9046425649873645,0.04035330758141893,0.002882379112958495,14.411895564792477,124.52299479452076,21.131287379428933,103.39170741509182,103.39170741509042,31.469979768567885,777.6932647433201,165.69572989759624,210.4285709643934,5.5916051333496455,89.48300393885833,133.378923323906,2.1947959692523837,3.7345757713029677,1.980941186536717,1.0,0.6138750357709882,8.950000000000001
2906.5790464575107,304.3762459809647,0.7,10000.0,0.9046425649873645,0.04035330758141897,0.002882379112958498,14.411895564792491,124.52299479452074,21.13128737942894,103.3917074150918,103.39170741509065,31.469979768567914,777.69326474332,165.97443828330157,210.42857096439366,5.556766585136511,89.59260667681372,133.37892332390612,2.1893158323546205,3.733527622992487,1.8473121604932177,1.0,0.6138750357709882,9.0
2906.5790464575134,304.376245980965,0.7,10000.0,0.9046425649873645,0.04035330758141901,0.0028823791129585006,14.411895564792504,124.52299479452074,21.131287379428947,103.39170741509179,103.39170741509085,31.469979768567942,777.6932647433204,166.25141017379644,210.4285709643939,5.522145098824684,89.70193575014753,133.37892332390624,2.1838493786879356,3.7324820917800463,1.7354626411370735,1.0,0.6138750357709882,9.05
2906.5790464575157,304.3762459809652,0.7,10000.0,0.9046425649873645,0.04035330758141904,0.0028823791129585032,14.411895564792516,124.52299479452077,21.131287379428954,103.39170741509182,103.39170741509099,31.469979768567974,777.6932647433205,166.52665638833057,210.42857096439417,5.4877393220079504,89.81099184216683,133.37892332390635,2.178396574086976,3.7314391711310715,1.7441709702427985,1.0,0.6138750357709882,9.1
2906.5790464575175,304.3762459809654,0.7,10000.0,0.9046425649873645,0.04035330758141908,0.0028823791129585054,14.411895564792529,124.5229947945208,21.13128737942896,103.39170741509184,103.3917074150911,31.469979768568,777.6932647433201,166.80018767874418,210.42857096439434,5.45354791070627,89.91977563447254,133.37892332390646,2.172957384471696,3.730398854527307,1.8657465085156126,1.0,0.6138750357709883,9.15
2906.579046457519,304.37624598096556,0.7,10000.0,0.9046425649873645,0.04035330758141909,0.0028823791129585067,14.411895564792534,124.5229947945208,21.13128737942897,103.39170741509183,103.39170741509123,31.469979768568013,777.6932647433202,167.07201472988808,210.42857096439454,5.419569529313307,90.02828780696373,133.37892332390655,2.1675317758471406,3.729361135466769,1.9928215163344898,1.0,0.6138750357709883,9.200000000000001
2906.5790464575207,304.37624598096573,0.7,10000.0,0.9046425649873645,0.04035330758141912,0.0028823791129585084,14.411895564792543,124.5229947945208,21.131287379428972,103.39170741509183,103.39170741509135,31.46997976856803,777.6932647433205,167.34214816004103,210.42857096439468,5.385802850544206,90.13652903784183,133.37892332390663,2.1621197143032402,3.7283260074637115,2.0131714743127564,1.0,0.6138750357709883,9.25
2906.5790464575216,304.37624598096585,0.7,10000.0,0.9046425649873645,0.040353307581419126,0.002882379112958509,14.411895564792546,124.52299479452077,21.131287379428976,103.39170741509179,103.39170741509142,31.469979768568027,777.6932647433206,167.6105985213245,210.4285709643947,5.3522465553837755,90.24450000361486,133.37892332390666,2.15672116601459,3.72729346404858,1.9088246011152334,1.0,0.6138750357709883,9.3
2906.579046457522,304.3762459809659,0.7,10000.0,0.9046425649873645,0.04035330758141913,0.0028823791129585093,14.411895564792548,124.52299479452077,21.131287379428976,103.39170741509179,103.39170741509146,31.469979768568034,777.6932647433205,167.8773763001149,210.42857096439477,5.3188993330349845,90.35220137910173,133.3789233239067,2.151336097240248,3.726263498767975,1.7719333812870897,1.0,0.6138750357709883,9.35
2906.5790464575225,304.37624598096596,0.7,10000.0,0.9046425649873645,0.040353307581419154,0.002882379112958511,14.411895564792555,124.52299479452083,21.13128737942898,103.39170741509184,103.39170741509149,31.469979768568056,777.6932647433206,168.14249191745307,210.4285709643949,5.2857598808677295,90.45963383743639,133.37892332390675,2.145964474323518,3.72523610518461,1.7233913848326163,1.0,0.6138750357709883,9.4
2906.5790464575234,304.376245980966,0.7,10000.0,0.9046425649873645,0.040353307581419154,0.002882379112958511,14.411895564792555,124.5229947945208,21.131287379428983,103.39170741509182,103.39170741509155,31.469979768568052,777.6932647433206,168.40595572945156,210.42857096439494,5.252826904367922,90.56679805007204,133.37892332390675,2.1406062636917356,3.7242112768772735,1.8060677983502331,1.0,0.6138750357709883,9.450000000000001
2906.579046457524,304.3762459809661,0.7,10000.0,0.9046425649873645,0.04035330758141916,0.0028823791129585115,14.411895564792559,124.5229947945208,21.131287379428983,103.39170741509182,103.39170741509157,31.46997976856806,777.6932647433204,168.66777802769903,210.42857096439496,5.220099117086992,90.67369468678537,133.37892332390678,2.1352614318560703,3.7231890074407836,1.9469481012752126,1.0,0.6138750357709883,9.5
2906.5790464575243,304.37624598096613,0.7,10000.0,0.9046425649873645,0.04035330758141917,0.002882379112958512,14.41189556479256,124.52299479452078,21.131287379428983,103.3917074150918,103.3917074150916,31.46997976856806,777.6932647433204,168.92796903966226,210.42857096439496,5.187575240591588,90.78032441568071,133.37892332390678,2.129929945411303,3.7221692904859527,2.0216158205476717,1.0,0.6138750357709883,9.55
2906.579046457525,304.3762459809662,0.7,10000.0,0.9046425649873645,0.04035330758141918,0.002882379112958513,14.411895564792566,124.5229947945208,21.131287379428983,103.39170741509182,103.39170741509166,31.46997976856807,777.6932647433205,169.18653892908577,210.42857096439505,5.15525400441366,90.8866879031942,133.37892332390683,2.1246117710356316,3.721152119639548,1.9641292021366357,1.0,0.6138750357709883,9.600000000000001
2906.5790464575252,304.37624598096625,0.7,10000.0,0.9046425649873645,0.04035330758141919,0.0028823791129585137,14.411895564792568,124.5229947945208,21.131287379428986,103.39170741509182,103.39170741509169,31.469979768568077,777.6932647433205,169.44349779638875,210.4285709643951,5.123134146000794,90.992785814098,133.37892332390683,2.119306875490442,3.720137488544247,1.825256750668446,1.0,0.6138750357709883,9.65
2906.579046457526,304.3762459809663,0.7,10000.0,0.9046425649873645,0.04035330758141919,0.0028823791129585137,14.411895564792568,124.52299479452078,21.13128737942899,103.39170741509179,103.39170741509172,31.469979768568074,777.6932647433205,169.69885567905962,210.42857096439516,5.091214410666943,91.09861881150438,133.37892332390683,2.114015225620123,3.7191253908586037,1.7276417332156302,1.0,0.6138750357709883,9.700000000000001
2906.579046457526,304.3762459809663,0.7,10000.0,0.9046425649873645,0.04035330758141919,0.0028823791129585137,14.411895564792568,124.52299479452078,21.13128737942899,103.39170741509179,103.39170741509172,31.469979768568074,777.6932647433205,169.95262255204813,210.42857096439516,5.05949355154338,91.20418755686993,133.37892332390683,2.1087367883518455,3.7181158202570024,1.7574914898887322,1.0,0.6138750357709883,9.75
2906.579046457526,304.3762459809663,0.7,10000.0,0.9046425649873645,0.04035330758141919,0.0028823791129585137,14.411895564792568,124.52299479452078,21.13128737942899,103.39170741509179,103.39170741509172,31.469979768568074,777.6932647433205,170.20480832815502,210.42857096439516,5.027970329530017,91.30949270999965,133.37892332390683,2.1034715306953595,3.717108770429624,1.8884446247379583,1.0,0.6138750357709883,9.8
2906.579046457526,304.3762459809663,0.7,10000.0,0.9046425649873645,0.04035330758141919,0.0028823791129585137,14.411895564792568,124.52299479452078,21.13128737942899,103.39170741509179,103.39170741509172,31.469979768568074,777.6932647433205,170.45542285841927,210.42857096439516,4.996643513246987,91.41453492905109,133.37892332390683,2.0982194197427875,3.7161042350824047,2.00485170462157,1.0,0.6138750357709883,9.850000000000001
2906.579046457526,304.3762459809663,0.7,10000.0,0.9046425649873645,0.04035330758141919,0.0028823791129585137,14.411895564792568,124.52299479452078,21.13128737942899,103.39170741509179,103.39170741509172,31.469979768568074,777.6932647433205,170.70447593250282,210.42857096439516,4.965511878986543,91.51931487053845,133.37892332390683,2.092980422668419,3.7151022079369946,2.0039094418007894,1.0,0.6138750357709883,9.9
2906.579046457526,304.3762459809663,0.7,10000.0,0.9046425649873645,0.04035330758141919,0.0028823791129585137,14.411895564792568,124.52299479452078,21.13128737942899,103.39170741509179,103.39170741509172,31.469979768568074,777.6932647433205,170.95197727907302,210.42857096439516,4.934574210665268,91.62383318933672,133.37892332390683,2.0877545067285057,3.7141026827307213,1.8864499825331444,1.0,0.6138750357709883,9.950000000000001
2906.579046457526,304.3762459809663,0.7,10000.0,0.9046425649873645,0.04035330758141919,0.0028823791129585137,14.411895564792568,124.52299479452078,21.13128737942899,103.39170741509179,103.39170741509172,31.469979768568074,777.6932647433205,171.19793656618273,210.42857096439516,4.903829299776554,91.72809053868573,133.37892332390683,2.0825416392610547,3.713105653216548,1.7562060087210518,1.0,0.6138750357709883,10.0
2906.579046457526,304.3762459809663,0.7,10000.0,0.9046425649873645,0.04035330758141919,0.0028823791129585137,14.411895564792568,124.52299479452078,21.13128737942899,103.39170741509179,103.39170741509172,31.469979768568074,777.6932647433205,171.44236340164787,210.42857096439516,4.873275945343412,91.83208757019425,133.37892332390683,2.0773417876856293,3.7121111131630387,1.7282006678350188,1.0,0.6138750357709883,10.05
2906.579046457526,304.3762459809663,0.7,10000.0,0.9046425649873645,0.04035330758141919,0.0028823791129585137,14.411895564792568,124.52299479452078,21.13128737942899,103.39170741509179,103.39170741509172,31.469979768568074,777.6932647433205,171.68526733342276,210.42857096439516,4.842912953871551,91.93582493384406,133.37892332390683,2.072154919503139,3.711119056354313,1.827166485767771,1.0,0.6138750357709883,10.100000000000001
2906.579046457526,304.3762459809663,0.7,10000.0,0.9046425649873645,0.04035330758141919,0.0028823791129585137,14.411895564792568,124.52299479452078,21.13128737942899,103.39170741509179,103.39170741509172,31.469979768568074,777.6932647433205,171.9266578499731,210.42857096439516,4.8127391393027565,92.03930327799404,133.37892332390683,2.06698100229564,3.7101294765900135,1.9657031818199067,1.0,0.6138750357709883,10.15
2906.579046457526,304.3762459809663,0.7,10000.0,0.9046425649873645,0.04035330758141919,0.0028823791129585137,14.411895564792568,124.52299479452078,21.13128737942899,103.39170741509179,103.39170741509172,31.469979768568074,777.6932647433205,172.1665443806467,210.42857096439516,4.782753322968556,92.14252324938415,133.37892332390683,2.061820003726134,3.709142367685264,2.021464006627759,1.0,0.6138750357709883,10.200000000000001
2906.579046457526,304.3762459809663,0.7,10000.0,0.9046425649873645,0.04035330758141919,0.0028823791129585137,14.411895564792568,124.52299479452078,21.13128737942899,103.39170741509179,103.39170741509172,31.469979768568074,777.6932647433205,172.40493629604163,210.42857096439516,4.752954333544192,92.24548549313957,133.37892332390683,2.0566718915383633,3.7081577234706296,1.9452045660960573,1.0,0.6138750357709883,10.25
2906.579046457526,304.3762459809663,0.7,10000.0,0.9046425649873645,0.04035330758141919,0.0028823791129585137,14.411895564792568,124.52299479452078,21.13128737942899,103.39170741509179,103.39170741509172,31.469979768568074,777.6932647433205,172.6418429083724,210.42857096439516,4.723341007002844,92.34819065277465,133.37892332390683,2.0515366335566094,3.707175537792081,1.804272320668188,1.0,0.6138750357709883,10.3
2906.579046457526,304.3762459809663,0.7,10000.0,0.9046425649873645,0.04035330758141919,0.0028823791129585137,14.411895564792568,124.52299479452078,21.13128737942899,103.39170741509179,103.39170741509172,31.469979768568074,777.6932647433205,172.8772734718337,210.42857096439516,4.693912186570184,92.45063937019697,133.37892332390683,2.0464141976854933,3.7061958045109553,1.7231296157006253,1.0,0.6138750357709883,10.350000000000001
2906.579046457526,304.3762459809663,0.7,10000.0,0.9046425649873645,0.04035330758141919,0.0028823791129585137,14.411895564792568,124.52299479452078,21.13128737942899,103.39170741509179,103.39170741509172,31.469979768568074,777.6932647433205,173.11123718296182,210.42857096439516,4.6646667226791685,92.55283228571135,133.37892332390683,2.041304551909774,3.705218517503915,1.7734364984605124,1.0,0.6138750357709883,10.4
2906.579046457526,304.3762459809663,0.7,10000.0,0.9046425649873645,0.04035330758141919,0.0028823791129585137,14.411895564792568,124.52299479452078,21.13128737942899,103.39170741509179,103.39170741509172,31.469979768568074,777.6932647433205,173.34374318099398,210.42857096439516,4.635603472925148,92.65477003802384,133.37892332390683,2.0362076642941496,3.7042436706629145,1.9107651476435579,1.0,0.6138750357709883,10.450000000000001
2906.579046457526,304.3762459809663,0.7,10000.0,0.9046425649873645,0.04035330758141919,0.0028823791129585137,14.411895564792568,124.52299479452078,21.13128737942899,103.39170741509179,103.39170741509172,31.469979768568074,777.6932647433205,173.5748005482253,210.42857096439516,4.606721302021231,92.75645326424574,133.37892332390683,2.0311235029830548,3.7032712578951568,2.0138356836166187,1.0,0.6138750357709883,10.5
2906.579046457526,304.3762459809663,0.7,10000.0,0.9046425649873645,0.04035330758141919,0.0028823791129585137,14.411895564792568,124.52299479452078,21.13128737942899,103.39170741509179,103.39170741509172,31.469979768568074,777.6932647433205,173.8044183103636,210.42857096439516,4.578019081753947,92.85788259989752,133.37892332390683,2.0260520362004657,3.7023012731230596,1.991622801237949,1.0,0.6138750357709883,10.55
2906.579046457526,304.3762459809663,0.7,10000.0,0.9046425649873645,0.04035330758141919,0.0028823791129585137,14.411895564792568,124.52299479452078,21.13128737942899,103.39170741509179,103.39170741509172,31.469979768568074,777.6932647433205,174.03260543688185,210.42857096439516,4.549495690939164,92.95905867891287,133.37892332390683,2.0209932322496984,3.7013337102842145,1.8637434975233589,1.0,0.6138750357709883,10.600000000000001
2906.579046457526,304.3762459809663,0.7,10000.0,0.9046425649873645,0.04035330758141919,0.0028823791129585137,14.411895564792568,124.52299479452078,21.13128737942899,103.39170741509179,103.39170741509172,31.469979768568074,777.6932647433205,174.25937084136874,210.42857096439516,4.5211500153783035,93.05998213364262,133.37892332390683,2.0159470595132105,3.700368563331351,1.743132594553788,1.0,0.6138750357709883,10.65
2906.579046457526,304.3762459809663,0.7,10000.0,0.9046425649873645,0.04035330758141919,0.0028823791129585137,14.411895564792568,124.52299479452078,21.13128737942899,103.39170741509179,103.39170741509172,31.469979768568074,777.6932647433205,174.4847233818767,210.42857096439516,4.492980947814807,93.16065359485869,133.37892332390683,2.010913486452407,3.6994058262322964,1.736305927747734,1.0,0.6138750357709883,10.700000000000001
2906.579046457526,304.3762459809663,0.7,10000.0,0.9046425649873645,0.04035330758141919,0.0028823791129585137,14.411895564792568,124.52299479452078,21.13128737942899,103.39170741509179,103.39170741509172,31.469979768568074,777.6932647433205,174.70867186126802,210.42857096439516,4.4649873878908934,93.26107369175803,133.37892332390683,2.0058924816074404,3.698445492969942,1.8492923726055346,1.0,0.6138750357709883,10.75
2906.579046457526,304.3762459809663,0.7,10000.0,0.9046425649873645,0.04035330758141919,0.0028823791129585137,14.411895564792568,124.52299479452078,21.13128737942899,103.39170741509179,103.39170741509172,31.469979768568074,777.6932647433205,174.9312250275586,210.42857096439516,4.437168242104569,93.36124305196657,133.37892332390683,2.0008840135970134,3.6974875575422024,1.9823095274643368,1.0,0.6138750357709883,10.8
2906.579046457526,304.3762459809663,0.7,10000.0,0.9046425649873645,0.04035330758141919,0.0028823791129585137,14.411895564792568,124.52299479452078,21.13128737942899,103.39170741509179,103.39170741509172,31.469979768568074,777.6932647433205,175.15239157425987,210.42857096439516,4.409522423766912,93.46116230154314,133.37892332390683,1.9958880511181847,3.696532013961976,2.0178851487217764,1.0,0.6138750357709883,10.850000000000001
2906.579046457526,304.3762459809663,0.7,10000.0,0.9046425649873645,0.04035330758141919,0.0028823791129585137,14.411895564792568,124.52299479452078,21.13128737942899,103.39170741509179,103.39170741509172,31.469979768568074,777.6932647433205,175.37218014071811,210.42857096439516,4.382048852959631,93.56083206498339,133.37892332390683,1.9909045629461724,3.6955788562571135,1.9246011230440987,1.0,0.6138750357709883,10.9
2906.579046457526,304.3762459809663,0.7,10000.0,0.9046425649873645,0.04035330758141919,0.0028823791129585137,14.411895564792568,124.52299479452078,21.13128737942899,103.39170741509179,103.39170741509172,31.469979768568074,777.6932647433205,175.59059931245218,210.42857096439516,4.354746456492872,93.66025296522365,133.37892332390683,1.9859335179341593,3.6946280784703758,1.784839935609822,1.0,0.6138750357709883,10.950000000000001
2906.579046457526,304.3762459809663,0.7,10000.0,0.9046425649873645,0.04035330758141919,0.0028823791129585137,14.411895564792568,124.52299479452078,21.13128737942899,103.39170741509179,103.39170741509172,31.469979768568074,777.6932647433205,175.80765762148874,210.42857096439516,4.327614167863302,93.75942562364487,133.37892332390683,1.980974885013098,3.6936796746593985,1.7220297282545067,1.0,0.6138750357709883,11.0
2906.579046457526,304.3762459809663,0.7,10000.0,0.9046425649873645,0.04035330758141919,0.0028823791129585137,14.411895564792568,124.52299479452078,21.13128737942899,103.39170741509179,103.39170741509172,31.469979768568074,777.6932647433205,176.0233635466956,210.42857096439516,4.300650927212445,93.85835066007651,133.37892332390683,1.976028633191516,3.692733638896656,1.791640458871996,1.0,0.6138750357709883,11.05
2906.579046457526,304.3762459809663,0.7,10000.0,0.9046425649873645,0.04035330758141919,0.0028823791129585137,14.411895564792568,124.52299479452078,21.13128737942899,103.39170741509179,103.39170741509172,31.469979768568074,777.6932647433205,176.2377255141129,210.42857096439516,4.2738556812852835,93.95702869280035,133.37892332390683,1.9710947315553242,3.69178996526942,1.932196382373974,1.0,0.6138750357709883,11.100000000000001
2906.579046457526,304.3762459809663,0.7,10000.0,0.9046425649873645,0.04035330758141919,0.0028823791129585137,14.411895564792568,124.52299479452078,21.13128737942899,103.39170741509179,103.39170741509172,31.469979768568074,777.6932647433205,176.45075189728223,210.42857096439516,4.2472273833891165,94.05546033855441,133.37892332390683,1.966173149267621,3.690848647879728,2.0195674968602235,1.0,0.6138750357709883,11.15
2906.579046457526,304.3762459809663,0.7,10000.0,0.9046425649873645,0.04035330758141919,0.0028823791129585137,14.411895564792568,124.52299479452078,21.13128737942899,103.39170741509179,103.39170741509172,31.469979768568074,777.6932647433205,176.66245101757377,210.42857096439516,4.220764993352674,94.15364621253681,133.37892332390683,1.961263855568501,3.6899096808443432,1.9765932221358007,1.0,0.6138750357709883,11.200000000000001
2906.579046457526,304.3762459809663,0.7,10000.0,0.9046425649873645,0.04035330758141919,0.0028823791129585137,14.411895564792568,124.52299479452078,21.13128737942899,103.39170741509179,103.39170741509172,31.469979768568074,777.6932647433205,176.87283114451134,210.42857096439516,4.194467477485478,94.25158692840958,133.37892332390683,1.9563668197748627,3.6889730582947187,1.8412256890700092,1.0,0.6138750357709883,11.25
2906.579046457526,304.3762459809663,0.7,10000.0,0.9046425649873645,0.04035330758141919,0.0028823791129585137,14.411895564792568,124.52299479452078,21.13128737942899,103.39170741509179,103.39170741509172,31.469979768568074,777.6932647433205,177.0819004960954,210.42857096439516,4.168333808537472,94.34928309830251,133.37892332390683,1.9514820112802163,3.68803877437696,1.733012844971614,1.0,0.6138750357709883,11.3
2906.579046457526,304.3762459809663,0.7,10000.0,0.9046425649873645,0.04035330758141919,0.0028823791129585137,14.411895564792568,124.52299479452078,21.13128737942899,103.39170741509179,103.39170741509172,31.469979768568074,777.6932647433205,177.28966723912404,210.42857096439516,4.14236296565889,94.44673533281697,133.37892332390683,1.946609399554493,3.6871068232517907,1.747521352624321,1.0,0.6138750357709883,11.350000000000001
2906.579046457526,304.3762459809663,0.7,10000.0,0.9046425649873645,0.04035330758141919,0.0028823791129585137,14.411895564792568,124.52299479452078,21.13128737942899,103.39170741509179,103.39170741509172,31.469979768568074,777.6932647433205,177.49613948951213,210.42857096439516,4.116553934360379,94.54394424102976,133.37892332390683,1.9417489541438535,3.686177199094512,1.8719382260108195,1.0,0.6138750357709883,11.4
2906.579046457526,304.3762459809663,0.7,10000.0,0.9046425649873645,0.04035330758141919,0.0028823791129585137,14.411895564792568,124.52299479452078,21.13128737942899,103.39170741509179,103.39170741509172,31.469979768568074,777.6932647433205,177.7013253126082,210.42857096439516,4.090905706473372,94.64091043049687,133.37892332390683,1.936900644670498,3.6852498960949704,1.9963864400640439,1.0,0.6138750357709883,11.450000000000001
2906.579046457526,304.3762459809663,0.7,10000.0,0.9046425649873645,0.04035330758141919,0.0028823791129585137,14.411895564792568,124.52299479452078,21.13128737942899,103.39170741509179,103.39170741509172,31.469979768568074,777.6932647433205,177.90523272350953,210.42857096439516,4.0654172801107045,94.7376345072573,133.37892332390683,1.9320644408324767,3.684324908457519,2.0109612916450508,1.0,0.6138750357709883,11.5
2906.579046457526,304.3762459809663,0.7,10000.0,0.9046425649873645,0.04035330758141919,0.0028823791129585137,14.411895564792568,124.52299479452078,21.13128737942899,103.39170741509179,103.39170741509172,31.469979768568074,777.6932647433205,178.10786968737528,210.42857096439516,4.040087659627485,94.83411707583683,133.37892332390683,1.9272403124035002,3.683402230400983,1.9027912040221202,1.0,0.6138750357709883,11.55
2906.579046457526,304.3762459809663,0.7,10000.0,0.9046425649873645,0.04035330758141919,0.0028823791129585137,14.411895564792568,124.52299479452078,21.13128737942899,103.39170741509179,103.39170741509172,31.469979768568074,777.6932647433205,178.30924411973766,210.42857096439516,4.014915855582188,94.93035873925184,133.37892332390683,1.9224282292327495,3.68248185615862,1.7674050801945294,1.0,0.6138750357709883,11.600000000000001
2906.579046457526,304.3762459809663,0.7,10000.0,0.9046425649873645,0.04035330758141919,0.0028823791129585137,14.411895564792568,124.52299479452078,21.13128737942899,103.39170741509179,103.39170741509172,31.469979768568074,777.6932647433205,178.509363886811,210.42857096439516,3.98990088469802,95.02636009901305,133.37892332390683,1.9176281612446893,3.681563779978089,1.7243672856426977,1.0,0.6138750357709883,11.65
2906.579046457526,304.3762459809663,0.7,10000.0,0.9046425649873645,0.04035330758141919,0.0028823791129585137,14.411895564792568,124.52299479452078,21.13128737942899,103.39170741509179,103.39170741509172,31.469979768568074,777.6932647433205,178.70823680579917,210.42857096439516,3.9650417698244986,95.12212175512924,133.37892332390683,1.9128400784388795,3.68064799612141,1.8116860478848982,1.0,0.6138750357709883,11.700000000000001
2906.579046457526,304.3762459809663,0.7,10000.0,0.9046425649873645,0.04035330758141919,0.0028823791129585137,14.411895564792568,124.52299479452078,21.13128737942899,103.39170741509179,103.39170741509172,31.469979768568074,777.6932647433205,178.90587064520085,210.42857096439516,3.9403375398992893,95.21764430611111,133.37892332390683,1.908063950889786,3.679734498864932,1.9522470208800968,1.0,0.6138750357709883,11.75
2906.579046457526,304.3762459809663,0.7,10000.0,0.9046425649873645,0.04035330758141919,0.0028823791129585137,14.411895564792568,124.52299479452078,21.13128737942899,103.39170741509179,103.39170741509172,31.469979768568074,777.6932647433205,179.10227312511302,210.42857096439516,3.9157872299102685,95.31292834897489,133.37892332390683,1.903299748746597,3.6788232824992937,2.021915743338089,1.0,0.6138750357709883,11.8
2906.579046457526,304.3762459809663,0.7,10000.0,0.9046425649873645,0.04035330758141919,0.0028823791129585137,14.411895564792568,124.52299479452078,21.13128737942899,103.39170741509179,103.39170741509172,31.469979768568074,777.6932647433205,179.2974519175325,210.42857096439516,3.891389880857833,95.40797447924616,133.37892332390683,1.8985474422330335,3.6779143413293895,1.9591652554864631,1.0,0.6138750357709883,11.850000000000001
2906.579046457526,304.3762459809663,0.7,10000.0,0.9046425649873645,0.04035330758141919,0.0028823791129585137,14.411895564792568,124.52299479452078,21.13128737942899,103.39170741509179,103.39170741509172,31.469979768568074,777.6932647433205,179.49141464665573,210.42857096439516,3.8671445397174296,95.50278329096355,133.37892332390683,1.8938070016471642,3.677007669674335,1.819412774772854,1.0,0.6138750357709883,11.9
2906.579046457526,304.3762459809663,0.7,10000.0,0.9046425649873645,0.04035330758141919,0.0028823791129585137,14.411895564792568,124.52299479452078,21.13128737942899,103.39170741509179,103.39170741509172,31.469979768568074,777.6932647433205,179.68416888917645,210.42857096439516,3.8430502594023395,95.59735537668244,133.37892332390683,1.8890783973612195,3.6761032618674285,1.7260787538139966,1.0,0.6138750357709883,11.950000000000001
2906.579046457526,304.3762459809663,0.7,10000.0,0.9046425649873645,0.04035330758141919,0.0028823791129585137,14.411895564792568,124.52299479452078,21.13128737942899,103.39170741509179,103.39170741509172,31.469979768568074,777.6932647433205,179.87572217458177,210.42857096439516,3.8191060987266745,95.69169132747868,133.37892332390683,1.8843615998214076,3.6752011122561186,1.7615898304232203,1.0,0.6138750357709883,12.0
2906.579046457526,304.3762459809663,0.7,10000.0,0.9046425649873645,0.04035330758141919,0.0028823791129585137,14.411895564792568,124.52299479452078,21.13128737942899,103.39170741509179,103.39170741509172,31.469979768568074,777.6932647433205,180.0660819854463,210.42857096439516,3.7953111223686093,95.78579173295225,133.37892332390683,1.8796565795477291,3.674301215201967,1.8945848929718392,1.0,0.6138750357709883,12.05
2906.579046457526,304.3762459809663,0.7,10000.0,0.9046425649873645,0.04035330758141919,0.0028823791129585137,14.411895564792568,124.52299479452078,21.13128737942899,103.39170741509179,103.39170741509172,31.469979768568074,777.6932647433205,180.25525575772429,210.42857096439516,3.77166440083386,95.87965718123101,133.37892332390683,1.874963307133791,3.673403565080615,2.007611208372705,1.0,0.6138750357709883,12.100000000000001
2906.579046457526,304.3762459809663,0.7,10000.0,0.9046425649873645,0.04035330758141919,0.0028823791129585137,14.411895564792568,124.52299479452078,21.13128737942899,103.39170741509179,103.39170741509172,31.469979768568074,777.6932647433205,180.4432508810403,210.42857096439516,3.7481650104193562,95.9732882589743,133.37892332390683,1.8702817532466263,3.672508156281746,2.000851163849704,1.0,0.6138750357709883,12.15
2906.579046457526,304.3762459809663,0.7,10000.0,0.9046425649873645,0.04035330758141919,0.0028823791129585137,14.411895564792568,124.52299479452078,21.13128737942899,103.39170741509179,103.39170741509172,31.469979768568074,777.6932647433205,180.63007469897778,210.42857096439516,3.724812033177173,96.0666855513767,133.37892332390683,1.865611888626507,3.671614983209052,1.8802747983635795,1.0,0.6138750357709883,12.200000000000001
2906.579046457526,304.3762459809663,0.7,10000.0,0.9046425649873645,0.04035330758141919,0.0028823791129585137,14.411895564792568,124.52299479452078,21.13128737942899,103.39170741509179,103.39170741509172,31.469979768568074,777.6932647433205,180.81573450936583,210.42857096439516,3.7016045568786673,96.15984964217154,133.37892332390683,1.8609536840867649,3.6707240402801977,1.7523674460364709,1.0,0.6138750357709883,12.25
2906.579046457526,304.3762459809663,0.7,10000.0,0.9046425649873645,0.04035330758141919,0.0028823791129585137,14.411895564792568,124.52299479452078,21.13128737942899,103.39170741509179,103.39170741509172,31.469979768568074,777.6932647433205,181.0002375645644,210.42857096439516,3.6785416749788453,96.25278111363471,133.37892332390683,1.856307110513606,3.6698353219267883,1.7300886996899938,1.0,0.6138750357709883,12.3
2906.579046457526,304.3762459809663,0.7,10000.0,0.9046425649873645,0.04035330758141919,0.0028823791129585137,14.411895564792568,124.52299479452078,21.13128737942899,103.39170741509179,103.39170741509172,31.469979768568074,777.6932647433205,181.18359107174757,210.42857096439516,3.655622486580949,96.34548054658822,133.37892332390683,1.8516721388659305,3.6689488225943303,1.833113723183543,1.0,0.6138750357709883,12.350000000000001
2906.579046457526,304.3762459809663,0.7,10000.0,0.9046425649873645,0.04035330758141919,0.0028823791129585137,14.411895564792568,124.52299479452078,21.13128737942899,103.39170741509179,103.39170741509172,31.469979768568074,777.6932647433205,181.36580219318503,210.42857096439516,3.6328460964012663,96.43794852040382,133.37892332390683,1.8470487401751505,3.6680645367422002,1.970457405086847,1.0,0.6138750357709883,12.4
2906.579046457526,304.3762459809663,0.7,10000.0,0.9046425649873645,0.04035330758141919,0.0028823791129585137,14.411895564792568,124.52299479452078,21.13128737942899,103.39170741509179,103.39170741509172,31.469979768568074,777.6932647433205,181.54687804652187,210.42857096439516,3.610211614734162,96.53018561300665,133.37892332390683,1.842436885545009,3.667182458843609,2.0208265898291753,1.0,0.6138750357709883,12.450000000000001
2906.579046457526,304.3762459809663,0.7,10000.0,0.9046425649873645,0.04035330758141919,0.0028823791129585137,14.411895564792568,124.52299479452078,21.13128737942899,103.39170741509179,103.39170741509172,31.469979768568074,777.6932647433205,181.72682570505663,210.42857096439516,3.587718157417317,96.62219240087883,133.37892332390683,1.8378365461514001,3.6663025833855656,1.9397384349802733,1.0,0.6138750357709883,12.5
2906.579046457526,304.3762459809663,0.7,10000.0,0.9046425649873645,0.04035330758141919,0.0028823791129585137,14.411895564792568,124.52299479452078,21.13128737942899,103.39170741509179,103.39170741509172,31.469979768568074,777.6932647433205,181.9056521980176,210.42857096439516,3.5653648457971947,96.7139694590631,133.37892332390683,1.8332476932421868,3.6654249048688468,1.7988048126314948,1.0,0.6138750357709883,12.55
2906.579046457526,304.3762459809663,0.7,10000.0,0.9046425649873645,0.04035330758141919,0.0028823791129585137,14.411895564792568,124.52299479452078,21.13128737942899,103.39170741509179,103.39170741509172,31.469979768568074,777.6932647433205,182.0833645108374,210.42857096439516,3.543150806694719,96.80551736116635,133.37892332390683,1.828670298137024,3.6645494178079585,1.7224892841477841,1.0,0.6138750357709883,12.600000000000001
2906.579046457526,304.3762459809663,0.7,10000.0,0.9046425649873645,0.04035330758141919,0.0028823791129585137,14.411895564792568,124.52299479452078,21.13128737942899,103.39170741509179,103.39170741509172,31.469979768568074,777.6932647433205,182.25996958542586,210.42857096439516,3.5210751723711624,96.89683667936329,133.37892332390683,1.824104332227177,3.663676116731104,1.778188843264397,1.0,0.6138750357709883,12.65
2906.579046457526,304.3762459809663,0.7,10000.0,0.9046425649873645,0.04035330758141919,0.0028823791129585137,14.411895564792568,124.52299479452078,21.13128737942899,103.39170741509179,103.39170741509172,31.469979768568074,777.6932647433205,182.43547432044116,210.42857096439516,3.4991370804942505,96.98792798439995,133.37892332390683,1.8195497669753444,3.6628049961801485,1.9167132018258948,1.0,0.6138750357709883,12.700000000000001
2906.579046457526,304.3762459809663,0.7,10000.0,0.9046425649873645,0.04035330758141919,0.0028823791129585137,14.411895564792568,124.52299479452078,21.13128737942899,103.39170741509179,103.39170741509172,31.469979768568074,777.6932647433205,182.60988557155932,210.42857096439516,3.4773356741044807,97.07879184559727,133.37892332390683,1.8150065739154784,3.661936050710586,2.0157265061517844,1.0,0.6138750357709883,12.75
2906.579046457526,304.3762459809663,0.7,10000.0,0.9046425649873645,0.04035330758141919,0.0028823791129585137,14.411895564792568,124.52299479452078,21.13128737942899,103.39170741509179,103.39170741509172,31.469979768568074,777.6932647433205,182.783210151742,210.42857096439516,3.455670101581646,97.16942883085468,133.37892332390683,1.8104747246526074,3.661069274891504,1.9877865385969362,1.0,0.6138750357709883,12.8
2906.579046457526,304.3762459809663,0.7,10000.0,0.9046425649873645,0.04035330758141919,0.0028823791129585137,14.411895564792568,124.52299479452078,21.13128737942899,103.39170741509179,103.39170741509172,31.469979768568074,777.6932647433205,182.95545483150266,210.42857096439516,3.4341395166115625,97.25983950665365,133.37892332390683,1.8059541908626593,3.660204663305551,1.8575680915093613,1.0,0.6138750357709883,12.850000000000001
2906.579046457526,304.3762459809663,0.7,10000.0,0.9046425649873645,0.04035330758141919,0.0028823791129585137,14.411895564792568,124.52299479452078,21.13128737942899,103.39170741509179,103.39170741509172,31.469979768568074,777.6932647433205,183.12662633917103,210.42857096439516,3.4127430781530173,97.35002443806118,133.37892332390683,1.8014449442922824,3.6593422105489024,1.7400717687890832,1.0,0.6138750357709883,12.9
2906.579046457526,304.3762459809663,0.7,10000.0,0.9046425649873645,0.04035330758141919,0.0028823791129585137,14.411895564792568,124.52299479452078,21.13128737942899,103.39170741509179,103.39170741509172,31.469979768568074,777.6932647433205,183.29673136115588,210.42857096439516,3.3914799504049107,97.43998418873339,133.37892332390683,1.796946956758672,3.658481911231225,1.739062807782093,1.0,0.6138750357709883,12.950000000000001
2906.579046457526,304.3762459809663,0.7,10000.0,0.9046425649873645,0.04035330758141919,0.0028823791129585137,14.411895564792568,124.52299479452078,21.13128737942899,103.39170741509179,103.39170741509172,31.469979768568074,777.6932647433205,183.46577654220624,210.42857096439516,3.370349302773615,97.52971932091901,133.37892332390683,1.792460200149391,3.657623759975645,1.8554322583183362,1.0,0.6138750357709883,13.0
2906.579046457526,304.3762459809663,0.7,10000.0,0.9046425649873645,0.04035330758141919,0.0028823791129585137,14.411895564792568,124.52299479452078,21.13128737942899,103.39170741509179,103.39170741509172,31.469979768568074,777.6932647433205,183.63376848567103,210.42857096439516,3.349350309840517,97.61923039546292,133.37892332390683,1.7879846464221956,3.6567677514187147,1.9864100644914964,1.0,0.6138750357709883,13.05
2906.579046457526,304.3762459809663,0.7,10000.0,0.9046425649873645,0.04035330758141919,0.0028823791129585137,14.411895564792568,124.52299479452078,21.13128737942899,103.39170741509179,103.39170741509172,31.469979768568074,777.6932647433205,183.80071375375687,210.42857096439516,3.328482151329787,97.70851797180963,133.37892332390683,1.7835202676048603,3.6559138802103783,2.0163250050248256,1.0,0.6138750357709883,13.100000000000001
2906.579046457526,304.3762459809663,0.7,10000.0,0.9046425649873645,0.04035330758141919,0.0028823791129585137,14.411895564792568,124.52299479452078,21.13128737942899,103.39170741509179,103.39170741509172,31.469979768568074,777.6932647433205,183.96661886778455,210.42857096439516,3.307744012076327,97.79758260800676,133.37892332390683,1.7790670357950034,3.655062141013937,1.9187581177518398,1.0,0.6138750357709883,13.15
2906.579046457526,304.3762459809663,0.7,10000.0,0.9046425649873645,0.04035330758141919,0.0028823791129585137,14.411895564792568,124.52299479452078,21.13128737942899,103.39170741509179,103.39170741509172,31.469979768568074,777.6932647433205,184.13149030844366,210.42857096439516,3.287135081993938,97.8864248607086,133.37892332390683,1.7746249231599116,3.6542125285060187,1.7798742372869218,1.0,0.6138750357709883,13.200000000000001
2906.579046457526,304.3762459809663,0.7,10000.0,0.9046425649873645,0.04035330758141919,0.0028823791129585137,14.411895564792568,124.52299479452078,21.13128737942899,103.39170741509179,103.39170741509172,31.469979768568074,777.6932647433205,184.2953345160458,210.42857096439516,3.266654556043669,97.97504528517952,133.37892332390683,1.7701939019363657,3.6533650373765423,1.7223267240614728,1.0,0.6138750357709883,13.25
2906.579046457526,304.3762459809663,0.7,10000.0,0.9046425649873645,0.04035330758141919,0.0028823791129585137,14.411895564792568,124.52299479452078,21.13128737942899,103.39170741509179,103.39170741509172,31.469979768568074,777.6932647433205,184.45815789077622,210.42857096439516,3.246301634202368,98.06344443529744,133.37892332390683,1.7657739444304696,3.652519662328685,1.7969378611075018,1.0,0.6138750357709883,13.3
2906.579046457526,304.3762459809663,0.7,10000.0,0.9046425649873645,0.04035330758141919,0.0028823791129585137,14.411895564792568,124.52299479452078,21.13128737942899,103.39170741509179,103.39170741509172,31.469979768568074,777.6932647433205,184.61996679294364,210.42857096439516,3.22607552143144,98.15162286355735,133.37892332390683,1.7613650230174742,3.651676398078851,1.9378158641971635,1.0,0.6138750357709883,13.350000000000001
2906.579046457526,304.3762459809663,0.7,10000.0,0.9046425649873645,0.04035330758141919,0.0028823791129585137,14.411895564792568,124.52299479452078,21.13128737942899,103.39170741509179,103.39170741509172,31.469979768568074,777.6932647433205,184.7807675432289,210.42857096439516,3.2059754276457824,98.2395811210747,133.37892332390683,1.7569671101416062,3.650835239356635,2.020546291338099,1.0,0.6138750357709883,13.4
2906.579046457526,304.3762459809663,0.7,10000.0,0.9046425649873645,0.04035330758141919,0.0028823791129585137,14.411895564792568,124.52299479452078,21.13128737942899,103.39170741509179,103.39170741509172,31.469979768568074,777.6932647433205,184.94056642293177,210.42857096439516,3.1860005676829246,98.32731975758891,133.37892332390683,1.752580178315896,3.6499961809047927,1.972066920587567,1.0,0.6138750357709883,13.450000000000001
2906.579046457526,304.3762459809663,0.7,10000.0,0.9046425649873645,0.04035330758141919,0.0028823791129585137,14.411895564792568,124.52299479452078,21.13128737942899,103.39170741509179,103.39170741509172,31.469979768568074,777.6932647433205,185.0993696742163,210.42857096439516,3.166150161272359,98.41483932146673,133.37892332390683,1.748204200122005,3.6491592174792062,1.8351916315280263,1.0,0.6138750357709883,13.5
2906.579046457526,304.3762459809663,0.7,10000.0,0.9046425649873645,0.04035330758141919,0.0028823791129585137,14.411895564792568,124.52299479452078,21.13128737942899,103.39170741509179,103.39170741509172,31.469979768568074,777.6932647433205,185.25718350035467,210.42857096439516,3.1464234330050616,98.50214035970572,133.37892332390683,1.7438391482100557,3.6483243438488513,1.7307999251280048,1.0,0.6138750357709883,13.55
2906.579046457526,304.3762459809663,0.7,10000.0,0.9046425649873645,0.04035330758141919,0.0028823791129585137,14.411895564792568,124.52299479452078,21.13128737942899,103.39170741509179,103.39170741509172,31.469979768568074,777.6932647433205,185.41401406596955,210.42857096439516,3.1268196123032013,98.58922341793765,133.37892332390683,1.7394849952984592,3.647491554795765,1.7510838797501542,1.0,0.6138750357709883,13.600000000000001
2906.579046457526,304.3762459809663,0.7,10000.0,0.9046425649873645,0.04035330758141919,0.0028823791129585137,14.411895564792568,124.52299479452078,21.13128737942899,103.39170741509179,103.39170741509172,31.469979768568074,777.6932647433205,185.56986749727483,210.42857096439516,3.107337933390042,98.67608904043192,133.37892332390683,1.7351417141737457,3.6466608451150124,1.8781300040021227,1.0,0.6138750357709883,13.65
2906.579046457526,304.3762459809663,0.7,10000.0,0.9046425649873645,0.04035330758141919,0.0028823791129585137,14.411895564792568,124.52299479452078,21.13128737942899,103.39170741509179,103.39170741509172,31.469979768568074,777.6932647433205,185.724749882315,210.42857096439516,3.087977635260021,98.76273777009895,133.37892332390683,1.730809277690394,3.6458322096146563,1.9997392866154617,1.0,0.6138750357709883,13.700000000000001
2906.579046457526,304.3762459809663,0.7,10000.0,0.9046425649873645,0.04035330758141919,0.0028823791129585137,14.411895564792568,124.52299479452078,21.13128737942899,103.39170741509179,103.39170741509172,31.469979768568074,777.6932647433205,185.87866727120291,210.42857096439516,3.068737961649031,98.84917014849358,133.37892332390683,1.7264876587706623,3.645005643115722,2.008514187125094,1.0,0.6138750357709883,13.75
2906.579046457526,304.3762459809663,0.7,10000.0,0.9046425649873645,0.04035330758141919,0.0028823791129585137,14.411895564792568,124.52299479452078,21.13128737942899,103.39170741509179,103.39170741509172,31.469979768568074,777.6932647433205,186.03162567635616,210.42857096439516,3.049618161004876,98.93538671581848,133.37892332390683,1.7221768304044176,3.644181140452165,1.8967052746297892,1.0,0.6138750357709883,13.8
2906.579046457526,304.3762459809663,0.7,10000.0,0.9046425649873645,0.04035330758141919,0.0028823791129585137,14.411895564792568,124.52299479452078,21.13128737942899,103.39170741509179,103.39170741509172,31.469979768568074,777.6932647433205,186.18363107273188,210.42857096439516,3.03061748645791,99.02138801092745,133.37892332390683,1.717876765648969,3.6433586964708433,1.7630550295228693,1.0,0.6138750357709883,13.850000000000001
2906.579046457526,304.3762459809663,0.7,10000.0,0.9046425649873645,0.04035330758141919,0.0028823791129585137,14.411895564792568,124.52299479452078,21.13128737942899,103.39170741509179,103.39170741509172,31.469979768568074,777.6932647433205,186.3346893980602,210.42857096439516,3.0117351957918714,99.10717457132887,133.37892332390683,1.7135874376288982,3.6425383060314767,1.7255948002222652,1.0,0.6138750357709883,13.9
2906.579046457526,304.3762459809663,0.7,10000.0,0.9046425649873645,0.04035330758141919,0.0028823791129585137,14.411895564792568,124.52299479452078,21.13128737942899,103.39170741509179,103.39170741509172,31.469979768568074,777.6932647433205,186.48480655307614,210.42857096439516,2.992970551414878,99.19274693318903,133.37892332390683,1.7093088195358903,3.6417199640066236,1.8174070653491414,1.0,0.6138750357709883,13.950000000000001
2906.579046457526,304.3762459809663,0.7,10000.0,0.9046425649873645,0.04035330758141919,0.0028823791129585137,14.411895564792568,124.52299479452078,21.13128737942899,103.39170741509179,103.39170741509172,31.469979768568074,777.6932647433205,186.6339884017502,210.42857096439516,2.9743228203306202,99.27810563133546,133.37892332390683,1.7050408846285685,3.640903665281644,1.957409104511763,1.0,0.6138750357709883,14.0
2906.579046457526,304.3762459809663,0.7,10000.0,0.9046425649873645,0.04035330758141919,0.0028823791129585137,14.411895564792568,124.52299479452078,21.13128737942899,103.39170741509179,103.39170741509172,31.469979768568074,777.6932647433205,186.78224077151728,210.42857096439516,2.9557912741097354,99.36325119926032,133.37892332390683,1.7007836062323256,3.6400894047546677,2.021960071032594,1.0,0.6138750357709883,14.05
2906.579046457526,304.3762459809663,0.7,10000.0,0.9046425649873645,0.04035330758141919,0.0028823791129585137,14.411895564792568,124.52299479452078,21.13128737942899,103.39170741509179,103.39170741509172,31.469979768568074,777.6932647433205,186.92956945350443,210.42857096439516,2.937375188861342,99.44818416912366,133.37892332390683,1.6965369577391585,3.6392771773365635,1.9540526798592628,1.0,0.6138750357709883,14.100000000000001
2906.579046457526,304.3762459809663,0.7,10000.0,0.9046425649873645,0.04035330758141919,0.0028823791129585137,14.411895564792568,124.52299479452078,21.13128737942899,103.39170741509179,103.39170741509172,31.469979768568074,777.6932647433205,187.07598020275702,210.42857096439516,2.9190738452047675,99.53290507175684,133.37892332390683,1.6923009126074995,3.638466977950908,1.8136583956253165,1.0,0.6138750357709883,14.15
2906.579046457526,304.3762459809663,0.7,10000.0,0.9046425649873645,0.04035330758141919,0.0028823791129585137,14.411895564792568,124.52299479452078,21.13128737942899,103.39170741509179,103.39170741509172,31.469979768568074,777.6932647433205,187.2214787384636,210.42857096439516,2.900886528241447,99.61741443666577,133.37892332390683,1.6880754443620531,3.637658801533952,1.724764470768441,1.0,0.6138750357709883,14.200000000000001
2906.579046457526,304.3762459809663,0.7,10000.0,0.9046425649873645,0.04035330758141919,0.0028823791129585137,14.411895564792568,124.52299479452078,21.13128737942899,103.39170741509179,103.39170741509172,31.469979768568074,777.6932647433205,187.36607074417915,210.42857096439516,2.882812527527001,99.70171279203424,133.37892332390683,1.6838605265936295,3.6368526430345907,1.7658763342058477,1.0,0.6138750357709883,14.25
2906.579046457526,304.3762459809663,0.7,10000.0,0.9046425649873645,0.04035330758141919,0.0028823791129585137,14.411895564792568,124.52299479452078,21.13128737942899,103.39170741509179,103.39170741509172,31.469979768568074,777.6932647433205,187.50976186804735,210.42857096439516,2.864851137043477,99.78580066472726,133.37892332390683,1.6796561329589785,3.636048497414331,1.9006866176000488,1.0,0.6138750357709883,14.3
2906.579046457526,304.3762459809663,0.7,10000.0,0.9046425649873645,0.04035330758141919,0.0028823791129585137,14.411895564792568,124.52299479452078,21.13128737942899,103.39170741509179,103.39170741509172,31.469979768568074,777.6932647433205,187.65255772302095,210.42857096439516,2.847001655171777,99.86967858029432,133.37892332390683,1.6754622371806256,3.6352463596472586,2.0101395009114613,1.0,0.6138750357709883,14.350000000000001
2906.579046457526,304.3762459809663,0.7,10000.0,0.9046425649873645,0.04035330758141919,0.0028823791129585137,14.411895564792568,124.52299479452078,21.13128737942899,103.39170741509179,103.39170741509172,31.469979768568074,777.6932647433205,187.7944638870812,210.42857096439516,2.8292633846642445,99.95334706297264,133.37892332390683,1.6712788130467096,3.6344462247200116,1.9975731980344569,1.0,0.6138750357709883,14.4
2906.579046457526,304.3762459809663,0.7,10000.0,0.9046425649873645,0.04035330758141919,0.0028823791129585137,14.411895564792568,124.52299479452078,21.13128737942899,103.39170741509179,103.39170741509172,31.469979768568074,777.6932647433205,187.9354859034557,210.42857096439516,2.811635632617431,100.03680663569052,133.37892332390683,1.6671058344108154,3.633648087631743,1.8740854639490268,1.0,0.6138750357709883,14.450000000000001
2906.579046457526,304.3762459809663,0.7,10000.0,0.9046425649873645,0.04035330758141919,0.0028823791129585137,14.411895564792568,124.52299479452078,21.13128737942899,103.39170741509179,103.39170741509172,31.469979768568074,777.6932647433205,188.0756292808349,210.42857096439516,2.7941177104450325,100.12005782007057,133.37892332390683,1.6629432751918132,3.6328519433940945,1.7487327673171171,1.0,0.6138750357709883,14.5
2906.579046457526,304.3762459809663,0.7,10000.0,0.9046425649873645,0.04035330758141919,0.0028823791129585137,14.411895564792568,124.52299479452078,21.13128737942899,103.39170741509179,103.39170741509172,31.469979768568074,777.6932647433205,188.21489949358727,210.42857096439516,2.776708933850987,100.20310113643296,133.37892332390683,1.6587911093736936,3.632057787031161,1.7322185924425944,1.0,0.6138750357709883,14.55
2906.579046457526,304.3762459809663,0.7,10000.0,0.9046425649873645,0.04035330758141919,0.0028823791129585137,14.411895564792568,124.52299479452078,21.13128737942899,103.39170741509179,103.39170741509172,31.469979768568074,777.6932647433205,188.3533019819732,210.42857096439516,2.759408622802745,100.28593710379869,133.37892332390683,1.6546493110054072,3.631265613579463,1.839127202353578,1.0,0.6138750357709883,14.600000000000001
2906.579046457526,304.3762459809663,0.7,10000.0,0.9046425649873645,0.04035330758141919,0.0028823791129585137,14.411895564792568,124.52299479452078,21.13128737942899,103.39170741509179,103.39170741509172,31.469979768568074,777.6932647433205,188.49084215235752,210.42857096439516,2.742216101504706,100.36856623989281,133.37892332390683,1.6505178542007009,3.6304754180879137,1.9750437504838927,1.0,0.6138750357709883,14.65
2906.579046457526,304.3762459809663,0.7,10000.0,0.9046425649873645,0.04035330758141919,0.0028823791129585137,14.411895564792568,124.52299479452078,21.13128737942899,103.39170741509179,103.39170741509172,31.469979768568074,777.6932647433205,188.6275253774206,210.42857096439516,2.725130698371821,100.45098906114771,133.37892332390683,1.6463967131379562,3.629687195617789,2.0199354345341356,1.0,0.6138750357709883,14.700000000000001
2906.579046457526,304.3762459809663,0.7,10000.0,0.9046425649873645,0.04035330758141919,0.0028823791129585137,14.411895564792568,124.52299479452078,21.13128737942899,103.39170741509179,103.39170741509172,31.469979768568074,777.6932647433205,188.76335699636832,210.42857096439516,2.708151746003356,100.53320608270627,133.37892332390683,1.642285862060028,3.628900941242696,1.9341567903526027,1.0,0.6138750357709883,14.75
2906.579046457526,304.3762459809663,0.7,10000.0,0.9046425649873645,0.04035330758141919,0.0028823791129585137,14.411895564792568,124.52299479452078,21.13128737942899,103.39170741509179,103.39170741509172,31.469979768568074,777.6932647433205,188.89834231514055,210.42857096439516,2.6912785811568263,100.61521781842515,133.37892332390683,1.638185275274084,3.628116650048542,1.7934620302133746,1.0,0.6138750357709883,14.8
2906.579046457526,304.3762459809663,0.7,10000.0,0.9046425649873645,0.04035330758141919,0.0028823791129585137,14.411895564792568,124.52299479452078,21.13128737942899,103.39170741509179,103.39170741509172,31.469979768568074,777.6932647433205,189.03248660661848,210.42857096439516,2.674510544722086,100.69702478087797,133.37892332390683,1.6340949271514433,3.6273343171335046,1.7221037676546527,1.0,0.6138750357709883,14.850000000000001
2906.579046457526,304.3762459809663,0.7,10000.0,0.9046425649873645,0.04035330758141919,0.0028823791129585137,14.411895564792568,124.52299479452078,21.13128737942899,103.39170741509179,103.39170741509172,31.469979768568074,777.6932647433205,189.16579511083054,210.42857096439516,2.6578469816955774,100.77862748135851,133.37892332390683,1.630014792127416,3.626553937608,1.7831010562059704,1.0,0.6138750357709883,14.9
2906.579046457526,304.3762459809663,0.7,10000.0,0.9046425649873645,0.04035330758141919,0.0028823791129585137,14.411895564792568,124.52299479452078,21.13128737942899,103.39170741509179,103.39170741509172,31.469979768568074,777.6932647433205,189.29827303515714,210.42857096439516,2.641287241154753,100.86002642988392,133.37892332390683,1.6259448447011458,3.6257755065946546,1.9225849919097313,1.0,0.6138750357709883,14.950000000000001
2906.579046457526,304.3762459809663,0.7,10000.0,0.9046425649873645,0.04035330758141919,0.0028823791129585137,14.411895564792568,124.52299479452078,21.13128737942899,103.39170741509179,103.39170741509172,31.469979768568074,777.6932647433205,189.42992555453404,210.42857096439516,2.6248306762326408,100.94122213519788,133.37892332390683,1.621885059435448,3.6249990192282717,2.0173722839261807,1.0,0.6138750357709883,15.0
2906.579046457526,304.3762459809663,0.7,10000.0,0.9046425649873645,0.04035330758141919,0.0028823791129585137,14.411895564792568,124.52299479452078,21.13128737942899,103.39170741509179,103.39170741509172,31.469979768568074,777.6932647433205,189.56075781165453,210.42857096439516,2.6084766440925797,101.02221510477382,133.37892332390683,1.6178354109566506,3.624224470655802,1.9837528583929545,1.0,0.6138750357709883,15.05
2906.579046457526,304.3762459809663,0.7,10000.0,0.9046425649873645,0.04035330758141919,0.0028823791129585137,14.411895564792568,124.52299479452078,21.13128737942899,103.39170741509179,103.39170741509172,31.469979768568074,777.6932647433205,189.69077491717027,210.42857096439516,2.5922245059031113,101.10300584481807,133.37892332390683,1.613795873954438,3.623451856036316,1.8514172416952588,1.0,0.6138750357709883,15.100000000000001
2906.579046457526,304.3762459809663,0.7,10000.0,0.9046425649873645,0.04035330758141919,0.0028823791129585137,14.411895564792568,124.52299479452078,21.13128737942899,103.39170741509179,103.39170741509172,31.469979768568074,777.6932647433205,189.819981949891,210.42857096439516,2.57607362681302,101.183594860273,133.37892332390683,1.6097664231816915,3.6226811705409676,1.7372357865219659,1.0,0.6138750357709883,15.15
2906.579046457526,304.3762459809663,0.7,10000.0,0.9046425649873645,0.04035330758141919,0.0028823791129585137,14.411895564792568,124.52299479452078,21.13128737942899,103.39170741509179,103.39170741509172,31.469979768568074,777.6932647433205,189.94838395698284,210.42857096439516,2.5600233759265407,101.26398265482024,133.37892332390683,1.6057470334543296,3.6219124093529715,1.7420462512153003,1.0,0.6138750357709883,15.200000000000001
2906.579046457526,304.3762459809663,0.7,10000.0,0.9046425649873645,0.04035330758141919,0.0028823791129585137,14.411895564792568,124.52299479452078,21.13128737942899,103.39170741509179,103.39170741509172,31.469979768568074,777.6932647433205,190.07598595416553,210.42857096439516,2.544073126278704,101.34416973088375,133.37892332390683,1.6017376796511542,3.621145567667568,1.8616003410278874,1.0,0.6138750357709883,15.25
2906.579046457526,304.3762459809663,0.7,10000.0,0.9046425649873645,0.04035330758141919,0.0028823791129585137,14.411895564792568,124.52299479452078,21.13128737942899,103.39170741509179,103.39170741509172,31.469979768568074,777.6932647433205,190.2027929259083,210.42857096439516,2.5282222548108564,101.42415658963303,133.37892332390683,1.5977383367136901,3.6203806406919927,1.9903155303293656,1.0,0.6138750357709883,15.3
2906.579046457526,304.3762459809663,0.7,10000.0,0.9046425649873645,0.04035330758141919,0.0028823791129585137,14.411895564792568,124.52299479452078,21.13128737942899,103.39170741509179,103.39170741509172,31.469979768568074,777.6932647433205,190.32880982562463,210.42857096439516,2.5124701423463165,101.5039437309862,133.37892332390683,1.593748979646032,3.6196176236454503,2.014518796350342,1.0,0.6138750357709883,15.350000000000001
2906.579046457526,304.3762459809663,0.7,10000.0,0.9046425649873645,0.04035330758141919,0.0028823791129585137,14.411895564792568,124.52299479452078,21.13128737942899,103.39170741509179,103.39170741509172,31.469979768568074,777.6932647433205,190.45404157586566,210.42857096439516,2.496816173566188,101.58353165361315,133.37892332390683,1.5897695835146841,3.6188565117590823,1.9128353625440329,1.0,0.6138750357709883,15.4
2906.579046457526,304.3762459809663,0.7,10000.0,0.9046425649873645,0.04035330758141919,0.0028823791129585137,14.411895564792568,124.52299479452078,21.13128737942899,103.39170741509179,103.39170741509172,31.469979768568074,777.6932647433205,190.57849306851259,210.42857096439516,2.481259736985322,101.66292085493866,133.37892332390683,1.5858001234484085,3.618097300275936,1.7750655341351909,1.0,0.6138750357709883,15.450000000000001
2906.579046457526,304.3762459809663,0.7,10000.0,0.9046425649873645,0.04035330758141919,0.0028823791129585137,14.411895564792568,124.52299479452078,21.13128737942899,103.39170741509179,103.39170741509172,31.469979768568074,777.6932647433205,190.70216916496764,210.42857096439516,2.46580022492844,101.74211183114551,133.37892332390683,1.5818405746380662,3.617339984450938,1.7228788120323133,1.0,0.6138750357709883,15.5
2906.579046457526,304.3762459809663,0.7,10000.0,0.9046425649873645,0.04035330758141919,0.0028823791129585137,14.411895564792568,124.52299479452078,21.13128737942899,103.39170741509179,103.39170741509172,31.469979768568074,777.6932647433205,190.8250746963441,210.42857096439516,2.4504370335063825,101.82110507717753,133.37892332390683,1.5778909123364648,3.616584559550861,1.8023631714157484,1.0,0.6138750357709883,15.55
2906.579046457526,304.3762459809663,0.7,10000.0,0.9046425649873645,0.04035330758141919,0.0028823791129585137,14.411895564792568,124.52299479452078,21.13128737942899,103.39170741509179,103.39170741509172,31.469979768568074,777.6932647433205,190.9472144636549,210.42857096439516,2.4351695625925345,101.89990108674279,133.37892332390683,1.5739511118582024,3.6158310208542974,1.9433231097730352,1.0,0.6138750357709883,15.600000000000001
2906.579046457526,304.3762459809663,0.7,10000.0,0.9046425649873645,0.04035330758141919,0.0028823791129585137,14.411895564792568,124.52299479452078,21.13128737942899,103.39170741509179,103.39170741509172,31.469979768568074,777.6932647433205,191.0685932380002,210.42857096439516,2.41999721579937,101.97850035231659,133.37892332390683,1.5700211485795124,3.6150793636516285,2.02127182512364,1.0,0.6138750357709883,15.65
2906.579046457526,304.3762459809663,0.7,10000.0,0.9046425649873645,0.04035330758141919,0.0028823791129585137,14.411895564792568,124.52299479452078,21.13128737942899,103.39170741509179,103.39170741509172,31.469979768568074,777.6932647433205,191.18921576075385,210.42857096439516,2.4049194004551637,102.0569033651446,133.37892332390683,1.5661009979381113,3.6143295832449933,1.9673699975475136,1.0,0.6138750357709883,15.700000000000001
2906.579046457526,304.3762459809663,0.7,10000.0,0.9046425649873645,0.04035330758141919,0.0028823791129585137,14.411895564792568,124.52299479452078,21.13128737942899,103.39170741509179,103.39170741509172,31.469979768568074,777.6932647433205,191.30908674374845,210.42857096439516,2.389935527580839,102.13511061524592,133.37892332390683,1.5621906354330455,3.613581674948262,1.8292202736835206,1.0,0.6138750357709883,15.75
2906.579046457526,304.3762459809663,0.7,10000.0,0.9046425649873645,0.04035330758141919,0.0028823791129585137,14.411895564792568,124.52299479452078,21.13128737942899,103.39170741509179,103.39170741509172,31.469979768568074,777.6932647433205,191.42821086945952,210.42857096439516,2.3750450118669555,102.2131225914161,133.37892332390683,1.558290036624537,3.6128356340870065,1.7288276538086302,1.0,0.6138750357709883,15.8
2906.579046457526,304.3762459809663,0.7,10000.0,0.9046425649873645,0.04035330758141919,0.0028823791129585137,14.411895564792568,124.52299479452078,21.13128737942899,103.39170741509179,103.39170741509172,31.469979768568074,777.6932647433205,191.54659279118837,210.42857096439516,2.3602472716508487,102.29093978123025,133.37892332390683,1.554399177133829,3.612091455998467,1.7548524788418012,1.0,0.6138750357709883,15.850000000000001
2906.579046457526,304.3762459809663,0.7,10000.0,0.9046425649873645,0.04035330758141919,0.0028823791129585137,14.411895564792568,124.52299479452078,21.13128737942899,103.39170741509179,103.39170741509172,31.469979768568074,777.6932647433205,191.6642371332439,210.42857096439516,2.3455417288939095,102.36856267104606,133.37892332390683,1.5505180326430383,3.6113491360315293,1.8843112878207373,1.0,0.6138750357709883,15.9
2906.579046457526,304.3762459809663,0.7,10000.0,0.9046425649873645,0.04035330758141919,0.0028823791129585137,14.411895564792568,124.52299479452078,21.13128737942899,103.39170741509179,103.39170741509172,31.469979768568074,777.6932647433205,191.78114849112313,210.42857096439516,2.3309278091590038,102.44599174600685,133.37892332390683,1.546646578894999,3.6106086695466915,2.0028743406376637,1.0,0.6138750357709883,15.950000000000001
2906.579046457526,304.3762459809663,0.7,10000.0,0.9046425649873645,0.04035330758141919,0.0028823791129585137,14.411895564792568,124.52299479452078,21.13128737942899,103.39170741509179,103.39170741509172,31.469979768568074,777.6932647433205,191.8973314316909,210.42857096439516,2.316404941588033,102.52322749004459,133.37892332390683,1.5427847916931121,3.609870051916034,2.005834332151614,1.0,0.6138750357709883,16.0
2906.579046457526,304.3762459809663,0.7,10000.0,0.9046425649873645,0.04035330758141919,0.0028823791129585137,14.411895564792568,124.52299479452078,21.13128737942899,103.39170741509179,103.39170741509172,31.469979768568074,777.6932647433205,192.01279049335807,210.42857096439516,2.301972558879637,102.60027038588292,133.37892332390683,1.5389326469011955,3.6091332785231964,1.8905771871738826,1.0,0.6138750357709883,16.05
2906.579046457526,304.3762459809663,0.7,10000.0,0.9046425649873645,0.04035330758141919,0.0028823791129585137,14.411895564792568,124.52299479452078,21.13128737942899,103.39170741509179,103.39170741509172,31.469979768568074,777.6932647433205,192.1275301862589,210.42857096439516,2.2876300972670336,102.67712091504019,133.37892332390683,1.535090120443332,3.6083983447633416,1.7588906444827204,1.0,0.6138750357709883,16.1
2906.579046457526,304.3762459809663,0.7,10000.0,0.9046425649873645,0.04035330758141919,0.0028823791129585137,14.411895564792568,124.52299479452078,21.13128737942899,103.39170741509179,103.39170741509172,31.469979768568074,777.6932647433205,192.24155499242727,210.42857096439516,2.273376996495987,102.75377955783247,133.37892332390683,1.531257188303718,3.60766524604313,1.7270718361177348,1.0,0.6138750357709883,16.150000000000002
2906.579046457526,304.3762459809663,0.7,10000.0,0.9046425649873645,0.04035330758141919,0.0028823791129585137,14.411895564792568,124.52299479452078,21.13128737942899,103.39170741509179,103.39170741509172,31.469979768568074,777.6932647433205,192.35486936597164,210.42857096439516,2.2592126998029407,102.83024679337652,133.37892332390683,1.5274338265265157,3.6069339777806944,1.8232210985463213,1.0,0.6138750357709883,16.2
2906.579046457526,304.3762459809663,0.7,10000.0,0.9046425649873645,0.04035330758141919,0.0028823791129585137,14.411895564792568,124.52299479452078,21.13128737942899,103.39170741509179,103.39170741509172,31.469979768568074,777.6932647433205,192.46747773324915,210.42857096439516,2.245136653893251,102.9065230995928,133.37892332390683,1.5236200112157015,3.6062045354056047,1.9624255527472796,1.0,0.6138750357709883,16.25
2906.579046457526,304.3762459809663,0.7,10000.0,0.9046425649873645,0.04035330758141919,0.0028823791129585137,14.411895564792568,124.52299479452078,21.13128737942899,103.39170741509179,103.39170741509172,31.469979768568074,777.6932647433205,192.57938449303848,210.42857096439516,2.231148308919586,102.9826089532085,133.37892332390683,1.5198157185349168,3.605476914358843,2.021748728069002,1.0,0.6138750357709883,16.3
2906.579046457526,304.3762459809663,0.7,10000.0,0.9046425649873645,0.04035330758141919,0.0028823791129585137,14.411895564792568,124.52299479452078,21.13128737942899,103.39170741509179,103.39170741509172,31.469979768568074,777.6932647433205,192.69059401671163,210.42857096439516,2.217247118460442,103.05850482976044,133.37892332390683,1.5160209247073198,3.604751110092777,1.9488001902848482,1.0,0.6138750357709883,16.35
2906.579046457526,304.3762459809663,0.7,10000.0,0.9046425649873645,0.04035330758141919,0.0028823791129585137,14.411895564792568,124.52299479452078,21.13128737942899,103.39170741509179,103.39170741509172,31.469979768568074,777.6932647433205,192.80111064840477,210.42857096439516,2.203432539498799,103.13421120359808,133.37892332390683,1.5122356060154374,3.604027118071126,1.8080034222914454,1.0,0.6138750357709883,16.400000000000002
2906.579046457526,304.3762459809663,0.7,10000.0,0.9046425649873645,0.04035330758141919,0.0028823791129585137,14.411895564792568,124.52299479452078,21.13128737942899,103.39170741509179,103.39170741509172,31.469979768568074,777.6932647433205,192.9109387051879,210.42857096439516,2.1897040324009076,103.20972854788653,133.37892332390683,1.5084597388010152,3.6033049337689382,1.7237011244400393,1.0,0.6138750357709883,16.45
2906.579046457526,304.3762459809663,0.7,10000.0,0.9046425649873645,0.04035330758141919,0.0028823791129585137,14.411895564792568,124.52299479452078,21.13128737942899,103.39170741509179,103.39170741509172,31.469979768568074,777.6932647433205,193.02008247723342,210.42857096439516,2.1760610608952184,103.2850573346094,133.37892332390683,1.5046932994648714,3.60258455267256,1.770343694350501,1.0,0.6138750357709883,16.5
2906.579046457526,304.3762459809663,0.7,10000.0,0.9046425649873645,0.04035330758141919,0.0028823791129585137,14.411895564792568,124.52299479452078,21.13128737942899,103.39170741509179,103.39170741509172,31.469979768568074,777.6932647433205,193.12854622798383,210.42857096439516,2.1625030920514163,103.3601980345719,133.37892332390683,1.500936264466747,3.6018659702796065,1.9067393974632971,1.0,0.6138750357709883,16.55
2906.579046457526,304.3762459809663,0.7,10000.0,0.9046425649873645,0.04035330758141919,0.0028823791129585137,14.411895564792568,124.52299479452078,21.13128737942899,103.39170741509179,103.39170741509172,31.469979768568074,777.6932647433205,193.23633419431818,210.42857096439516,2.1490295962596235,103.4351511174036,133.37892332390683,1.4971886103251613,3.6011491820989354,2.0124322724444026,1.0,0.6138750357709883,16.6
2906.579046457526,304.3762459809663,0.7,10000.0,0.9046425649873645,0.04035330758141919,0.0028823791129585137,14.411895564792568,124.52299479452078,21.13128737942899,103.39170741509179,103.39170741509172,31.469979768568074,777.6932647433205,193.34345058671758,210.42857096439516,2.135640047209698,103.50991705156156,133.37892332390683,1.4934503136172637,3.6004341836506186,1.9940811320614162,1.0,0.6138750357709883,16.650000000000002
2906.579046457526,304.3762459809663,0.7,10000.0,0.9046425649873645,0.04035330758141919,0.0028823791129585137,14.411895564792568,124.52299479452078,21.13128737942899,103.39170741509179,103.39170741509172,31.469979768568074,777.6932647433205,193.44989958942978,210.42857096439516,2.1223339218706734,103.58449630433307,133.37892332390683,1.489721350978688,3.5997209704659134,1.8678925297898905,1.0,0.6138750357709883,16.7
2906.579046457526,304.3762459809663,0.7,10000.0,0.9046425649873645,0.04035330758141919,0.0028823791129585137,14.411895564792568,124.52299479452078,21.13128737942899,103.39170741509179,103.39170741509172,31.469979768568074,777.6932647433205,193.55568536063245,210.42857096439516,2.109110700470339,103.65888934183873,133.37892332390683,1.486001699103405,3.599009538087234,1.7453081683313396,1.0,0.6138750357709883,16.75
2906.579046457526,304.3762459809663,0.7,10000.0,0.9046425649873645,0.04035330758141919,0.0028823791129585137,14.411895564792568,124.52299479452078,21.13128737942899,103.39170741509179,103.39170741509172,31.469979768568074,777.6932647433205,193.66081203259574,210.42857096439516,2.0959698664749276,103.73309662903526,133.37892332390683,1.4822913347435787,3.5982998820681273,1.73458671542215,1.0,0.6138750357709883,16.8
2906.579046457526,304.3762459809663,0.7,10000.0,0.9046425649873645,0.04035330758141919,0.0028823791129585137,14.411895564792568,124.52299479452078,21.13128737942899,103.39170741509179,103.39170741509172,31.469979768568074,777.6932647433205,193.76528371184364,210.42857096439516,2.082910906568941,103.80711862971845,133.37892332390683,1.4785902347094193,3.5975919979732405,1.845196672544365,1.0,0.6138750357709883,16.85
2906.579046457526,304.3762459809663,0.7,10000.0,0.9046425649873645,0.04035330758141919,0.0028823791129585137,14.411895564792568,124.52299479452078,21.13128737942899,103.39170741509179,103.39170741509172,31.469979768568074,777.6932647433205,193.86910447931442,210.42857096439516,2.0699333106350934,103.88095580652602,133.37892332390683,1.4748983758690408,3.596885881378295,1.9794544000072039,1.0,0.6138750357709883,16.900000000000002
2906.579046457526,304.3762459809663,0.7,10000.0,0.9046425649873645,0.04035330758141919,0.0028823791129585137,14.411895564792568,124.52299479452078,21.13128737942899,103.39170741509179,103.39170741509172,31.469979768568074,777.6932647433205,193.97227839052,210.42857096439516,2.057036571734397,103.95460862094059,133.37892332390683,1.4712157351483122,3.59618152787006,2.0187920598291544,1.0,0.6138750357709883,16.95
2906.579046457526,304.3762459809663,0.7,10000.0,0.9046425649873645,0.04035330758141919,0.0028823791129585137,14.411895564792568,124.52299479452078,21.13128737942899,103.39170741509179,103.39170741509172,31.469979768568074,777.6932647433205,194.07480947570437,210.42857096439516,2.044220186086349,104.02807753329249,133.37892332390683,1.467542289530717,3.5954789330463246,1.928469146830373,1.0,0.6138750357709883,17.0
2906.579046457526,304.3762459809663,0.7,10000.0,0.9046425649873645,0.04035330758141919,0.0028823791129585137,14.411895564792568,124.52299479452078,21.13128737942899,103.39170741509179,103.39170741509172,31.469979768568074,777.6932647433205,194.17670174000114,210.42857096439516,2.0314836530492535,104.10136300276265,133.37892332390683,1.463878016057209,3.594778092515868,1.7882530808599177,1.0,0.6138750357709883,17.05
2906.579046457526,304.3762459809663,0.7,10000.0,0.9046425649873645,0.04035330758141919,0.0028823791129585137,14.411895564792568,124.52299479452078,21.13128737942899,103.39170741509179,103.39170741509172,31.469979768568074,777.6932647433205,194.2779591635898,210.42857096439516,2.0188264751006706,104.1744654873855,133.37892332390683,1.4602228918260665,3.594079001898435,1.7219737233827048,1.0,0.6138750357709883,17.1
2906.579046457526,304.3762459809663,0.7,10000.0,0.9046425649873645,0.04035330758141919,0.0028823791129585137,14.411895564792568,124.52299479452078,21.13128737942899,103.39170741509179,103.39170741509172,31.469979768568074,777.6932647433205,194.37858570185134,210.42857096439516,2.0062481578179785,104.24738544405182,133.37892332390683,1.4565768939927508,3.593381656824706,1.7881647637990883,1.0,0.6138750357709883,17.150000000000002
2906.579046457526,304.3762459809663,0.7,10000.0,0.9046425649873645,0.04035330758141919,0.0028823791129585137,14.411895564792568,124.52299479452078,21.13128737942899,103.39170741509179,103.39170741509172,31.469979768568074,777.6932647433205,194.4785852855227,210.42857096439516,1.9937482098590564,104.32012332851154,133.37892332390683,1.4529399997697645,3.592686052936274,1.9283705086887233,1.0,0.6138750357709883,17.2
2906.579046457526,304.3762459809663,0.7,10000.0,0.9046425649873645,0.04035330758141919,0.0028823791129585137,14.411895564792568,124.52299479452078,21.13128737942899,103.39170741509179,103.39170741509172,31.469979768568074,777.6932647433205,194.5779618208504,210.42857096439516,1.9813261429430966,104.3926795953767,133.37892332390683,1.4493121864265064,3.5919921858856108,2.01877021150414,1.0,0.6138750357709883,17.25
2906.579046457526,304.3762459809663,0.7,10000.0,0.9046425649873645,0.04035330758141919,0.0028823791129585137,14.411895564792568,124.52299479452078,21.13128737942899,103.39170741509179,103.39170741509172,31.469979768568074,777.6932647433205,194.6767191897429,210.42857096439516,1.9689814718315333,104.4650546981242,133.37892332390683,1.4456934312891314,3.591300051336045,1.979528636542536,1.0,0.6138750357709883,17.3
2906.579046457526,304.3762459809663,0.7,10000.0,0.9046425649873645,0.04035330758141919,0.0028823791129585137,14.411895564792568,124.52299479452078,21.13128737942899,103.39170741509179,103.39170741509172,31.469979768568074,777.6932647433205,194.7748612499225,210.42857096439516,1.9567137143090818,104.53724908909868,133.37892332390683,1.4420837117404077,3.590609644961735,1.8453014329801465,1.0,0.6138750357709883,17.35
2906.579046457526,304.3762459809663,0.7,10000.0,0.9046425649873645,0.04035330758141919,0.0028823791129585137,14.411895564792568,124.52299479452078,21.13128737942899,103.39170741509179,103.39170741509172,31.469979768568074,777.6932647433205,194.87239183507594,210.42857096439516,1.9445223911649023,104.6092632195153,133.37892332390683,1.4384830052195767,3.5899209624476365,1.7346294820418118,1.0,0.6138750357709883,17.400000000000002
2906.579046457526,304.3762459809663,0.7,10000.0,0.9046425649873645,0.04035330758141919,0.0028823791129585137,14.411895564792568,124.52299479452078,21.13128737942899,103.39170741509179,103.39170741509172,31.469979768568074,777.6932647433205,194.9693147550041,210.42857096439516,1.932407026173884,104.68109753946261,133.37892332390683,1.434891289222211,3.5892339994894837,1.7452511723919746,1.0,0.6138750357709883,17.45
2906.579046457526,304.3762459809663,0.7,10000.0,0.9046425649873645,0.04035330758141919,0.0028823791129585137,14.411895564792568,124.52299479452078,21.13128737942899,103.39170741509179,103.39170741509172,31.469979768568074,777.6932647433205,195.06563379577082,210.42857096439516,1.9203671460780427,104.75275249790536,133.37892332390683,1.4313085413000735,3.5885487517937538,1.8677861064597214,1.0,0.6138750357709883,17.5
2906.579046457526,304.3762459809663,0.7,10000.0,0.9046425649873645,0.04035330758141919,0.0028823791129585137,14.411895564792568,124.52299479452078,21.13128737942899,103.39170741509179,103.39170741509172,31.469979768568074,777.6932647433205,195.16135271985092,210.42857096439516,1.9084022805680299,104.82422854268727,133.37892332390683,1.4277347390609783,3.5878652150776484,1.9940192676189665,1.0,0.6138750357709883,17.55
2906.579046457526,304.3762459809663,0.7,10000.0,0.9046425649873645,0.04035330758141919,0.0028823791129585137,14.411895564792568,124.52299479452078,21.13128737942899,103.39170741509179,103.39170741509172,31.469979768568074,777.6932647433205,195.25647526627702,210.42857096439516,1.8965119622647677,104.89552612053383,133.37892332390683,1.42416986016865,3.5871833850690598,2.012469601608764,1.0,0.6138750357709883,17.6
2906.579046457526,304.3762459809663,0.7,10000.0,0.9046425649873645,0.04035330758141919,0.0028823791129585137,14.411895564792568,124.52299479452078,21.13128737942899,103.39170741509179,103.39170741509172,31.469979768568074,777.6932647433205,195.35100515078568,210.42857096439516,1.8846957267011852,104.96664567705515,133.37892332390683,1.4206138823425838,3.5865032575065485,1.906842953503755,1.0,0.6138750357709883,17.650000000000002
2906.579046457526,304.3762459809663,0.7,10000.0,0.9046425649873645,0.04035330758141919,0.0028823791129585137,14.411895564792568,124.52299479452078,21.13128737942899,103.39170741509179,103.39170741509172,31.469979768568074,777.6932647433205,195.44494606596257,210.42857096439516,1.8729531123040744,105.0375876567487,133.37892332390683,1.4170667833579067,3.5858248281393146,1.7704220231955008,1.0,0.6138750357709883,17.7
2906.579046457526,304.3762459809663,0.7,10000.0,0.9046425649873645,0.04035330758141919,0.0028823791129585137,14.411895564792568,124.52299479452078,21.13128737942899,103.39170741509179,103.39170741509172,31.469979768568074,777.6932647433205,195.5383016813866,210.42857096439516,1.8612836603760705,105.10835250300207,133.37892332390683,1.4135285410452383,3.585148092727173,1.7236850510634671,1.0,0.6138750357709883,17.75
2906.579046457526,304.3762459809663,0.7,10000.0,0.9046425649873645,0.04035330758141919,0.0028823791129585137,14.411895564792568,124.52299479452078,21.13128737942899,103.39170741509179,103.39170741509172,31.469979768568074,777.6932647433205,195.63107564377339,210.42857096439516,1.8496869150777222,105.17894065809578,133.37892332390683,1.4099991332905524,3.5844730470405244,1.8079071416712151,1.0,0.6138750357709883,17.8
2906.579046457526,304.3762459809663,0.7,10000.0,0.9046425649873645,0.04035330758141919,0.0028823791129585137,14.411895564792568,124.52299479452078,21.13128737942899,103.39170741509179,103.39170741509172,31.469979768568074,777.6932647433205,195.72327157711763,210.42857096439516,1.8381624234096918,105.24935256320603,133.37892332390683,1.40647853803504,3.5837996868603317,1.948708731306831,1.0,0.6138750357709883,17.85
2906.579046457526,304.3762459809663,0.7,10000.0,0.9046425649873645,0.04035330758141919,0.0028823791129585137,14.411895564792568,124.52299479452078,21.13128737942899,103.39170741509179,103.39170741509172,31.469979768568074,777.6932647433205,195.8148930828347,210.42857096439516,1.8267097351950596,105.31958865840747,133.37892332390683,1.4029667332749682,3.5831280079780914,2.0217428614530095,1.0,0.6138750357709883,17.900000000000002
2906.579046457526,304.3762459809663,0.7,10000.0,0.9046425649873645,0.04035330758141919,0.0028823791129585137,14.411895564792568,124.52299479452078,21.13128737942899,103.39170741509179,103.39170741509172,31.469979768568074,777.6932647433205,195.9059437399013,210.42857096439516,1.8153284030617343,105.3896493826759,133.37892332390683,1.3994636970615466,3.5824580061958082,1.9625104595131195,1.0,0.6138750357709883,17.95
2906.579046457526,304.3762459809663,0.7,10000.0,0.9046425649873645,0.04035330758141919,0.0028823791129585137,14.411895564792568,124.52299479452078,21.13128737942899,103.39170741509179,103.39170741509172,31.469979768568074,777.6932647433205,195.9964271049953,210.42857096439516,1.804017982424984,105.45953517389108,133.37892332390683,1.3959694075007874,3.581789677325969,1.8233217944688922,1.0,0.6138750357709883,18.0
2906.579046457526,304.3762459809663,0.7,10000.0,0.9046425649873645,0.04035330758141919,0.0028823791129585137,14.411895564792568,124.52299479452078,21.13128737942899,103.39170741509179,103.39170741509172,31.469979768568074,777.6932647433205,196.08634671263465,210.42857096439516,1.792778031470064,105.52924646883945,133.37892332390683,1.3924838427533692,3.5811230171915165,1.727099392998646,1.0,0.6138750357709883,18.05
2906.579046457526,304.3762459809663,0.7,10000.0,0.9046425649873645,0.04035330758141919,0.0028823791129585137,14.411895564792568,124.52299479452078,21.13128737942899,103.39170741509179,103.39170741509172,31.469979768568074,777.6932647433205,196.17570607531547,210.42857096439516,1.781608111134961,105.59878370321681,133.37892332390683,1.3890069810345012,3.5804580216258213,1.758820725846988,1.0,0.6138750357709883,18.1
2906.579046457526,304.3762459809663,0.7,10000.0,0.9046425649873645,0.04035330758141919,0.0028823791129585137,14.411895564792568,124.52299479452078,21.13128737942899,103.39170741509179,103.39170741509172,31.469979768568074,777.6932647433205,196.26450868364924,210.42857096439516,1.7705077850932405,105.66814731163112,133.37892332390683,1.3855388006137859,3.5797946864726606,1.8904715406886992,1.0,0.6138750357709883,18.150000000000002
2906.579046457526,304.3762459809663,0.7,10000.0,0.9046425649873645,0.04035330758141919,0.0028823791129585137,14.411895564792568,124.52299479452078,21.13128737942899,103.39170741509179,103.39170741509172,31.469979768568074,777.6932647433205,196.35275800649913,210.42857096439516,1.7594766197370042,105.73733772760515,133.37892332390683,1.382079279815084,3.579133007586186,2.005786258035833,1.0,0.6138750357709883,18.2
2906.579046457526,304.3762459809663,0.7,10000.0,0.9046425649873645,0.04035330758141919,0.0028823791129585137,14.411895564792568,124.52299479452078,21.13128737942899,103.39170741509179,103.39170741509172,31.469979768568074,777.6932647433205,196.44045749111552,210.42857096439516,1.748514184159955,105.80635538357922,133.37892332390683,1.3786283970163808,3.5784729808309037,2.0029262948753273,1.0,0.6138750357709883,18.25
2906.579046457526,304.3762459809663,0.7,10000.0,0.9046425649873645,0.04035330758141919,0.0028823791129585137,14.411895564792568,124.52299479452078,21.13128737942899,103.39170741509179,103.39170741509172,31.469979768568074,777.6932647433205,196.5276105632707,210.42857096439516,1.7376200501405563,105.8752007109139,133.37892332390683,1.3751861306496465,3.5778146020816437,1.8844173877520525,1.0,0.6138750357709883,18.3
2906.579046457526,304.3762459809663,0.7,10000.0,0.9046425649873645,0.04035330758141919,0.0028823791129585137,14.411895564792568,124.52299479452078,21.13128737942899,103.39170741509179,103.39170741509172,31.469979768568074,777.6932647433205,196.61422062739263,210.42857096439516,1.7267937921253171,105.94387413989273,133.37892332390683,1.3717524592007053,3.5771578672235362,1.754919023793586,1.0,0.6138750357709883,18.35
2906.579046457526,304.3762459809663,0.7,10000.0,0.9046425649873645,0.04035330758141919,0.0028823791129585137,14.411895564792568,124.52299479452078,21.13128737942899,103.39170741509179,103.39170741509172,31.469979768568074,777.6932647433205,196.70029106669793,210.42857096439516,1.7160349872121543,106.01237609972485,133.37892332390683,1.3683273612090994,3.5765027721519873,1.7287958755353074,1.0,0.6138750357709883,18.400000000000002
2906.579046457526,304.3762459809663,0.7,10000.0,0.9046425649873645,0.04035330758141919,0.0028823791129585137,14.411895564792568,124.52299479452078,21.13128737942899,103.39170741509179,103.39170741509172,31.469979768568074,777.6932647433205,196.7858252433241,210.42857096439516,1.7053432151338832,106.08070701854774,133.37892332390683,1.3649108152679545,3.57584931277265,1.8291182367238616,1.0,0.6138750357709883,18.45
2906.579046457526,304.3762459809663,0.7,10000.0,0.9046425649873645,0.04035330758141919,0.0028823791129585137,14.411895564792568,124.52299479452078,21.13128737942899,103.39170741509179,103.39170741509172,31.469979768568074,777.6932647433205,196.8708264984608,210.42857096439516,1.694718058241797,106.14886732342985,133.37892332390683,1.361502800023849,3.575197485001401,1.967287814418084,1.0,0.6138750357709883,18.5
2906.579046457526,304.3762459809663,0.7,10000.0,0.9046425649873645,0.04035330758141919,0.0028823791129585137,14.411895564792568,124.52299479452078,21.13128737942899,103.39170741509179,103.39170741509172,31.469979768568074,777.6932647433205,196.95529815248034,210.42857096439516,1.684159101489353,106.21685744037333,133.37892332390683,1.358103294176675,3.5745472847643147,2.021282074708048,1.0,0.6138750357709883,18.55
2906.579046457526,304.3762459809663,0.7,10000.0,0.9046425649873645,0.04035330758141919,0.0028823791129585137,14.411895564792568,124.52299479452078,21.13128737942899,103.39170741509179,103.39170741509172,31.469979768568074,777.6932647433205,197.03924350506747,210.42857096439516,1.673665932415961,106.28467779431662,133.37892332390683,1.3547122764795105,3.573898707997637,1.943416740294119,1.0,0.6138750357709883,18.6
2906.579046457526,304.3762459809663,0.7,10000.0,0.9046425649873645,0.04035330758141919,0.0028823791129585137,14.411895564792568,124.52299479452078,21.13128737942899,103.39170741509179,103.39170741509172,31.469979768568074,777.6932647433205,197.1226658353482,210.42857096439516,1.663238141130872,106.35232880913715,133.37892332390683,1.3513297257384842,3.573251750647763,1.8024574943857217,1.0,0.6138750357709883,18.650000000000002
2906.579046457526,304.3762459809663,0.7,10000.0,0.9046425649873645,0.04035330758141919,0.0028823791129585137,14.411895564792568,124.52299479452078,21.13128737942899,103.39170741509179,103.39170741509172,31.469979768568074,777.6932647433205,197.2055684020179,210.42857096439516,1.6528753202971593,106.41981090765398,133.37892332390683,1.3479556208126424,3.572606408671205,1.7228905274368151,1.0,0.6138750357709883,18.7
2906.579046457526,304.3762459809663,0.7,10000.0,0.9046425649873645,0.04035330758141919,0.0028823791129585137,14.411895564792568,124.52299479452078,21.13128737942899,103.39170741509179,103.39170741509172,31.469979768568074,777.6932647433205,197.2879544434686,210.42857096439516,1.6425770651158196,106.48712451163046,133.37892332390683,1.3445899406138189,3.571962678034574,1.7749842956785058,1.0,0.6138750357709883,18.75
2906.579046457526,304.3762459809663,0.7,10000.0,0.9046425649873645,0.04035330758141919,0.0028823791129585137,14.411895564792568,124.52299479452078,21.13128737942899,103.39170741509179,103.39170741509172,31.469979768568074,777.6932647433205,197.36982717791557,210.42857096439516,1.6323429733099495,106.55427004177682,133.37892332390683,1.3412326641065007,3.5713205547145512,1.912732914835221,1.0,0.6138750357709883,18.8
2906.579046457526,304.3762459809663,0.7,10000.0,0.9046425649873645,0.04035330758141919,0.0028823791129585137,14.411895564792568,124.52299479452078,21.13128737942899,103.39170741509179,103.39170741509172,31.469979768568074,777.6932647433205,197.45118980352288,210.42857096439516,1.6221726451090355,106.62124791775284,133.37892332390683,1.3378837703076996,3.5706800346978653,2.014485614653346,1.0,0.6138750357709883,18.85
2906.579046457526,304.3762459809663,0.7,10000.0,0.9046425649873645,0.04035330758141919,0.0028823791129585137,14.411895564792568,124.52299479452078,21.13128737942899,103.39170741509179,103.39170741509172,31.469979768568074,777.6932647433205,197.53204549852845,210.42857096439516,1.6120656832333395,106.68805855817048,133.37892332390683,1.3345432382868174,3.570041113981262,1.9903809185969854,1.0,0.6138750357709883,18.900000000000002
2906.579046457526,304.3762459809663,0.7,10000.0,0.9046425649873645,0.04035330758141919,0.0028823791129585137,14.411895564792568,124.52299479452078,21.13128737942899,103.39170741509179,103.39170741509172,31.469979768568074,777.6932647433205,197.61239742136814,210.42857096439516,1.6020216928783775,106.75470238059644,133.37892332390683,1.3312110471655196,3.5694037885714867,1.8617065525240204,1.0,0.6138750357709883,18.95
2906.579046457526,304.3762459809663,0.7,10000.0,0.9046425649873645,0.04035330758141919,0.0028823791129585137,14.411895564792568,124.52299479452078,21.13128737942899,103.39170741509179,103.39170741509172,31.469979768568074,777.6932647433205,197.69224871079916,210.42857096439516,1.5920402816995,106.82117980155485,133.37892332390683,1.3278871761175992,3.568768054485252,1.7420994867398498,1.0,0.6138750357709883,19.0
2906.579046457526,304.3762459809663,0.7,10000.0,0.9046425649873645,0.04035330758141919,0.0028823791129585137,14.411895564792568,124.52299479452078,21.13128737942899,103.39170741509179,103.39170741509172,31.469979768568074,777.6932647433205,197.77160248602266,210.42857096439516,1.5821210597965631,106.88749123652978,133.37892332390683,1.3245716043688525,3.568133907749219,1.7371890318643908,1.0,0.6138750357709883,19.05
2906.579046457526,304.3762459809663,0.7,10000.0,0.9046425649873645,0.04035330758141919,0.0028823791129585137,14.411895564792568,124.52299479452078,21.13128737942899,103.39170741509179,103.39170741509172,31.469979768568074,777.6932647433205,197.85046184680556,210.42857096439516,1.5722636396987006,106.95363709996793,133.37892332390683,1.3212643111969449,3.5675013443999672,1.8513117875786382,1.0,0.6138750357709883,19.1
2906.579046457526,304.3762459809663,0.7,10000.0,0.9046425649873645,0.04035330758141919,0.0028823791129585137,14.411895564792568,124.52299479452078,21.13128737942899,103.39170741509179,103.39170741509172,31.469979768568074,777.6932647433205,197.92882987360167,210.42857096439516,1.5624676363491865,107.01961780528117,133.37892332390683,1.317965275931283,3.5668703604839744,1.983681835148408,1.0,0.6138750357709883,19.150000000000002
2906.579046457526,304.3762459809663,0.7,10000.0,0.9046425649873645,0.04035330758141919,0.0028823791129585137,14.411895564792568,124.52299479452078,21.13128737942899,103.39170741509179,103.39170741509172,31.469979768568074,777.6932647433205,198.006709627672,210.42857096439516,1.552732667090396,107.08543376484911,133.37892332390683,1.3146744779528858,3.5662409520575897,2.0173984147407564,1.0,0.6138750357709883,19.200000000000003
2906.579046457526,304.3762459809663,0.7,10000.0,0.9046425649873645,0.04035330758141919,0.0028823791129585137,14.411895564792568,124.52299479452078,21.13128737942899,103.39170741509179,103.39170741509172,31.469979768568074,777.6932647433205,198.08410415120434,210.42857096439516,1.5430583516488525,107.15108539002172,133.37892332390683,1.3113918966942557,3.565613115187007,1.922685199719025,1.0,0.6138750357709883,19.25
2906.579046457526,304.3762459809663,0.7,10000.0,0.9046425649873645,0.04035330758141919,0.0028823791129585137,14.411895564792568,124.52299479452078,21.13128737942899,103.39170741509179,103.39170741509172,31.469979768568074,777.6932647433205,198.16101646743215,210.42857096439516,1.533444312120377,107.21657309112186,133.37892332390683,1.3081175116392487,3.564986845948245,1.7831868438822351,1.0,0.6138750357709883,19.3
2906.579046457526,304.3762459809663,0.7,10000.0,0.9046425649873645,0.04035330758141919,0.0028823791129585137,14.411895564792568,124.52299479452078,21.13128737942899,103.39170741509179,103.39170741509172,31.469979768568074,777.6932647433205,198.23744958075252,210.42857096439516,1.5238901729553298,107.28189727744788,133.37892332390683,1.3048513023229475,3.5643621404271184,1.7220993730088001,1.0,0.6138750357709883,19.35
2906.579046457526,304.3762459809663,0.7,10000.0,0.9046425649873645,0.04035330758141919,0.0028823791129585137,14.411895564792568,124.52299479452078,21.13128737942899,103.39170741509179,103.39170741509172,31.469979768568074,777.6932647433205,198.31340647684368,210.42857096439516,1.5143955609439352,107.34705835727617,133.37892332390683,1.3015932483315331,3.5637389947192153,1.7933713343155469,1.0,0.6138750357709883,19.400000000000002
2906.579046457526,304.3762459809663,0.7,10000.0,0.9046425649873645,0.04035330758141919,0.0028823791129585137,14.411895564792568,124.52299479452078,21.13128737942899,103.39170741509179,103.39170741509172,31.469979768568074,777.6932647433205,198.38889012278153,210.42857096439516,1.5049601052017039,107.41205673786367,133.37892332390683,1.2983433293021585,3.5631174049298737,1.9340598900192423,1.0,0.6138750357709883,19.450000000000003
2906.579046457526,304.3762459809663,0.7,10000.0,0.9046425649873645,0.04035330758141919,0.0028823791129585137,14.411895564792568,124.52299479452078,21.13128737942899,103.39170741509179,103.39170741509172,31.469979768568074,777.6932647433205,198.46390346715557,210.42857096439516,1.4955834371549486,107.47689282545048,133.37892332390683,1.2951015249228177,3.562497367174155,2.0199179059417958,1.0,0.6138750357709883,19.5
2906.579046457526,304.3762459809663,0.7,10000.0,0.9046425649873645,0.04035330758141919,0.0028823791129585137,14.411895564792568,124.52299479452078,21.13128737942899,103.39170741509179,103.39170741509172,31.469979768568074,777.6932647433205,198.53844944018414,210.42857096439516,1.4862651905263782,107.54156702526235,133.37892332390683,1.291867814932224,3.561878877576821,1.9751210737644749,1.0,0.6138750357709883,19.55
2906.579046457526,304.3762459809663,0.7,10000.0,0.9046425649873645,0.04035330758141919,0.0028823791129585137,14.411895564792568,124.52299479452078,21.13128737942899,103.39170741509179,103.39170741509172,31.469979768568074,777.6932647433205,198.61253095382878,210.42857096439516,1.4770050013207978,107.60607974151326,133.37892332390683,1.288642179119679,3.5612619322723105,1.839231090531148,1.0,0.6138750357709883,19.6
2906.579046457526,304.3762459809663,0.7,10000.0,0.9046425649873645,0.04035330758141919,0.0028823791129585137,14.411895564792568,124.52299479452078,21.13128737942899,103.39170741509179,103.39170741509172,31.469979768568074,777.6932647433205,198.686150901908,210.42857096439516,1.4678025078108945,107.67043137740788,133.37892332390683,1.2854245973249476,3.5606465274047125,1.7322572981232471,1.0,0.6138750357709883,19.650000000000002
2906.579046457526,304.3762459809663,0.7,10000.0,0.9046425649873645,0.04035330758141919,0.0028823791129585137,14.411895564792568,124.52299479452078,21.13128737942899,103.39170741509179,103.39170741509172,31.469979768568074,777.6932647433205,198.75931216021044,210.42857096439516,1.4586573505230902,107.73462233514415,133.37892332390683,1.282215049438134,3.560032659127745,1.748672108119255,1.0,0.6138750357709883,19.700000000000003
2906.579046457526,304.3762459809663,0.7,10000.0,0.9046425649873645,0.04035330758141919,0.0028823791129585137,14.411895564792568,124.52299479452078,21.13128737942899,103.39170741509179,103.39170741509172,31.469979768568074,777.6932647433205,198.832017586607,210.42857096439516,1.4495691722235193,107.79865301591576,133.37892332390683,1.2790135153995537,3.5594203236047286,1.8739790101965343,1.0,0.6138750357709883,19.75
2906.579046457526,304.3762459809663,0.7,10000.0,0.9046425649873645,0.04035330758141919,0.0028823791129585137,14.411895564792568,124.52299479452078,21.13128737942899,103.39170741509179,103.39170741509172,31.469979768568074,777.6932647433205,198.9042700211627,210.42857096439516,1.4405376179040594,107.86252381991468,133.37892332390683,1.2758199751996073,3.5588095170085654,1.9975149628730695,1.0,0.6138750357709883,19.8
2906.579046457526,304.3762459809663,0.7,10000.0,0.9046425649873645,0.04035330758141919,0.0028823791129585137,14.411895564792568,124.52299479452078,21.13128737942899,103.39170741509179,103.39170741509172,31.469979768568074,777.6932647433205,198.97607228624742,210.42857096439516,1.4315623347684685,107.92623514633364,133.37892332390683,1.2726344088786596,3.5582002355217117,2.0101809139109204,1.0,0.6138750357709883,19.85
2906.579046457526,304.3762459809663,0.7,10000.0,0.9046425649873645,0.04035330758141919,0.0028823791129585137,14.411895564792568,124.52299479452078,21.13128737942899,103.39170741509179,103.39170741509172,31.469979768568074,777.6932647433205,199.04742718664627,210.42857096439516,1.4226429722186111,107.98978739336863,133.37892332390683,1.2694567965269101,3.5575924753361563,1.9007911054478237,1.0,0.6138750357709883,19.900000000000002
2906.579046457526,304.3762459809663,0.7,10000.0,0.9046425649873645,0.04035330758141919,0.0028823791129585137,14.411895564792568,124.52299479452078,21.13128737942899,103.39170741509179,103.39170741509172,31.469979768568074,777.6932647433205,199.11833750966912,210.42857096439516,1.4137791818407557,108.0531809582214,133.37892332390683,1.2662871182842714,3.556986232653396,1.765951619917962,1.0,0.6138750357709883,19.950000000000003
2906.579046457526,304.3762459809663,0.7,10000.0,0.9046425649873645,0.04035330758141919,0.0028823791129585137,14.411895564792568,124.52299479452078,21.13128737942899,103.39170741509179,103.39170741509172,31.469979768568074,777.6932647433205,199.18880602525948,210.42857096439516,1.4049706173919603,108.11641623710196,133.37892332390683,1.2631253543402436,3.556381503684411,1.7247440668188434,1.0,0.6138750357709883,20.0
2906.579046457526,304.3762459809663,0.7,10000.0,0.9046425649873645,0.04035330758141919,0.0028823791129585137,14.411895564792568,124.52299479452078,21.13128737942899,103.39170741509179,103.39170741509172,31.469979768568074,777.6932647433205,199.25883548610273,210.42857096439516,1.3962169347865547,108.17949362523099,133.37892332390683,1.2599714849337922,3.5557782846496453,1.8135603214775387,1.0,0.6138750357709883,20.05
2906.579046457526,304.3762459809663,0.7,10000.0,0.9046425649873645,0.04035330758141919,0.0028823791129585137,14.411895564792568,124.52299479452078,21.13128737942899,103.39170741509179,103.39170741509172,31.469979768568074,777.6932647433205,199.32842862773353,210.42857096439516,1.3875177920827042,108.24241351684238,133.37892332390683,1.2568254903532228,3.5551765717789765,1.9539635483276725,1.0,0.6138750357709883,20.1
2906.579046457526,304.3762459809663,0.7,10000.0,0.9046425649873645,0.04035330758141919,0.0028823791129585137,14.411895564792568,124.52299479452078,21.13128737942899,103.39170741509179,103.39170741509172,31.469979768568074,777.6932647433205,199.39758816864287,210.42857096439516,1.3788728494690368,108.30517630518564,133.37892332390683,1.2536873509360595,3.554576361311698,2.02195859738543,1.0,0.6138750357709883,20.150000000000002
2906.579046457526,304.3762459809663,0.7,10000.0,0.9046425649873645,0.04035330758141919,0.0028823791129585137,14.411895564792568,124.52299479452078,21.13128737942899,103.39170741509179,103.39170741509172,31.469979768568074,777.6932647433205,199.4663168103841,210.42857096439516,1.3702817692513847,108.36778238252842,133.37892332390683,1.2505570470689207,3.5539776494964914,1.9574965901799486,1.0,0.6138750357709883,20.200000000000003
2906.579046457526,304.3762459809663,0.7,10000.0,0.9046425649873645,0.04035330758141919,0.0028823791129585137,14.411895564792568,124.52299479452078,21.13128737942899,103.39170741509179,103.39170741509172,31.469979768568074,777.6932647433205,199.5346172376785,210.42857096439516,1.3617442158395825,108.43023214015889,133.37892332390683,1.247434559187397,3.553380432591407,1.817506248585727,1.0,0.6138750357709883,20.25
2906.579046457526,304.3762459809663,0.7,10000.0,0.9046425649873645,0.04035330758141919,0.0028823791129585137,14.411895564792568,124.52299479452078,21.13128737942899,103.39170741509179,103.39170741509172,31.469979768568074,777.6932647433205,199.60249211852025,210.42857096439516,1.3532598557343647,108.49252596838825,133.37892332390683,1.244319867775929,3.5527847068638367,1.7256180887365267,1.0,0.6138750357709883,20.3
2906.579046457526,304.3762459809663,0.7,10000.0,0.9046425649873645,0.04035330758141919,0.0028823791129585137,14.411895564792568,124.52299479452078,21.13128737942899,103.39170741509179,103.39170741509172,31.469979768568074,777.6932647433205,199.6699441042805,210.42857096439516,1.3448283575143343,108.55466425655314,133.37892332390683,1.2412129533676848,3.5521904685904926,1.7629818563883204,1.0,0.6138750357709883,20.35
2906.579046457526,304.3762459809663,0.7,10000.0,0.9046425649873645,0.04035330758141919,0.0028823791129585137,14.411895564792568,124.52299479452078,21.13128737942899,103.39170741509179,103.39170741509172,31.469979768568074,777.6932647433205,199.73697582981097,210.42857096439516,1.3364493918230238,108.61664739301804,133.37892332390683,1.2381137965444395,3.551597714057384,1.8966002616787647,1.0,0.6138750357709883,20.400000000000002
2906.579046457526,304.3762459809663,0.7,10000.0,0.9046425649873645,0.04035330758141919,0.0028823791129585137,14.411895564792568,124.52299479452078,21.13128737942899,103.39170741509179,103.39170741509172,31.469979768568074,777.6932647433205,199.80358991354703,210.42857096439516,1.3281226313560168,108.67847576517777,133.37892332390683,1.2350223779364533,3.551006439559793,2.008470075079475,1.0,0.6138750357709883,20.450000000000003
2906.579046457526,304.3762459809663,0.7,10000.0,0.9046425649873645,0.04035330758141919,0.0028823791129585137,14.411895564792568,124.52299479452078,21.13128737942899,103.39170741509179,103.39170741509172,31.469979768568074,777.6932647433205,199.86978895760976,210.42857096439516,1.3198477508481758,108.74014975945984,133.37892332390683,1.2319386782223496,3.550416641402252,1.999795032412459,1.0,0.6138750357709883,20.5
2906.579046457526,304.3762459809663,0.7,10000.0,0.9046425649873645,0.04035330758141919,0.0028823791129585137,14.411895564792568,124.52299479452078,21.13128737942899,103.39170741509179,103.39170741509172,31.469979768568074,777.6932647433205,199.93557554790772,210.42857096439516,1.3116244270609307,108.80166976132693,133.37892332390683,1.2288626781289949,3.549828315898521,1.8782363765191288,1.0,0.6138750357709883,20.55
2906.579046457526,304.3762459809663,0.7,10000.0,0.9046425649873645,0.04035330758141919,0.0028823791129585137,14.411895564792568,124.52299479452078,21.13128737942899,103.39170741509179,103.39170741509172,31.469979768568074,777.6932647433205,200.00095225423797,210.42857096439516,1.3034523387696488,108.86303615527926,133.37892332390683,1.2257943584313786,3.5492414593715624,1.7511469375835687,1.0,0.6138750357709883,20.6
2906.579046457526,304.3762459809663,0.7,10000.0,0.9046425649873645,0.04035330758141919,0.0028823791129585137,14.411895564792568,124.52299479452078,21.13128737942899,103.39170741509179,103.39170741509172,31.469979768568074,777.6932647433205,200.06592163038644,210.42857096439516,1.2953311667510903,108.92424932485699,133.37892332390683,1.2227336999524923,3.548656068153522,1.7307639796323442,1.0,0.6138750357709883,20.650000000000002
2906.579046457526,304.3762459809663,0.7,10000.0,0.9046425649873645,0.04035330758141919,0.0028823791129585137,14.411895564792568,124.52299479452078,21.13128737942899,103.39170741509179,103.39170741509172,31.469979768568074,777.6932647433205,200.13048621422763,210.42857096439516,1.2872605937709416,108.98530965264261,133.37892332390683,1.219680683563211,3.548072138585703,1.8350884274658787,1.0,0.6138750357709883,20.700000000000003
2906.579046457526,304.3762459809663,0.7,10000.0,0.9046425649873645,0.04035330758141919,0.0028823791129585137,14.411895564792568,124.52299479452078,21.13128737942899,103.39170741509179,103.39170741509172,31.469979768568074,777.6932647433205,200.1946485278238,210.42857096439516,1.2792403045714202,109.04621752026338,133.37892332390683,1.2166352901821724,3.547489667018543,1.9719876011860547,1.0,0.6138750357709883,20.75
2906.579046457526,304.3762459809663,0.7,10000.0,0.9046425649873645,0.04035330758141919,0.0028823791129585137,14.411895564792568,124.52299479452078,21.13128737942899,103.39170741509179,103.39170741509172,31.469979768568074,777.6932647433205,200.2584110775235,210.42857096439516,1.2712699858589573,109.10697330839368,133.37892332390683,1.2135975007756579,3.5469086498115936,2.0205609064192283,1.0,0.6138750357709883,20.8
2906.579046457526,304.3762459809663,0.7,10000.0,0.9046425649873645,0.04035330758141919,0.0028823791129585137,14.411895564792568,124.52299479452078,21.13128737942899,103.39170741509179,103.39170741509172,31.469979768568074,777.6932647433205,200.32177635405944,210.42857096439516,1.2633493262919657,109.16757739675737,133.37892332390683,1.2105672963574734,3.546329083333495,1.9379115066564063,1.0,0.6138750357709883,20.85
2906.579046457526,304.3762459809663,0.7,10000.0,0.9046425649873645,0.04035330758141919,0.0028823791129585137,14.411895564792568,124.52299479452078,21.13128737942899,103.39170741509179,103.39170741509172,31.469979768568074,777.6932647433205,200.38474683264576,210.42857096439516,1.2554780164686754,109.22803016413019,133.37892332390683,1.2075446579888323,3.545750963961954,1.7970300656418223,1.0,0.6138750357709883,20.900000000000002
2906.579046457526,304.3762459809663,0.7,10000.0,0.9046425649873645,0.04035330758141919,0.0028823791129585137,14.411895564792568,124.52299479452078,21.13128737942899,103.39170741509179,103.39170741509172,31.469979768568074,777.6932647433205,200.4473249730748,210.42857096439516,1.2476557489150437,109.28833198834215,133.37892332390683,1.204529566778234,3.545174288083724,1.722334061523539,1.0,0.6138750357709883,20.950000000000003
2906.579046457526,304.3762459809663,0.7,10000.0,0.9046425649873645,0.04035330758141919,0.0028823791129585137,14.411895564792568,124.52299479452078,21.13128737942899,103.39170741509179,103.39170741509172,31.469979768568074,777.6932647433205,200.50951321981316,210.42857096439516,1.2398822180727507,109.34848324627984,133.37892332390683,1.2015220038813497,3.5445990520945783,1.7797902276997448,1.0,0.6138750357709883,21.0
2906.579046457526,304.3762459809663,0.7,10000.0,0.9046425649873645,0.04035330758141919,0.0028823791129585137,14.411895564792568,124.52299479452078,21.13128737942899,103.39170741509179,103.39170741509172,31.469979768568074,777.6932647433205,200.57131400209707,210.42857096439516,1.2321571202872619,109.40848431388882,133.37892332390683,1.1985219505009006,3.54402525239929,1.9186569530097115,1.0,0.6138750357709883,21.05
2906.579046457526,304.3762459809663,0.7,10000.0,0.9046425649873645,0.04035330758141919,0.0028823791129585137,14.411895564792568,124.52299479452078,21.13128737942899,103.39170741509179,103.39170741509172,31.469979768568074,777.6932647433205,200.6327297340275,210.42857096439516,1.2244801537959589,109.46833556617597,133.37892332390683,1.1955293878865434,3.543452885411609,2.016296027357581,1.0,0.6138750357709883,21.1
2906.579046457526,304.3762459809663,0.7,10000.0,0.9046425649873645,0.04035330758141919,0.0028823791129585137,14.411895564792568,124.52299479452078,21.13128737942899,103.39170741509179,103.39170741509172,31.469979768568074,777.6932647433205,200.69376281466427,210.42857096439516,1.216851018716362,109.52803737721179,133.37892332390683,1.1925442973347522,3.54288194755424,1.9864788651217393,1.0,0.6138750357709883,21.150000000000002
2906.579046457526,304.3762459809663,0.7,10000.0,0.9046425649873645,0.04035330758141919,0.0028823791129585137,14.411895564792568,124.52299479452078,21.13128737942899,103.39170741509179,103.39170741509172,31.469979768568074,777.6932647433205,200.75441562811986,210.42857096439516,1.2092694170344132,109.5875901201328,133.37892332390683,1.1895666601887016,3.5423124352588196,1.8555380769296808,1.0,0.6138750357709883,21.200000000000003
2906.579046457526,304.3762459809663,0.7,10000.0,0.9046425649873645,0.04035330758141919,0.0028823791129585137,14.411895564792568,124.52299479452078,21.13128737942899,103.39170741509179,103.39170741509172,31.469979768568074,777.6932647433205,200.8146905436525,210.42857096439516,1.2017350525928343,109.64699416714384,133.37892332390683,1.1865964578381494,3.541744344965894,1.7391121921450168,1.0,0.6138750357709883,21.25
2906.579046457526,304.3762459809663,0.7,10000.0,0.9046425649873645,0.04035330758141919,0.0028823791129585137,14.411895564792568,124.52299479452078,21.13128737942899,103.39170741509179,103.39170741509172,31.469979768568074,777.6932647433205,200.87458991575872,210.42857096439516,1.1942476310795556,109.70624988952041,133.37892332390683,1.1836336717193212,3.541177673124897,1.7400211057928043,1.0,0.6138750357709883,21.3
2906.579046457526,304.3762459809663,0.7,10000.0,0.9046425649873645,0.04035330758141919,0.0028823791129585137,14.411895564792568,124.52299479452078,21.13128737942899,103.39170741509179,103.39170741509172,31.469979768568074,777.6932647433205,200.9341160842654,210.42857096439516,1.186806860016219,109.76535765761095,133.37892332390683,1.1806782833147942,3.540612416194128,1.8574621234717408,1.0,0.6138750357709883,21.35
2906.579046457526,304.3762459809663,0.7,10000.0,0.9046425649873645,0.04035330758141919,0.0028823791129585137,14.411895564792568,124.52299479452078,21.13128737942899,103.39170741509179,103.39170741509172,31.469979768568074,777.6932647433205,200.99327137442106,210.42857096439516,1.1794124487467634,109.82431784083921,133.37892332390683,1.1777302741533808,3.5400485706407285,1.987718849711251,1.0,0.6138750357709883,21.400000000000002
2906.579046457526,304.3762459809663,0.7,10000.0,0.9046425649873645,0.04035330758141919,0.0028823791129585137,14.411895564792568,124.52299479452078,21.13128737942899,103.39170741509179,103.39170741509172,31.469979768568074,777.6932647433205,201.0520580969867,210.42857096439516,1.1720641084260564,109.88313080770654,133.37892332390683,1.1747896258100148,3.539486132940663,2.015756874912558,1.0,0.6138750357709883,21.450000000000003
2906.579046457526,304.3762459809663,0.7,10000.0,0.9046425649873645,0.04035330758141919,0.0028823791129585137,14.411895564792568,124.52299479452078,21.13128737942899,103.39170741509179,103.39170741509172,31.469979768568074,777.6932647433205,201.11047854832623,210.42857096439516,1.164761552008617,109.94179692579414,133.37892332390683,1.1718563199056349,3.5389250995786936,1.9168148084857333,1.0,0.6138750357709883,21.5
2906.579046457526,304.3762459809663,0.7,10000.0,0.9046425649873645,0.04035330758141919,0.0028823791129585137,14.411895564792568,124.52299479452078,21.13128737942899,103.39170741509179,103.39170741509172,31.469979768568074,777.6932647433205,201.16853501049587,210.42857096439516,1.1575044942374113,110.00031656176546,133.37892332390683,1.1689303381070686,3.53836546704836,1.7782719553200792,1.0,0.6138750357709883,21.55
2906.579046457526,304.3762459809663,0.7,10000.0,0.9046425649873645,0.04035330758141919,0.0028823791129585137,14.411895564792568,124.52299479452078,21.13128737942899,103.39170741509179,103.39170741509172,31.469979768568074,777.6932647433205,201.22622975133362,210.42857096439516,1.150292651632693,110.05869008136841,133.37892332390683,1.166011662126921,3.5378072318519576,1.7224805023473069,1.0,0.6138750357709883,21.6
2906.579046457526,304.3762459809663,0.7,10000.0,0.9046425649873645,0.04035330758141919,0.0028823791129585137,14.411895564792568,124.52299479452078,21.13128737942899,103.39170741509179,103.39170741509172,31.469979768568074,777.6932647433205,201.28356502454758,210.42857096439516,1.1431257424809473,110.1169178494377,133.37892332390683,1.1631002737234568,3.5372503905005135,1.7987118924993821,1.0,0.6138750357709883,21.650000000000002
2906.579046457526,304.3762459809663,0.7,10000.0,0.9046425649873645,0.04035330758141919,0.0028823791129585137,14.411895564792568,124.52299479452078,21.13128737942899,103.39170741509179,103.39170741509172,31.469979768568074,777.6932647433205,201.3405430698042,210.42857096439516,1.1360034868238706,110.17500022989704,133.37892332390683,1.1601961547004898,3.5366949395137675,1.9396434376341698,1.0,0.6138750357709883,21.700000000000003
2906.579046457526,304.3762459809663,0.7,10000.0,0.9046425649873645,0.04035330758141919,0.0028823791129585137,14.411895564792568,124.52299479452078,21.13128737942899,103.39170741509179,103.39170741509172,31.469979768568074,777.6932647433205,201.39716611281557,210.42857096439516,1.1289256064474493,110.2329375857615,133.37892332390683,1.1572992869072665,3.53614087542015,2.0208134108492617,1.0,0.6138750357709883,21.75
2906.579046457526,304.3762459809663,0.7,10000.0,0.9046425649873645,0.04035330758141919,0.0028823791129585137,14.411895564792568,124.52299479452078,21.13128737942899,103.39170741509179,103.39170741509172,31.469979768568074,777.6932647433205,201.45343636542654,210.42857096439516,1.1218918248710779,110.29073027913977,133.37892332390683,1.1544096522383533,3.535588194756759,1.9705376833052948,1.0,0.6138750357709883,21.8
2906.579046457526,304.3762459809663,0.7,10000.0,0.9046425649873645,0.04035330758141919,0.0028823791129585137,14.411895564792568,124.52299479452078,21.13128737942899,103.39170741509179,103.39170741509172,31.469979768568074,777.6932647433205,201.509356025701,210.42857096439516,1.1149018673367692,110.34837867123635,133.37892332390683,1.1515272326335242,3.5350368940693366,1.8332165620124032,1.0,0.6138750357709883,21.85
2906.579046457526,304.3762459809663,0.7,10000.0,0.9046425649873645,0.04035330758141919,0.0028823791129585137,14.411895564792568,124.52299479452078,21.13128737942899,103.39170741509179,103.39170741509172,31.469979768568074,777.6932647433205,201.5649272780078,210.42857096439516,1.107955460798422,110.40588312235387,133.37892332390683,1.148652010077648,3.5344869699122534,1.7301232784528802,1.0,0.6138750357709883,21.900000000000002
2906.579046457526,304.3762459809663,0.7,10000.0,0.9046425649873645,0.04035330758141919,0.0028823791129585137,14.411895564792568,124.52299479452078,21.13128737942899,103.39170741509179,103.39170741509172,31.469979768568074,777.6932647433205,201.620152293106,210.42857096439516,1.101052333911145,110.46324399189535,133.37892332390683,1.145783966600574,3.5339384188484813,1.752303226981573,1.0,0.6138750357709883,21.950000000000003
2906.579046457526,304.3762459809663,0.7,10000.0,0.9046425649873645,0.04035330758141919,0.0028823791129585137,14.411895564792568,124.52299479452078,21.13128737942899,103.39170741509179,103.39170741509172,31.469979768568074,777.6932647433205,201.67503322822984,210.42857096439516,1.094192217020666,110.52046163836643,133.37892332390683,1.1429230842770202,3.5333912374495737,1.8801684956530167,1.0,0.6138750357709883,22.0
2906.579046457526,304.3762459809663,0.7,10000.0,0.9046425649873645,0.04035330758141919,0.0028823791129585137,14.411895564792568,124.52299479452078,21.13128737942899,103.39170741509179,103.39170741509172,31.469979768568074,777.6932647433205,201.72957222717278,210.42857096439516,1.0873748421527978,110.57753641937755,133.37892332390683,1.140069345226464,3.5328454222956456,2.0007966572383262,1.0,0.6138750357709883,22.05
2906.579046457526,304.3762459809663,0.7,10000.0,0.9046425649873645,0.04035330758141919,0.0028823791129585137,14.411895564792568,124.52299479452078,21.13128737942899,103.39170741509179,103.39170741509172,31.469979768568074,777.6932647433205,201.78377142037144,210.42857096439516,1.0805999430029658,110.6344686916463,133.37892332390683,1.1372227316130263,3.532300969975351,2.007656634613582,1.0,0.6138750357709883,22.1
2906.579046457526,304.3762459809663,0.7,10000.0,0.9046425649873645,0.04035330758141919,0.0028823791129585137,14.411895564792568,124.52299479452078,21.13128737942899,103.39170741509179,103.39170741509172,31.469979768568074,777.6932647433205,201.83763292498867,210.42857096439516,1.073867254925812,110.69125881099956,133.37892332390683,1.1343832256453639,3.53175787708586,1.8946901345143543,1.0,0.6138750357709883,22.150000000000002
2906.579046457526,304.3762459809663,0.7,10000.0,0.9046425649873645,0.04035330758141919,0.0028823791129585137,14.411895564792568,124.52299479452078,21.13128737942899,103.39170741509179,103.39170741509172,31.469979768568074,777.6932647433205,201.89115884499634,210.42857096439516,1.0671765149248529,110.74790713237576,133.37892332390683,1.1315508095765536,3.5312161402328415,1.7616619446682589,1.0,0.6138750357709883,22.200000000000003
2906.579046457526,304.3762459809663,0.7,10000.0,0.9046425649873645,0.04035330758141919,0.0028823791129585137,14.411895564792568,124.52299479452078,21.13128737942899,103.39170741509179,103.39170741509172,31.469979768568074,777.6932647433205,201.94435127125752,210.42857096439516,1.0605274616422058,110.80441400982708,133.37892332390683,1.1287254657039874,3.5306757560304374,1.7260540540725513,1.0,0.6138750357709883,22.25
2906.579046457526,304.3762459809663,0.7,10000.0,0.9046425649873645,0.04035330758141919,0.0028823791129585137,14.411895564792568,124.52299479452078,21.13128737942899,103.39170741509179,103.39170741509172,31.469979768568074,777.6932647433205,201.9972122816081,210.42857096439516,1.0539198353483812,110.86077979652173,133.37892332390683,1.1259071763692554,3.530136721101245,1.819313074276905,1.0,0.6138750357709883,22.3
2906.579046457526,304.3762459809663,0.7,10000.0,0.9046425649873645,0.04035330758141919,0.0028823791129585137,14.411895564792568,124.52299479452078,21.13128737942899,103.39170741509179,103.39170741509172,31.469979768568074,777.6932647433205,202.04974394093807,210.42857096439516,1.0473533779321365,110.91700484474602,133.37892332390683,1.1230959239580407,3.529599032076294,1.9590786033373453,1.0,0.6138750357709883,22.35
2906.579046457526,304.3762459809663,0.7,10000.0,0.9046425649873645,0.04035330758141919,0.0028823791129585137,14.411895564792568,124.52299479452078,21.13128737942899,103.39170741509179,103.39170741509172,31.469979768568074,777.6932647433205,202.10194830127202,210.42857096439516,1.0408278328903933,110.9730895059067,133.37892332390683,1.1202916909000067,3.529062685595027,2.021918665171775,1.0,0.6138750357709883,22.400000000000002
2906.579046457526,304.3762459809663,0.7,10000.0,0.9046425649873645,0.04035330758141919,0.0028823791129585137,14.411895564792568,124.52299479452078,21.13128737942899,103.39170741509179,103.39170741509172,31.469979768568074,777.6932647433205,202.1538274018494,210.42857096439516,1.034342945318219,111.02903413053308,133.37892332390683,1.1174944596686878,3.5285276783052764,1.952336936320058,1.0,0.6138750357709883,22.450000000000003
2906.579046457526,304.3762459809663,0.7,10000.0,0.9046425649873645,0.04035330758141919,0.0028823791129585137,14.411895564792568,124.52299479452078,21.13128737942899,103.39170741509179,103.39170741509172,31.469979768568074,777.6932647433205,202.2053832692042,210.42857096439516,1.0278984618988716,111.08483906827924,133.37892332390683,1.1147042127813798,3.5279940068632447,1.81178354936529,1.0,0.6138750357709883,22.5
2906.579046457526,304.3762459809663,0.7,10000.0,0.9046425649873645,0.04035330758141919,0.0028823791129585137,14.411895564792568,124.52299479452078,21.13128737942899,103.39170741509179,103.39170741509172,31.469979768568074,777.6932647433205,202.256617917244,210.42857096439516,1.0214941308938954,111.14050466792624,133.37892332390683,1.1119209327990298,3.5274616679334834,1.7243862660921712,1.0,0.6138750357709883,22.55
2906.579046457526,304.3762459809663,0.7,10000.0,0.9046425649873645,0.04035330758141919,0.0028823791129585137,14.411895564792568,124.52299479452078,21.13128737942899,103.39170741509179,103.39170741509172,31.469979768568074,777.6932647433205,202.3075333473288,210.42857096439516,1.0151297021332937,111.19603127738424,133.37892332390683,1.1091446023261298,3.526930658188873,1.7673287772940962,1.0,0.6138750357709883,22.6
2906.579046457526,304.3762459809663,0.7,10000.0,0.9046425649873645,0.04035330758141919,0.0028823791129585137,14.411895564792568,124.52299479452078,21.13128737942899,103.39170741509179,103.39170741509172,31.469979768568074,777.6932647433205,202.35813154834906,210.42857096439516,1.0088049270057624,111.25141924369474,133.37892332390683,1.1063752040106045,3.5264009743106004,1.9026870036129377,1.0,0.6138750357709883,22.650000000000002
2906.579046457526,304.3762459809663,0.7,10000.0,0.9046425649873645,0.04035330758141919,0.0028823791129585137,14.411895564792568,124.52299479452078,21.13128737942899,103.39170741509179,103.39170741509172,31.469979768568074,777.6932647433205,202.40841449680343,210.42857096439516,1.0025195584489666,111.30666891303271,133.37892332390683,1.103612720543706,3.5258726129881404,2.0109212168642614,1.0,0.6138750357709883,22.700000000000003
2906.579046457526,304.3762459809663,0.7,10000.0,0.9046425649873645,0.04035330758141919,0.0028823791129585137,14.411895564792568,124.52299479452078,21.13128737942899,103.39170741509179,103.39170741509172,31.469979768568074,777.6932647433205,202.45838415687598,210.42857096439516,0.996273350939898,111.36178063070876,133.37892332390683,1.1008571346599034,3.525345570919232,1.9964458823947107,1.0,0.6138750357709883,22.75
2906.579046457526,304.3762459809663,0.7,10000.0,0.9046425649873645,0.04035330758141919,0.0028823791129585137,14.411895564792568,124.52299479452078,21.13128737942899,103.39170741509179,103.39170741509172,31.469979768568074,777.6932647433205,202.5080424805129,210.42857096439516,0.9900660604852831,111.41675474117132,133.37892332390683,1.0981084291367758,3.524819844809861,1.8720446897881482,1.0,0.6138750357709883,22.8
2906.579046457526,304.3762459809663,0.7,10000.0,0.9046425649873645,0.04035330758141919,0.0028823791129585137,14.411895564792568,124.52299479452078,21.13128737942899,103.39170741509179,103.39170741509172,31.469979768568074,777.6932647433205,202.55739140749876,210.42857096439516,0.983897444612051,111.47159158800874,133.37892332390683,1.095366586794905,3.524295431374238,1.7475808158495836,1.0,0.6138750357709883,22.85
2906.579046457526,304.3762459809663,0.7,10000.0,0.9046425649873645,0.04035330758141919,0.0028823791129585137,14.411895564792568,124.52299479452078,21.13128737942899,103.39170741509179,103.39170741509172,31.469979768568074,777.6932647433205,202.60643286553233,210.42857096439516,0.9777672623578546,111.52629151395149,133.37892332390683,1.092631590497767,3.5237723273347767,1.7329727935272456,1.0,0.6138750357709883,22.900000000000002
2906.579046457526,304.3762459809663,0.7,10000.0,0.9046425649873645,0.04035330758141919,0.0028823791129585137,14.411895564792568,124.52299479452078,21.13128737942899,103.39170741509179,103.39170741509172,31.469979768568074,777.6932647433205,202.65516877030177,210.42857096439516,0.9716752742616741,111.5808548608743,133.37892332390683,1.0899034231516267,3.5232505294220755,1.841121493829972,1.0,0.6138750357709883,22.950000000000003
2906.579046457526,304.3762459809663,0.7,10000.0,0.9046425649873645,0.04035330758141919,0.0028823791129585137,14.411895564792568,124.52299479452078,21.13128737942899,103.39170741509179,103.39170741509172,31.469979768568074,777.6932647433205,202.70360102555958,210.42857096439516,0.9656212423544481,111.63528196979826,133.37892332390683,1.0871820677054287,3.522730034374895,1.9765169016720294,1.0,0.6138750357709883,23.0
2906.579046457526,304.3762459809663,0.7,10000.0,0.9046425649873645,0.04035330758141919,0.0028823791129585137,14.411895564792568,124.52299479452078,21.13128737942899,103.39170741509179,103.39170741509172,31.469979768568074,777.6932647433205,202.75173152319687,210.42857096439516,0.9596049301497871,111.68957318089298,133.37892332390683,1.0844675071506926,3.5222108389401408,2.019586452524826,1.0,0.6138750357709883,23.05
2906.579046457526,304.3762459809663,0.7,10000.0,0.9046425649873645,0.04035330758141919,0.0028823791129585137,14.411895564792568,124.52299479452078,21.13128737942899,103.39170741509179,103.39170741509172,31.469979768568074,777.6932647433205,202.79956214331733,210.42857096439516,0.953626102634729,111.7437288334787,133.37892332390683,1.0817597245214068,3.521692939872838,1.9322938737366249,1.0,0.6138750357709883,23.1
2906.579046457526,304.3762459809663,0.7,10000.0,0.9046425649873645,0.04035330758141919,0.0028823791129585137,14.411895564792568,124.52299479452078,21.13128737942899,103.39170741509179,103.39170741509172,31.469979768568074,777.6932647433205,202.84709475431066,210.42857096439516,0.9476845262605629,111.79774926602842,133.37892332390683,1.0790587028939207,3.521176333936118,1.7917303877964088,1.0,0.6138750357709883,23.150000000000002
2906.579046457526,304.3762459809663,0.7,10000.0,0.9046425649873645,0.04035330758141919,0.0028823791129585137,14.411895564792568,124.52299479452078,21.13128737942899,103.39170741509179,103.39170741509172,31.469979768568074,777.6932647433205,202.8943312129255,210.42857096439516,0.9417799689337087,111.85163481617003,133.37892332390683,1.0763644253868399,3.52066101790119,1.722032675266478,1.0,0.6138750357709883,23.200000000000003
2906.579046457526,304.3762459809663,0.7,10000.0,0.9046425649873645,0.04035330758141919,0.0028823791129585137,14.411895564792568,124.52299479452078,21.13128737942899,103.39170741509179,103.39170741509172,31.469979768568074,777.6932647433205,202.941273364342,210.42857096439516,0.9359122000066442,111.9053858206884,133.37892332390683,1.0736768751609218,3.5201469885473275,1.784753298097087,1.0,0.6138750357709883,23.25
2906.579046457526,304.3762459809663,0.7,10000.0,0.9046425649873645,0.04035330758141919,0.0028823791129585137,14.411895564792568,124.52299479452078,21.13128737942899,103.39170741509179,103.39170741509172,31.469979768568074,777.6932647433205,202.98792304224398,210.42857096439516,0.9300809902688982,111.95900261552747,133.37892332390683,1.0709960354189683,3.519634242661846,1.9245014137167131,1.0,0.6138750357709883,23.3
2906.579046457526,304.3762459809663,0.7,10000.0,0.9046425649873645,0.04035330758141919,0.0028823791129585137,14.411895564792568,124.52299479452078,21.13128737942899,103.39170741509179,103.39170741509172,31.469979768568074,777.6932647433205,203.03428206889038,210.42857096439516,0.9242861119380983,112.01248553579238,133.37892332390683,1.0683218894057227,3.519122777040082,2.017860424480372,1.0,0.6138750357709883,23.35
2906.579046457526,304.3762459809663,0.7,10000.0,0.9046425649873645,0.04035330758141919,0.0028823791129585137,14.411895564792568,124.52299479452078,21.13128737942899,103.39170741509179,103.39170741509172,31.469979768568074,777.6932647433205,203.08035225518657,210.42857096439516,0.9185273386510744,112.06583491575157,133.37892332390683,1.0656544204077634,3.5186125884853734,1.9823816231778533,1.0,0.6138750357709883,23.400000000000002
2906.579046457526,304.3762459809663,0.7,10000.0,0.9046425649873645,0.04035330758141919,0.0028823791129585137,14.411895564792568,124.52299479452078,21.13128737942899,103.39170741509179,103.39170741509172,31.469979768568074,777.6932647433205,203.12613540075506,210.42857096439516,0.9128044454550128,112.11905108883883,133.37892332390683,1.0629936117534,3.51810367380904,1.8493976179507883,1.0,0.6138750357709883,23.450000000000003
2906.579046457526,304.3762459809663,0.7,10000.0,0.9046425649873645,0.04035330758141919,0.0028823791129585137,14.411895564792568,124.52299479452078,21.13128737942899,103.39170741509179,103.39170741509172,31.469979768568074,777.6932647433205,203.1716332940058,210.42857096439516,0.9071172087986703,112.17213438765542,133.37892332390683,1.0603394468125706,3.5175960298303637,1.7363513767671583,1.0,0.6138750357709883,23.5
2906.579046457526,304.3762459809663,0.7,10000.0,0.9046425649873645,0.04035330758141919,0.0028823791129585137,14.411895564792568,124.52299479452078,21.13128737942899,103.39170741509179,103.39170741509172,31.469979768568074,777.6932647433205,203.21684771220603,210.42857096439516,0.9014654065236414,112.22508514397212,133.37892332390683,1.0576919089967354,3.5170896533765674,1.7430781095802708,1.0,0.6138750357709883,23.55
2906.579046457526,304.3762459809663,0.7,10000.0,0.9046425649873645,0.04035330758141919,0.0028823791129585137,14.411895564792568,124.52299479452078,21.13128737942899,103.39170741509179,103.39170741509172,31.469979768568074,777.6932647433205,203.2617804215497,210.42857096439516,0.8958488178556827,112.27790368873134,133.37892332390683,1.0550509817587745,3.5165845412827976,1.8636371962006204,1.0,0.6138750357709883,23.6
2906.579046457526,304.3762459809663,0.7,10000.0,0.9046425649873645,0.04035330758141919,0.0028823791129585137,14.411895564792568,124.52299479452078,21.13128737942899,103.39170741509179,103.39170741509172,31.469979768568074,777.6932647433205,203.3064331772265,210.42857096439516,0.8902672233960836,112.33059035204914,133.37892332390683,1.0524166485928845,3.5160806903921014,1.9915585620953662,1.0,0.6138750357709883,23.650000000000002
2906.579046457526,304.3762459809663,0.7,10000.0,0.9046425649873645,0.04035330758141919,0.0028823791129585137,14.411895564792568,124.52299479452078,21.13128737942899,103.39170741509179,103.39170741509172,31.469979768568074,777.6932647433205,203.35080772349036,210.42857096439516,0.8847204051131001,112.38314546321736,133.37892332390683,1.0497888930344736,3.5155780975554087,2.0138702385562413,1.0,0.6138750357709883,23.700000000000003
2906.579046457526,304.3762459809663,0.7,10000.0,0.9046425649873645,0.04035330758141919,0.0028823791129585137,14.411895564792568,124.52299479452078,21.13128737942899,103.39170741509179,103.39170741509172,31.469979768568074,777.6932647433205,203.39490579372765,210.42857096439516,0.8792081463334398,112.4355693507056,133.37892332390683,1.0471676986600613,3.5150767596315133,1.9108679799525774,1.0,0.6138750357709883,23.75
2906.579046457526,304.3762459809663,0.7,10000.0,0.9046425649873645,0.04035330758141919,0.0028823791129585137,14.411895564792568,124.52299479452078,21.13128737942899,103.39170741509179,103.39170741509172,31.469979768568074,777.6932647433205,203.43872911052483,210.42857096439516,0.8737302317337914,112.48786234216334,133.37892332390683,1.0445530490871746,3.5145766734870514,1.773516793220743,1.0,0.6138750357709883,23.8
2906.579046457526,304.3762459809663,0.7,10000.0,0.9046425649873645,0.04035330758141919,0.0028823791129585137,14.411895564792568,124.52299479452078,21.13128737942899,103.39170741509179,103.39170741509172,31.469979768568074,777.6932647433205,203.4822793857358,210.42857096439516,0.8682864473324194,112.54002476442193,133.37892332390683,1.0419449279742452,3.514077835996483,1.7231164617152095,1.0,0.6138750357709883,23.85
2906.579046457526,304.3762459809663,0.7,10000.0,0.9046425649873645,0.04035330758141919,0.0028823791129585137,14.411895564792568,124.52299479452078,21.13128737942899,103.39170741509179,103.39170741509172,31.469979768568074,777.6932647433205,203.52555832054873,210.42857096439516,0.8628765804808047,112.59205694349669,133.37892332390683,1.0393433190205073,3.5135802440420725,1.804177334695756,1.0,0.6138750357709883,23.900000000000002
2906.579046457526,304.3762459809663,0.7,10000.0,0.9046425649873645,0.04035330758141919,0.0028823791129585137,14.411895564792568,124.52299479452078,21.13128737942899,103.39170741509179,103.39170741509172,31.469979768568074,777.6932647433205,203.5685676055525,210.42857096439516,0.8575004198553344,112.64395920458891,133.37892332390683,1.0367482059658961,3.513083894513868,1.94511163367229,1.0,0.6138750357709883,23.950000000000003
2906.579046457526,304.3762459809663,0.7,10000.0,0.9046425649873645,0.04035330758141919,0.0028823791129585137,14.411895564792568,124.52299479452078,21.13128737942899,103.39170741509179,103.39170741509172,31.469979768568074,777.6932647433205,203.61130892080277,210.42857096439516,0.8521577554490491,112.69573187208789,133.37892332390683,1.0341595725909472,3.5125887843096835,2.0214551997255272,1.0,0.6138750357709883,24.0
2906.579046457526,304.3762459809663,0.7,10000.0,0.9046425649873645,0.04035330758141919,0.0028823791129585137,14.411895564792568,124.52299479452078,21.13128737942899,103.39170741509179,103.39170741509172,31.469979768568074,777.6932647433205,203.65378393588762,210.42857096439516,0.8468483785634433,112.74737526957297,133.37892332390683,1.031577402716693,3.5120949103350783,1.9657862781319728,1.0,0.6138750357709883,24.05
2906.579046457526,304.3762459809663,0.7,10000.0,0.9046425649873645,0.04035330758141919,0.0028823791129585137,14.411895564792568,124.52299479452078,21.13128737942899,103.39170741509179,103.39170741509172,31.469979768568074,777.6932647433205,203.6959943099927,210.42857096439516,0.8415720818003081,112.79888971981555,133.37892332390683,1.0290016802045643,3.511602269503339,1.82726809994617,1.0,0.6138750357709883,24.1
2906.579046457526,304.3762459809663,0.7,10000.0,0.9046425649873645,0.04035330758141919,0.0028823791129585137,14.411895564792568,124.52299479452078,21.13128737942899,103.39170741509179,103.39170741509172,31.469979768568074,777.6932647433205,203.73794169196614,210.42857096439516,0.8363286590536276,112.8502755447811,133.37892332390683,1.0264323889562867,3.5111108587354583,1.7282310607363267,1.0,0.6138750357709883,24.150000000000002
2906.579046457526,304.3762459809663,0.7,10000.0,0.9046425649873645,0.04035330758141919,0.0028823791129585137,14.411895564792568,124.52299479452078,21.13128737942899,103.39170741509179,103.39170741509172,31.469979768568074,777.6932647433205,203.77962772038288,210.42857096439516,0.8311179055015359,112.90153306563121,133.37892332390683,1.023869512913781,3.510620674960118,1.7561383392786725,1.0,0.6138750357709883,24.200000000000003
2906.579046457526,304.3762459809663,0.7,10000.0,0.9046425649873645,0.04035330758141919,0.0028823791129585137,14.411895564792568,124.52299479452078,21.13128737942899,103.39170741509179,103.39170741509172,31.469979768568074,777.6932647433205,203.8210540236087,210.42857096439516,0.8259396175983085,112.95266260272555,133.37892332390683,1.0213130360590639,3.5101317151136673,1.8863440120707495,1.0,0.6138750357709883,24.25
2906.579046457526,304.3762459809663,0.7,10000.0,0.9046425649873645,0.04035330758141919,0.0028823791129585137,14.411895564792568,124.52299479452078,21.13128737942899,103.39170741509179,103.39170741509172,31.469979768568074,777.6932647433205,203.8622222198638,210.42857096439516,0.8207935930664192,113.00366447562389,133.37892332390683,1.0187629424141469,3.5096439761401057,2.0038587566528885,1.0,0.6138750357709883,24.3
2906.579046457526,304.3762459809663,0.7,10000.0,0.9046425649873645,0.04035330758141919,0.0028823791129585137,14.411895564792568,124.52299479452078,21.13128737942899,103.39170741509179,103.39170741509172,31.469979768568074,777.6932647433205,203.90313391728614,210.42857096439516,0.8156796308886278,113.05453900308811,133.37892332390683,1.0162192160409362,3.5091574549910627,2.004901066669109,1.0,0.6138750357709883,24.35
2906.579046457526,304.3762459809663,0.7,10000.0,0.9046425649873645,0.04035330758141919,0.0028823791129585137,14.411895564792568,124.52299479452078,21.13128737942899,103.39170741509179,103.39170741509172,31.469979768568074,777.6932647433205,203.94379071399408,210.42857096439516,0.8105975313001359,113.10528650308416,133.37892332390683,1.0136818410411337,3.5086721486257804,1.8885504405776001,1.0,0.6138750357709883,24.400000000000002
2906.579046457526,304.3762459809663,0.7,10000.0,0.9046425649873645,0.04035330758141919,0.0028823791129585137,14.411895564792568,124.52299479452078,21.13128737942899,103.39170741509179,103.39170741509172,31.469979768568074,777.6932647433205,203.9841941981489,210.42857096439516,0.8055470957807813,113.15590729278408,133.37892332390683,1.0111508015561377,3.5081880540110917,1.7575603097389596,1.0,0.6138750357709883,24.450000000000003
2906.579046457526,304.3762459809663,0.7,10000.0,0.9046425649873645,0.04035330758141919,0.0028823791129585137,14.411895564792568,124.52299479452078,21.13128737942899,103.39170741509179,103.39170741509172,31.469979768568074,777.6932647433205,204.02434594801687,210.42857096439516,0.8005281270472864,113.20640168856798,133.37892332390683,1.0086260817669426,3.507705168121404,1.727612779786135,1.0,0.6138750357709883,24.5
2906.579046457526,304.3762459809663,0.7,10000.0,0.9046425649873645,0.04035330758141919,0.0028823791129585137,14.411895564792568,124.52299479452078,21.13128737942899,103.39170741509179,103.39170741509172,31.469979768568074,777.6932647433205,204.0642475320308,210.42857096439516,0.7955404290455448,113.25677000602599,133.37892332390683,1.0061076658940422,3.507223487938679,1.8251555937767785,1.0,0.6138750357709883,24.55
2906.579046457526,304.3762459809663,0.7,10000.0,0.9046425649873645,0.04035330758141919,0.0028823791129585137,14.411895564792568,124.52299479452078,21.13128737942899,103.39170741509179,103.39170741509172,31.469979768568074,777.6932647433205,204.10390050885138,210.42857096439516,0.7905838069429727,113.30701255996026,133.37892332390683,1.0035955381973287,3.5067430104524138,1.9640451770796061,1.0,0.6138750357709883,24.6
2906.579046457526,304.3762459809663,0.7,10000.0,0.9046425649873645,0.04035330758141919,0.0028823791129585137,14.411895564792568,124.52299479452078,21.13128737942899,103.39170741509179,103.39170741509172,31.469979768568074,777.6932647433205,204.1433064274281,210.42857096439516,0.7856580671208846,113.35712966438692,133.37892332390683,1.0010896829759957,3.506263732659623,2.02162313288152,1.0,0.6138750357709883,24.650000000000002
2906.579046457526,304.3762459809663,0.7,10000.0,0.9046425649873645,0.04035330758141919,0.0028823791129585137,14.411895564792568,124.52299479452078,21.13128737942899,103.39170741509179,103.39170741509172,31.469979768568074,777.6932647433205,204.1824668270596,210.42857096439516,0.7807630171669437,113.40712163253804,133.37892332390683,0.9985900845684398,3.505785651564817,1.947040293214272,1.0,0.6138750357709883,24.700000000000003
2906.579046457526,304.3762459809663,0.7,10000.0,0.9046425649873645,0.04035330758141919,0.0028823791129585137,14.411895564792568,124.52299479452078,21.13128737942899,103.39170741509179,103.39170741509172,31.469979768568074,777.6932647433205,204.22138323745403,210.42857096439516,0.7758984658676411,113.45698877686357,133.37892332390683,0.9960967273521633,3.5053087641799903,1.8061634518700023,1.0,0.6138750357709883,24.75
2906.579046457526,304.3762459809663,0.7,10000.0,0.9046425649873645,0.04035330758141919,0.0028823791129585137,14.411895564792568,124.52299479452078,21.13128737942899,103.39170741509179,103.39170741509172,31.469979768568074,777.6932647433205,204.2600571787886,210.42857096439516,0.7710642232008205,113.50673140903334,133.37892332390683,0.9936095957436748,3.504833067524593,1.7234060248626024,1.0,0.6138750357709883,24.8
2906.579046457526,304.3762459809663,0.7,10000.0,0.9046425649873645,0.04035330758141919,0.0028823791129585137,14.411895564792568,124.52299479452078,21.13128737942899,103.39170741509179,103.39170741509172,31.469979768568074,777.6932647433205,204.29849016176905,210.42857096439516,0.7662601003282639,113.55634983993895,133.37892332390683,0.9911286741983943,3.5043585586255204,1.7718540786895098,1.0,0.6138750357709883,24.85
2906.579046457526,304.3762459809663,0.7,10000.0,0.9046425649873645,0.04035330758141919,0.0028823791129585137,14.411895564792568,124.52299479452078,21.13128737942899,103.39170741509179,103.39170741509172,31.469979768568074,777.6932647433205,204.33668368768866,210.42857096439516,0.7614859095883126,113.60584437969575,133.37892332390683,0.988653947210554,3.50388523451709,1.9087213908720881,1.0,0.6138750357709883,24.900000000000002
2906.579046457526,304.3762459809663,0.7,10000.0,0.9046425649873645,0.04035330758141919,0.0028823791129585137,14.411895564792568,124.52299479452078,21.13128737942899,103.39170741509179,103.39170741509172,31.469979768568074,777.6932647433205,204.37463924848691,210.42857096439516,0.7567414644885311,113.65521533764479,133.37892332390683,0.9861853993131021,3.5034130922410247,2.013135505109821,1.0,0.6138750357709883,24.950000000000003
2906.579046457526,304.3762459809663,0.7,10000.0,0.9046425649873645,0.04035330758141919,0.0028823791129585137,14.411895564792568,124.52299479452078,21.13128737942899,103.39170741509179,103.39170741509172,31.469979768568074,777.6932647433205,204.41235832680772,210.42857096439516,0.7520265796984305,113.70446302235472,133.37892332390683,0.9837230150776058,3.5029421288464335,1.9928845538705966,1.0,0.6138750357709883,25.0
2906.579046457526,304.3762459809663,0.7,10000.0,0.9046425649873645,0.04035330758141919,0.0028823791129585137,14.411895564792568,124.52299479452078,21.13128737942899,103.39170741509179,103.39170741509172,31.469979768568074,777.6932647433205,204.4498423960574,210.42857096439516,0.7473410710422215,113.7535877416237,133.37892332390683,0.9812667791141564,3.5024723413897942,1.86585288206988,1.0,0.6138750357709883,25.05
2906.579046457526,304.3762459809663,0.7,10000.0,0.9046425649873645,0.04035330758141919,0.0028823791129585137,14.411895564792568,124.52299479452078,21.13128737942899,103.39170741509179,103.39170741509172,31.469979768568074,777.6932647433205,204.48709292046212,210.42857096439516,0.7426847554916307,113.80258980248142,133.37892332390683,0.9788166760712705,3.5020037269349333,1.7442267374956233,1.0,0.6138750357709883,25.1
2906.579046457526,304.3762459809663,0.7,10000.0,0.9046425649873645,0.04035330758141919,0.0028823791129585137,14.411895564792568,124.52299479452078,21.13128737942899,103.39170741509179,103.39170741509172,31.469979768568074,777.6932647433205,204.52411135512526,210.42857096439516,0.7380574511587383,113.8514695111909,133.37892332390683,0.9763726906357967,3.5015362825530087,1.7354185520182086,1.0,0.6138750357709883,25.150000000000002
2906.579046457526,304.3762459809663,0.7,10000.0,0.9046425649873645,0.04035330758141919,0.0028823791129585137,14.411895564792568,124.52299479452078,21.13128737942899,103.39170741509179,103.39170741509172,31.469979768568074,777.6932647433205,204.56089914608413,210.42857096439516,0.7334589772888798,113.90022717325049,133.37892332390683,0.9739348075328174,3.501070005322492,1.847207151693527,1.0,0.6138750357709883,25.200000000000003
2906.579046457526,304.3762459809663,0.7,10000.0,0.9046425649873645,0.04035330758141919,0.0028823791129585137,14.411895564792568,124.52299479452078,21.13128737942899,103.39170741509179,103.39170741509172,31.469979768568074,777.6932647433205,204.5974577303665,210.42857096439516,0.7288891542535829,113.94886309339573,133.37892332390683,0.9715030115255552,3.5006048923291484,1.9808679951122108,1.0,0.6138750357709883,25.25
2906.579046457526,304.3762459809663,0.7,10000.0,0.9046425649873645,0.04035330758141919,0.0028823791129585137,14.411895564792568,124.52299479452078,21.13128737942899,103.39170741509179,103.39170741509172,31.469979768568074,777.6932647433205,204.6337885360467,210.42857096439516,0.7243478035435587,113.99737757560128,133.37892332390683,0.9690772874152778,3.500140940666021,2.018360374104377,1.0,0.6138750357709883,25.3
2906.579046457526,304.3762459809663,0.7,10000.0,0.9046425649873645,0.04035330758141919,0.0028823791129585137,14.411895564792568,124.52299479452078,21.13128737942899,103.39170741509179,103.39170741509172,31.469979768568074,777.6932647433205,204.66989298230143,210.42857096439516,0.7198347477617162,114.04577092308281,133.37892332390683,0.9666576200412009,3.4996781474334098,1.9265734174984372,1.0,0.6138750357709883,25.35
2906.579046457526,304.3762459809663,0.7,10000.0,0.9046425649873645,0.04035330758141919,0.0028823791129585137,14.411895564792568,124.52299479452078,21.13128737942899,103.39170741509179,103.39170741509172,31.469979768568074,777.6932647433205,204.70577247946525,210.42857096439516,0.7153498106162388,114.09404343829891,133.37892332390683,0.9642439942803961,3.4992165097388557,1.7865674948186276,1.0,0.6138750357709883,25.400000000000002
2906.579046457526,304.3762459809663,0.7,10000.0,0.9046425649873645,0.04035330758141919,0.0028823791129585137,14.411895564792568,124.52299479452078,21.13128737942899,103.39170741509179,103.39170741509172,31.469979768568074,777.6932647433205,204.74142842908557,210.42857096439516,0.7108928169136988,114.14219542295294,133.37892332390683,0.9618363950476947,3.4987560246971214,1.7219868824165407,1.0,0.6138750357709883,25.450000000000003
2906.579046457526,304.3762459809663,0.7,10000.0,0.9046425649873645,0.04035330758141919,0.0028823791129585137,14.411895564792568,124.52299479452078,21.13128737942899,103.39170741509179,103.39170741509172,31.469979768568074,777.6932647433205,204.77686222397745,210.42857096439516,0.7064635925522147,114.19022717799497,133.37892332390683,0.9594348072955932,3.498296689430174,1.7898650466912254,1.0,0.6138750357709883,25.5
2906.579046457526,304.3762459809663,0.7,10000.0,0.9046425649873645,0.04035330758141919,0.0028823791129585137,14.411895564792568,124.52299479452078,21.13128737942899,103.39170741509179,103.39170741509172,31.469979768568074,777.6932647433205,204.812075248278,210.42857096439516,0.7020619645146446,114.23813900362363,133.37892332390683,0.9570392160141601,3.4978385010671675,1.9302563343359975,1.0,0.6138750357709883,25.55
2906.579046457526,304.3762459809663,0.7,10000.0,0.9046425649873645,0.04035330758141919,0.0028823791129585137,14.411895564792568,124.52299479452078,21.13128737942899,103.39170741509179,103.39170741509172,31.469979768568074,777.6932647433205,204.8470688775005,210.42857096439516,0.6976877608618324,114.28593119928797,133.37892332390683,0.954649606230943,3.4973814567444217,2.0191761393095597,1.0,0.6138750357709883,25.6
2906.579046457526,304.3762459809663,0.7,10000.0,0.9046425649873645,0.04035330758141919,0.0028823791129585137,14.411895564792568,124.52299479452078,21.13128737942899,103.39170741509179,103.39170741509172,31.469979768568074,777.6932647433205,204.881844478588,210.42857096439516,0.6933408107258963,114.33360406368939,133.37892332390683,0.952265963010872,3.496925553605409,1.9780961770308592,1.0,0.6138750357709883,25.650000000000002
2906.579046457526,304.3762459809663,0.7,10000.0,0.9046425649873645,0.04035330758141919,0.0028823791129585137,14.411895564792568,124.52299479452078,21.13128737942899,103.39170741509179,103.39170741509172,31.469979768568074,777.6932647433205,204.91640340996685,210.42857096439516,0.6890209443035396,114.38115789478344,133.37892332390683,0.9498882714561695,3.4964707888007327,1.8432956427742218,1.0,0.6138750357709883,25.700000000000003
2906.579046457526,304.3762459809663,0.7,10000.0,0.9046425649873645,0.04035330758141919,0.0028823791129585137,14.411895564792568,124.52299479452078,21.13128737942899,103.39170741509179,103.39170741509172,31.469979768568074,777.6932647433205,204.95074702159968,210.42857096439516,0.6847279928494352,114.4285929897817,133.37892332390683,0.9475165167062564,3.4960171594881118,1.7338217467642092,1.0,0.6138750357709883,25.75
2906.579046457526,304.3762459809663,0.7,10000.0,0.9046425649873645,0.04035330758141919,0.0028823791129585137,14.411895564792568,124.52299479452078,21.13128737942899,103.39170741509179,103.39170741509172,31.469979768568074,777.6932647433205,204.98487665503822,210.42857096439516,0.6804617886696178,114.4759096451537,133.37892332390683,0.9451506839376563,3.4955646628323613,1.7463548321783637,1.0,0.6138750357709883,25.8
2906.579046457526,304.3762459809663,0.7,10000.0,0.9046425649873645,0.04035330758141919,0.0028823791129585137,14.411895564792568,124.52299479452078,21.13128737942899,103.39170741509179,103.39170741509172,31.469979768568074,777.6932647433205,205.01879364347562,210.42857096439516,0.6762221651149432,114.52310815662868,133.37892332390683,0.9427907583639076,3.495113296005376,1.8698264795751696,1.0,0.6138750357709883,25.85
2906.579046457526,304.3762459809663,0.7,10000.0,0.9046425649873645,0.04035330758141919,0.0028823791129585137,14.411895564792568,124.52299479452078,21.13128737942899,103.39170741509179,103.39170741509172,31.469979768568074,777.6932647433205,205.05249931179853,210.42857096439516,0.6720089565745795,114.57018881919747,133.37892332390683,0.9404367252354682,3.4946630561861114,1.995194427026829,1.0,0.6138750357709883,25.900000000000002
2906.579046457526,304.3762459809663,0.7,10000.0,0.9046425649873645,0.04035330758141919,0.0028823791129585137,14.411895564792568,124.52299479452078,21.13128737942899,103.39170741509179,103.39170741509172,31.469979768568074,777.6932647433205,205.08599497663891,210.42857096439516,0.667821998469531,114.61715192711438,133.37892332390683,0.9380885698396227,3.4942139405605674,2.0117417216813696,1.0,0.6138750357709883,25.950000000000003
2906.579046457526,304.3762459809663,0.7,10000.0,0.9046425649873645,0.04035330758141919,0.0028823791129585137,14.411895564792568,124.52299479452078,21.13128737942899,103.39170741509179,103.39170741509172,31.469979768568074,777.6932647433205,205.11928194642545,210.42857096439516,0.6636611272462147,114.66399777389898,133.37892332390683,0.9357462775003924,3.4937659463217696,1.9048548512386534,1.0,0.6138750357709883,26.0
2906.579046457526,304.3762459809663,0.7,10000.0,0.9046425649873645,0.04035330758141919,0.0028823791129585137,14.411895564792568,124.52299479452078,21.13128737942899,103.39170741509179,103.39170741509172,31.469979768568074,777.6932647433205,205.15236152143459,210.42857096439516,0.6595261803700723,114.71072665233798,133.37892332390683,0.9334098335784425,3.4933190706697532,1.768929463357624,1.0,0.6138750357709883,26.05
2906.579046457526,304.3762459809663,0.7,10000.0,0.9046425649873645,0.04035330758141919,0.0028823791129585137,14.411895564792568,124.52299479452078,21.13128737942899,103.39170741509179,103.39170741509172,31.469979768568074,777.6932647433205,205.18523499384148,210.42857096439516,0.6554169963192109,114.75733885448702,133.37892332390683,0.9310792234709908,3.4928733108115426,1.7240061670395748,1.0,0.6138750357709883,26.1
2906.579046457526,304.3762459809663,0.7,10000.0,0.9046425649873645,0.04035330758141919,0.0028823791129585137,14.411895564792568,124.52299479452078,21.13128737942899,103.39170741509179,103.39170741509172,31.469979768568074,777.6932647433205,205.2179036477703,210.42857096439516,0.651333414578108,114.8038346716725,133.37892332390683,0.9287544326117164,3.492428663961139,1.8097583443692833,1.0,0.6138750357709883,26.150000000000002
2906.579046457526,304.3762459809663,0.7,10000.0,0.9046425649873645,0.04035330758141919,0.0028823791129585137,14.411895564792568,124.52299479452078,21.13128737942899,103.39170741509179,103.39170741509172,31.469979768568074,777.6932647433205,205.2503687593445,210.42857096439516,0.6472752756313334,114.85021439449345,133.37892332390683,0.9264354464706692,3.4919851273394964,1.9504551569039477,1.0,0.6138750357709883,26.200000000000003
2906.579046457526,304.3762459809663,0.7,10000.0,0.9046425649873645,0.04035330758141919,0.0028823791129585137,14.411895564792568,124.52299479452078,21.13128737942899,103.39170741509179,103.39170741509172,31.469979768568074,777.6932647433205,205.28263159673662,210.42857096439516,0.6432424209573178,114.89647831282326,133.37892332390683,0.9241222505541785,3.491542698174511,2.0218421785604708,1.0,0.6138750357709883,26.25
2906.579046457526,304.3762459809663,0.7,10000.0,0.9046425649873645,0.04035330758141919,0.0028823791129585137,14.411895564792568,124.52299479452078,21.13128737942899,103.39170741509179,103.39170741509172,31.469979768568074,777.6932647433205,205.31469342021785,210.42857096439516,0.6392346930221642,114.9426267158116,133.37892332390683,0.9218148304047616,3.4911013737009977,1.960874957613752,1.0,0.6138750357709883,26.3
2906.579046457526,304.3762459809663,0.7,10000.0,0.9046425649873645,0.04035330758141919,0.0028823791129585137,14.411895564792568,124.52299479452078,21.13128737942899,103.39170741509179,103.39170741509172,31.469979768568074,777.6932647433205,205.34655548220726,210.42857096439516,0.6352519352734873,114.98865989188612,133.37892332390683,0.9195131716010359,3.490661151160678,1.8213958442361073,1.0,0.6138750357709883,26.35
2906.579046457526,304.3762459809663,0.7,10000.0,0.9046425649873645,0.04035330758141919,0.0028823791129585137,14.411895564792568,124.52299479452078,21.13128737942899,103.39170741509179,103.39170741509172,31.469979768568074,777.6932647433205,205.37821902732068,210.42857096439516,0.6312939921343101,115.03457812875432,133.37892332390683,0.9172172597576257,3.49022202780216,1.7265838704972825,1.0,0.6138750357709883,26.400000000000002
2906.579046457526,304.3762459809663,0.7,10000.0,0.9046425649873645,0.04035330758141919,0.0028823791129585137,14.411895564792568,124.52299479452078,21.13128737942899,103.39170741509179,103.39170741509172,31.469979768568074,777.6932647433205,205.40968529241937,210.42857096439516,0.6273607089969744,115.08038171340534,133.37892332390683,0.9149270805250744,3.4897840008809196,1.7601709075780572,1.0,0.6138750357709883,26.450000000000003
2906.579046457526,304.3762459809663,0.7,10000.0,0.9046425649873645,0.04035330758141919,0.0028823791129585137,14.411895564792568,124.52299479452078,21.13128737942899,103.39170741509179,103.39170741509172,31.469979768568074,777.6932647433205,205.44095550665833,210.42857096439516,0.6234519322171046,115.12607093211173,133.37892332390683,0.9126426195897551,3.489347067659289,1.8924950325033012,1.0,0.6138750357709883,26.5
2906.579046457526,304.3762459809663,0.7,10000.0,0.9046425649873645,0.04035330758141919,0.0028823791129585137,14.411895564792568,124.52299479452078,21.13128737942899,103.39170741509179,103.39170741509172,31.469979768568074,777.6932647433205,205.47203089153427,210.42857096439516,0.6195675091076112,115.17164607043125,133.37892332390683,0.9103638626737791,3.4889112254064325,2.0066960413821904,1.0,0.6138750357709883,26.55
2906.579046457526,304.3762459809663,0.7,10000.0,0.9046425649873645,0.04035330758141919,0.0028823791129585137,14.411895564792568,124.52299479452078,21.13128737942899,103.39170741509179,103.39170741509172,31.469979768568074,777.6932647433205,205.50291266093336,210.42857096439516,0.6157072879327252,115.21710741320868,133.37892332390683,0.9080907955349076,3.488476471398336,2.0019189072905244,1.0,0.6138750357709883,26.6
2906.579046457526,304.3762459809663,0.7,10000.0,0.9046425649873645,0.04035330758141919,0.0028823791129585137,14.411895564792568,124.52299479452078,21.13128737942899,103.39170741509179,103.39170741509172,31.469979768568074,777.6932647433205,205.53360202117864,210.42857096439516,0.6118711179020657,115.26245524457754,133.37892332390683,0.9058234039664648,3.488042802917785,1.8823824895200567,1.0,0.6138750357709883,26.650000000000002
2906.579046457526,304.3762459809663,0.7,10000.0,0.9046425649873645,0.04035330758141919,0.0028823791129585137,14.411895564792568,124.52299479452078,21.13128737942899,103.39170741509179,103.39170741509172,31.469979768568074,777.6932647433205,205.56410017107714,210.42857096439516,0.6080588491647525,115.30768984796192,133.37892332390683,0.9035616737972454,3.4876102172543493,1.7536537068839935,1.0,0.6138750357709883,26.700000000000003
2906.579046457526,304.3762459809663,0.7,10000.0,0.9046425649873645,0.04035330758141919,0.0028823791129585137,14.411895564792568,124.52299479452078,21.13128737942899,103.39170741509179,103.39170741509172,31.469979768568074,777.6932647433205,205.59440830196675,210.42857096439516,0.6042703328035515,115.35281150607827,133.37892332390683,0.9013055908914283,3.4871787117043684,1.729417586915069,1.0,0.6138750357709883,26.75
2906.579046457526,304.3762459809663,0.7,10000.0,0.9046425649873645,0.04035330758141919,0.0028823791129585137,14.411895564792568,124.52299479452078,21.13128737942899,103.39170741509179,103.39170741509172,31.469979768568074,777.6932647433205,205.62452759776266,210.42857096439516,0.6005054208290623,115.39782050093707,133.37892332390683,0.899055141148488,3.4867482835709303,1.8310779206659635,1.0,0.6138750357709883,26.8
2906.579046457526,304.3762459809663,0.7,10000.0,0.9046425649873645,0.04035330758141919,0.0028823791129585137,14.411895564792568,124.52299479452078,21.13128737942899,103.39170741509179,103.39170741509172,31.469979768568074,777.6932647433205,205.6544592350037,210.42857096439516,0.5967639661739312,115.4427171138447,133.37892332390683,0.8968103105031069,3.4863189301638586,1.968854803403255,1.0,0.6138750357709883,26.85
2906.579046457526,304.3762459809663,0.7,10000.0,0.9046425649873645,0.04035330758141919,0.0028823791129585137,14.411895564792568,124.52299479452078,21.13128737942899,103.39170741509179,103.39170741509172,31.469979768568074,777.6932647433205,205.68420438289826,210.42857096439516,0.5930458226871131,115.48750162540512,133.37892332390683,0.8945710849250859,3.485890648799692,2.0210725042867437,1.0,0.6138750357709883,26.900000000000002
2906.579046457526,304.3762459809663,0.7,10000.0,0.9046425649873645,0.04035330758141919,0.0028823791129585137,14.411895564792568,124.52299479452078,21.13128737942899,103.39170741509179,103.39170741509172,31.469979768568074,777.6932647433205,205.71376420336995,210.42857096439516,0.589350845128152,115.53217431552169,133.37892332390683,0.8923374504192573,3.4854634368016715,1.9416156896583996,1.0,0.6138750357709883,26.950000000000003
2906.579046457526,304.3762459809663,0.7,10000.0,0.9046425649873645,0.04035330758141919,0.0028823791129585137,14.411895564792568,124.52299479452078,21.13128737942899,103.39170741509179,103.39170741509172,31.469979768568074,777.6932647433205,205.74313985110302,210.42857096439516,0.5856788891615174,115.57673546339886,133.37892332390683,0.8901093930253985,3.4850372914997205,1.8006555362647068,1.0,0.6138750357709883,27.0
2906.579046457526,304.3762459809663,0.7,10000.0,0.9046425649873645,0.04035330758141919,0.0028823791129585137,14.411895564792568,124.52299479452078,21.13128737942899,103.39170741509179,103.39170741509172,31.469979768568074,777.6932647433205,205.77233247358745,210.42857096439516,0.5820298113509637,115.62118534754396,133.37892332390683,0.8878868988181438,3.484612210230429,1.722679035992599,1.0,0.6138750357709883,27.05
2906.579046457526,304.3762459809663,0.7,10000.0,0.9046425649873645,0.04035330758141919,0.0028823791129585137,14.411895564792568,124.52299479452078,21.13128737942899,103.39170741509179,103.39170741509172,31.469979768568074,777.6932647433205,205.80134321116378,210.42857096439516,0.5784034691539226,115.66552424576889,133.37892332390683,0.885669953906897,3.484188190337038,1.7765500466277175,1.0,0.6138750357709883,27.1
2906.579046457526,304.3762459809663,0.7,10000.0,0.9046425649873645,0.04035330758141919,0.0028823791129585137,14.411895564792568,124.52299479452078,21.13128737942899,103.39170741509179,103.39170741509172,31.469979768568074,777.6932647433205,205.8301731970676,210.42857096439516,0.5747997209159443,115.70975243519193,133.37892332390683,0.8834585444357451,3.4837652291694226,1.914693137082492,1.0,0.6138750357709883,27.150000000000002
2906.579046457526,304.3762459809663,0.7,10000.0,0.9046425649873645,0.04035330758141919,0.0028823791129585137,14.411895564792568,124.52299479452078,21.13128737942899,103.39170741509179,103.39170741509172,31.469979768568074,777.6932647433205,205.85882355747393,210.42857096439516,0.5712184258651547,115.7538701922394,133.37892332390683,0.8812526565833714,3.4833433240840725,2.015109165282713,1.0,0.6138750357709883,27.200000000000003
2906.579046457526,304.3762459809663,0.7,10000.0,0.9046425649873645,0.04035330758141919,0.0028823791129585137,14.411895564792568,124.52299479452078,21.13128737942899,103.39170741509179,103.39170741509172,31.469979768568074,777.6932647433205,205.88729541154112,210.42857096439516,0.5676594441067557,115.79787779264743,133.37892332390683,0.8790522765629702,3.4829224724440806,1.9891171175736493,1.0,0.6138750357709883,27.25
2906.579046457526,304.3762459809663,0.7,10000.0,0.9046425649873645,0.04035330758141919,0.0028823791129585137,14.411895564792568,124.52299479452078,21.13128737942899,103.39170741509179,103.39170741509172,31.469979768568074,777.6932647433205,205.91558987145456,210.42857096439516,0.5641226366175758,115.84177551146365,133.37892332390683,0.8768573906221591,3.482502671619123,1.859671508081332,1.0,0.6138750357709883,27.3
2906.579046457526,304.3762459809663,0.7,10000.0,0.9046425649873645,0.04035330758141919,0.0028823791129585137,14.411895564792568,124.52299479452078,21.13128737942899,103.39170741509179,103.39170741509172,31.469979768568074,777.6932647433205,205.9437080424702,210.42857096439516,0.5606078652406197,115.88556362304895,133.37892332390683,0.874667985042894,3.4820839189854422,1.7410904199711728,1.0,0.6138750357709883,27.35
2906.579046457526,304.3762459809663,0.7,10000.0,0.9046425649873645,0.04035330758141919,0.0028823791129585137,14.411895564792568,124.52299479452078,21.13128737942899,103.39170741509179,103.39170741509172,31.469979768568074,777.6932647433205,205.9716510229577,210.42857096439516,0.5571149926796828,115.92924240107918,133.37892332390683,0.8724840461413826,3.4816662119258344,1.738097086001612,1.0,0.6138750357709883,27.400000000000002
2906.579046457526,304.3762459809663,0.7,10000.0,0.9046425649873645,0.04035330758141919,0.0028823791129585137,14.411895564792568,124.52299479452078,21.13128737942899,103.39170741509179,103.39170741509172,31.469979768568074,777.6932647433205,205.99941990444324,210.42857096439516,0.55364388249399,115.97281211854684,133.37892332390683,0.8703055602679995,3.481249547829627,1.8533350272856193,1.0,0.6138750357709883,27.450000000000003
2906.579046457526,304.3762459809663,0.7,10000.0,0.9046425649873645,0.04035330758141919,0.0028823791129585137,14.411895564792568,124.52299479452078,21.13128737942899,103.39170741509179,103.39170741509172,31.469979768568074,777.6932647433205,206.02701577165232,210.42857096439516,0.550194399092856,116.01627304776281,133.37892332390683,0.8681325138072011,3.48083392409267,1.9850334645191823,1.0,0.6138750357709883,27.5
2906.579046457526,304.3762459809663,0.7,10000.0,0.9046425649873645,0.04035330758141919,0.0028823791129585137,14.411895564792568,124.52299479452078,21.13128737942899,103.39170741509179,103.39170741509172,31.469979768568074,777.6932647433205,206.054439702552,210.42857096439516,0.5467664077303951,116.05962546035803,133.37892332390683,0.8659648931774399,3.4804193381173127,2.016884761163151,1.0,0.6138750357709883,27.55
2906.579046457526,304.3762459809663,0.7,10000.0,0.9046425649873645,0.04035330758141919,0.0028823791129585137,14.411895564792568,124.52299479452078,21.13128737942899,103.39170741509179,103.39170741509172,31.469979768568074,777.6932647433205,206.08169276839308,210.42857096439516,0.5433597745002601,116.10286962728523,133.37892332390683,0.8638026848310801,3.480005787312391,1.9207598891805606,1.0,0.6138750357709883,27.6
2906.579046457526,304.3762459809663,0.7,10000.0,0.9046425649873645,0.04035330758141919,0.0028823791129585137,14.411895564792568,124.52299479452078,21.13128737942899,103.39170741509179,103.39170741509172,31.469979768568074,777.6932647433205,206.1087760337519,210.42857096439516,0.5399743663304086,116.14600581882058,133.37892332390683,0.8616458752543125,3.4795932690932125,1.7815501875103537,1.0,0.6138750357709883,27.650000000000002
2906.579046457526,304.3762459809663,0.7,10000.0,0.9046425649873645,0.04035330758141919,0.0028823791129585137,14.411895564792568,124.52299479452078,21.13128737942899,103.39170741509179,103.39170741509172,31.469979768568074,777.6932647433205,206.13569055657194,210.42857096439516,0.5366100509779024,116.18903430456544,133.37892332390683,0.8594944509670697,3.4791817808815355,1.722196761033399,1.0,0.6138750357709883,27.700000000000003
2906.579046457526,304.3762459809663,0.7,10000.0,0.9046425649873645,0.04035330758141919,0.0028823791129585137,14.411895564792568,124.52299479452078,21.13128737942899,103.39170741509179,103.39170741509172,31.469979768568074,777.6932647433205,206.16243738820518,210.42857096439516,0.5332666970237483,116.23195535344796,133.37892332390683,0.8573483985229438,3.4787713201055586,1.795116759862119,1.0,0.6138750357709883,27.75
2906.579046457526,304.3762459809663,0.7,10000.0,0.9046425649873645,0.04035330758141919,0.0028823791129585137,14.411895564792568,124.52299479452078,21.13128737942899,103.39170741509179,103.39170741509172,31.469979768568074,777.6932647433205,206.18901757345313,210.42857096439516,0.5299441738677544,116.27476923372485,133.37892332390683,0.8552077045090989,3.478361884199899,1.9359119048797067,1.0,0.6138750357709883,27.8
2906.579046457526,304.3762459809663,0.7,10000.0,0.9046425649873645,0.04035330758141919,0.0028823791129585137,14.411895564792568,124.52299479452078,21.13128737942899,103.39170741509179,103.39170741509172,31.469979768568074,777.6932647433205,206.21543215060768,210.42857096439516,0.5266423517234351,116.31747621298301,133.37892332390683,0.8530723555461911,3.477953470605583,2.0202409290433563,1.0,0.6138750357709883,27.85
2906.579046457526,304.3762459809663,0.7,10000.0,0.9046425649873645,0.04035330758141919,0.0028823791129585137,14.411895564792568,124.52299479452078,21.13128737942899,103.39170741509179,103.39170741509172,31.469979768568074,777.6932647433205,206.2416821514916,210.42857096439516,0.5233611016129451,116.36007655814117,133.37892332390683,0.8509423382882829,3.4775460767700226,1.9736298317638845,1.0,0.6138750357709883,27.900000000000002
2906.579046457526,304.3762459809663,0.7,10000.0,0.9046425649873645,0.04035330758141919,0.0028823791129585137,14.411895564792568,124.52299479452078,21.13128737942899,103.39170741509179,103.39170741509172,31.469979768568074,777.6932647433205,206.26776860149886,210.42857096439516,0.5201002953620382,116.40257053545166,133.37892332390683,0.8488176394227587,3.4771397001470055,1.837242552986359,1.0,0.6138750357709883,27.950000000000003
2906.579046457526,304.3762459809663,0.7,10000.0,0.9046425649873645,0.04035330758141919,0.0028823791129585137,14.411895564792568,124.52299479452078,21.13128737942899,103.39170741509179,103.39170741509172,31.469979768568074,777.6932647433205,206.29369251963476,210.42857096439516,0.5168598055950504,116.44495841050195,133.37892332390683,0.8466982456702439,3.476734338196677,1.7315276142094809,1.0,0.6138750357709883,28.0
2906.579046457526,304.3762459809663,0.7,10000.0,0.9046425649873645,0.04035330758141919,0.0028823791129585137,14.411895564792568,124.52299479452078,21.13128737942899,103.39170741509179,103.39170741509172,31.469979768568074,777.6932647433205,206.31945491855564,210.42857096439516,0.513639505729941,116.48724044821641,133.37892332390683,0.8445841437845211,3.4763299883855225,1.7498456880003974,1.0,0.6138750357709883,28.05
2906.579046457526,304.3762459809663,0.7,10000.0,0.9046425649873645,0.04035330758141919,0.0028823791129585137,14.411895564792568,124.52299479452078,21.13128737942899,103.39170741509179,103.39170741509172,31.469979768568074,777.6932647433205,206.34505680460848,210.42857096439516,0.510439269973336,116.52941691285791,133.37892332390683,0.842475320552446,3.475926648186356,1.8760194231817156,1.0,0.6138750357709883,28.1
2906.579046457526,304.3762459809663,0.7,10000.0,0.9046425649873645,0.04035330758141919,0.0028823791129585137,14.411895564792568,124.52299479452078,21.13128737942899,103.39170741509179,103.39170741509172,31.469979768568074,777.6932647433205,206.37049917787022,210.42857096439516,0.5072589733156185,116.5714880680295,133.37892332390683,0.8403717627938668,3.4755243150782986,1.9986202467152556,1.0,0.6138750357709883,28.150000000000002
2906.579046457526,304.3762459809663,0.7,10000.0,0.9046425649873645,0.04035330758141919,0.0028823791129585137,14.411895564792568,124.52299479452078,21.13128737942899,103.39170741509179,103.39170741509172,31.469979768568074,777.6932647433205,206.39578303218678,210.42857096439516,0.5040984915260474,116.61345417667602,133.37892332390683,0.8382734573615409,3.4751229865467677,2.0093749526134594,1.0,0.6138750357709883,28.200000000000003
2906.579046457526,304.3762459809663,0.7,10000.0,0.9046425649873645,0.04035330758141919,0.0028823791129585137,14.411895564792568,124.52299479452078,21.13128737942899,103.39170741509179,103.39170741509172,31.469979768568074,777.6932647433205,206.42090935521196,210.42857096439516,0.5009577011479003,116.6553155010858,133.37892332390683,0.8361803911410519,3.474722660083458,1.8987856724800756,1.0,0.6138750357709883,28.25
2906.579046457526,304.3762459809663,0.7,10000.0,0.9046425649873645,0.04035330758141919,0.0028823791129585137,14.411895564792568,124.52299479452078,21.13128737942899,103.39170741509179,103.39170741509172,31.469979768568074,777.6932647433205,206.4458791284459,210.42857096439516,0.4978364794936567,116.69707230289224,133.37892332390683,0.8340925510507298,3.4743233331863284,1.7645177854127196,1.0,0.6138750357709883,28.3
2906.579046457526,304.3762459809663,0.7,10000.0,0.9046425649873645,0.04035330758141919,0.0028823791129585137,14.411895564792568,124.52299479452078,21.13128737942899,103.39170741509179,103.39170741509172,31.469979768568074,777.6932647433205,206.4706933272736,210.42857096439516,0.4947347046401944,116.7387248430755,133.37892332390683,0.8320099240415665,3.4739250033595845,1.7251481017055459,1.0,0.6138750357709883,28.35
2906.579046457526,304.3762459809663,0.7,10000.0,0.9046425649873645,0.04035330758141919,0.0028823791129585137,14.411895564792568,124.52299479452078,21.13128737942899,103.39170741509179,103.39170741509172,31.469979768568074,777.6932647433205,206.49535292100285,210.42857096439516,0.49165225542403945,116.7802733819641,133.37892332390683,0.8299324970971369,3.4735276681136633,1.8154454079849895,1.0,0.6138750357709883,28.400000000000002
2906.579046457526,304.3762459809663,0.7,10000.0,0.9046425649873645,0.04035330758141919,0.0028823791129585137,14.411895564792568,124.52299479452078,21.13128737942899,103.39170741509179,103.39170741509172,31.469979768568074,777.6932647433205,206.51985887290212,210.42857096439516,0.48858901143663047,116.82171817923651,133.37892332390683,0.827860257233516,3.4731313249652183,1.95566489861978,1.0,0.6138750357709883,28.450000000000003
2906.579046457526,304.3762459809663,0.7,10000.0,0.9046425649873645,0.04035330758141919,0.0028823791129585137,14.411895564792568,124.52299479452078,21.13128737942899,103.39170741509179,103.39170741509172,31.469979768568074,777.6932647433205,206.5442121402383,210.42857096439516,0.4855448530196078,116.86305949392289,133.37892332390683,0.8257931914991972,3.4727359714371033,2.0219736876999055,1.0,0.6138750357709883,28.5
2906.579046457526,304.3762459809663,0.7,10000.0,0.9046425649873645,0.04035330758141919,0.0028823791129585137,14.411895564792568,124.52299479452078,21.13128737942899,103.39170741509179,103.39170741509172,31.469979768568074,777.6932647433205,206.568413674314,210.42857096439516,0.4825196612601452,116.90429758440656,133.37892332390683,0.8237312869750134,3.472341605058358,1.955812093715519,1.0,0.6138750357709883,28.55
2906.579046457526,304.3762459809663,0.7,10000.0,0.9046425649873645,0.04035330758141919,0.0028823791129585137,14.411895564792568,124.52299479452078,21.13128737942899,103.39170741509179,103.39170741509172,31.469979768568074,777.6932647433205,206.5924644205047,210.42857096439516,0.4795133179863065,116.94543270842574,133.37892332390683,0.8216745307740545,3.471948223364191,1.8156098048822782,1.0,0.6138750357709883,28.6
2906.579046457526,304.3762459809663,0.7,10000.0,0.9046425649873645,0.04035330758141919,0.0028823791129585137,14.411895564792568,124.52299479452078,21.13128737942899,103.39170741509179,103.39170741509172,31.469979768568074,777.6932647433205,206.61636531829578,210.42857096439516,0.47652570576242326,116.98646512307508,133.37892332390683,0.8196229100415877,3.471555823895965,1.725184515579267,1.0,0.6138750357709883,28.650000000000002
2906.579046457526,304.3762459809663,0.7,10000.0,0.9046425649873645,0.04035330758141919,0.0028823791129585137,14.411895564792568,124.52299479452078,21.13128737942899,103.39170741509179,103.39170741509172,31.469979768568074,777.6932647433205,206.64011730131904,210.42857096439516,0.47355670788451576,117.0273950848073,133.37892332390683,0.8175764119549769,3.4711644042011836,1.7643940578585768,1.0,0.6138750357709883,28.700000000000003
2906.579046457526,304.3762459809663,0.7,10000.0,0.9046425649873645,0.04035330758141919,0.0028823791129585137,14.411895564792568,124.52299479452078,21.13128737942899,103.39170741509179,103.39170741509172,31.469979768568074,777.6932647433205,206.66372129738937,210.42857096439516,0.47060620837572387,117.06822284943479,133.37892332390683,0.8155350237236021,3.47077396183347,1.8986110717610045,1.0,0.6138750357709883,28.75
2906.579046457526,304.3762459809663,0.7,10000.0,0.9046425649873645,0.04035330758141919,0.0028823791129585137,14.411895564792568,124.52299479452078,21.13128737942899,103.39170741509179,103.39170741509172,31.469979768568074,777.6932647433205,206.68717822854086,210.42857096439516,0.4676740919817881,117.10894867213122,133.37892332390683,0.8134987325887806,3.4703844943525604,2.009303674916756,1.0,0.6138750357709883,28.8
2906.579046457526,304.3762459809663,0.7,10000.0,0.9046425649873645,0.04035330758141919,0.0028823791129585137,14.411895564792568,124.52299479452078,21.13128737942899,103.39170741509179,103.39170741509172,31.469979768568074,777.6932647433205,206.71048901106286,210.42857096439516,0.4647602441665377,117.14957280743312,133.37892332390683,0.8114675258236858,3.46999599932428,1.9987152399446675,1.0,0.6138750357709883,28.85
2906.579046457526,304.3762459809663,0.7,10000.0,0.9046425649873645,0.04035330758141919,0.0028823791129585137,14.411895564792568,124.52299479452078,21.13128737942899,103.39170741509179,103.39170741509172,31.469979768568074,777.6932647433205,206.7336545555358,210.42857096439516,0.4618645511074213,117.19009550924146,133.37892332390683,0.8094413907332687,3.469608474320535,1.8761967953923182,1.0,0.6138750357709883,28.900000000000002
2906.579046457526,304.3762459809663,0.7,10000.0,0.9046425649873645,0.04035330758141919,0.0028823791129585137,14.411895564792568,124.52299479452078,21.13128737942899,103.39170741509179,103.39170741509172,31.469979768568074,777.6932647433205,206.75667576686666,210.42857096439516,0.45898689969106243,117.23051703082326,133.37892332390683,0.8074203146541784,3.4692219169192917,1.7499487954005273,1.0,0.6138750357709883,28.950000000000003
2906.579046457526,304.3762459809663,0.7,10000.0,0.9046425649873645,0.04035330758141919,0.0028823791129585137,14.411895564792568,124.52299479452078,21.13128737942899,103.39170741509179,103.39170741509172,31.469979768568074,777.6932647433205,206.77955354432447,210.42857096439516,0.45612717750883647,117.27083762481317,133.37892332390683,0.8054042849546832,3.4688363247045664,1.7314653989381221,1.0,0.6138750357709883,29.0
2906.579046457526,304.3762459809663,0.7,10000.0,0.9046425649873645,0.04035330758141919,0.0028823791129585137,14.411895564792568,124.52299479452078,21.13128737942899,103.39170741509179,103.39170741509172,31.469979768568074,777.6932647433205,206.80228878157533,210.42857096439516,0.45328527285247944,117.31105754321501,133.37892332390683,0.803393289034591,3.4684516952664053,1.8370699595917708,1.0,0.6138750357709883,29.05
2906.579046457526,304.3762459809663,0.7,10000.0,0.9046425649873645,0.04035330758141919,0.0028823791129585137,14.411895564792568,124.52299479452078,21.13128737942899,103.39170741509179,103.39170741509172,31.469979768568074,777.6932647433205,206.8248823667173,210.42857096439516,0.4504610747097324,117.35117703740343,133.37892332390683,0.8013873143251701,3.4680680262008736,1.9734992836935557,1.0,0.6138750357709883,29.1
2906.579046457526,304.3762459809663,0.7,10000.0,0.9046425649873645,0.04035330758141919,0.0028823791129585137,14.411895564792568,124.52299479452078,21.13128737942899,103.39170741509179,103.39170741509172,31.469979768568074,777.6932647433205,206.84733518231522,210.42857096439516,0.4476544727599929,117.39119635812538,133.37892332390683,0.7993863482890724,3.4676853151100384,2.020267718003351,1.0,0.6138750357709883,29.150000000000002
2906.579046457526,304.3762459809663,0.7,10000.0,0.9046425649873645,0.04035330758141919,0.0028823791129585137,14.411895564792568,124.52299479452078,21.13128737942899,103.39170741509179,103.39170741509172,31.469979768568074,777.6932647433205,206.86964810543503,210.42857096439516,0.4448653573700163,117.43111575550175,133.37892332390683,0.7973903784202541,3.4673035596019544,1.9360723725739377,1.0,0.6138750357709883,29.200000000000003
2906.579046457526,304.3762459809663,0.7,10000.0,0.9046425649873645,0.04035330758141919,0.0028823791129585137,14.411895564792568,124.52299479452078,21.13128737942899,103.39170741509179,103.39170741509172,31.469979768568074,777.6932647433205,206.89182200767812,210.42857096439516,0.442093619589631,117.47093547902891,133.37892332390683,0.7953993922438961,3.4669227572906482,1.7952691914858345,1.0,0.6138750357709883,29.25
2906.579046457526,304.3762459809663,0.7,10000.0,0.9046425649873645,0.04035330758141919,0.0028823791129585137,14.411895564792568,124.52299479452078,21.13128737942899,103.39170741509179,103.39170741509172,31.469979768568074,777.6932647433205,206.91385775521536,210.42857096439516,0.43933915114747535,117.51065577758025,133.37892332390683,0.7934133773163289,3.4665429057961035,1.7222065387263745,1.0,0.6138750357709883,29.3
2906.579046457526,304.3762459809663,0.7,10000.0,0.9046425649873645,0.04035330758141919,0.0028823791129585137,14.411895564792568,124.52299479452078,21.13128737942899,103.39170741509179,103.39170741509172,31.469979768568074,777.6932647433205,206.93575620882095,210.42857096439516,0.43660184444677697,117.55027689940778,133.37892332390683,0.7914323212249528,3.4661640027442484,1.7814086762390169,1.0,0.6138750357709883,29.35
2906.579046457526,304.3762459809663,0.7,10000.0,0.9046425649873645,0.04035330758141919,0.0028823791129585137,14.411895564792568,124.52299479452078,21.13128737942899,103.39170741509179,103.39170741509172,31.469979768568074,777.6932647433205,206.95751822390602,210.42857096439516,0.4338815925611428,117.58979909214362,133.37892332390683,0.7894562115881605,3.465786045766937,1.920592062648947,1.0,0.6138750357709883,29.400000000000002
2906.579046457526,304.3762459809663,0.7,10000.0,0.9046425649873645,0.04035330758141919,0.0028823791129585137,14.411895564792568,124.52299479452078,21.13128737942899,103.39170741509179,103.39170741509172,31.469979768568074,777.6932647433205,206.97914465055206,210.42857096439516,0.43117828923038815,117.62922260280162,133.37892332390683,0.7874850360552607,3.465409032501937,2.01683883303006,1.0,0.6138750357709883,29.450000000000003
2906.579046457526,304.3762459809663,0.7,10000.0,0.9046425649873645,0.04035330758141919,0.0028823791129585137,14.411895564792568,124.52299479452078,21.13128737942899,103.39170741509179,103.39170741509172,31.469979768568074,777.6932647433205,207.0006363335441,210.42857096439516,0.4284918288563837,117.66854767777885,133.37892332390683,0.7855187823063993,3.465032960592914,1.98514999557391,1.0,0.6138750357709883,29.5
2906.579046457526,304.3762459809663,0.7,10000.0,0.9046425649873645,0.04035330758141919,0.0028823791129585137,14.411895564792568,124.52299479452078,21.13128737942899,103.39170741509179,103.39170741509172,31.469979768568074,777.6932647433205,207.02199411240372,210.42857096439516,0.4258221064989307,117.70777456285714,133.37892332390683,0.7835574380524847,3.4646578276894178,1.8535111047541741,1.0,0.6138750357709883,29.55
2906.579046457526,304.3762459809663,0.7,10000.0,0.9046425649873645,0.04035330758141919,0.0028823791129585137,14.411895564792568,124.52299479452078,21.13128737942899,103.39170741509179,103.39170741509172,31.469979768568074,777.6932647433205,207.0432188214219,210.42857096439516,0.4231690178716576,117.74690350320466,133.37892332390683,0.7816009910351085,3.464283631446866,1.738177209525047,1.0,0.6138750357709883,29.6
2906.579046457526,304.3762459809663,0.7,10000.0,0.9046425649873645,0.04035330758141919,0.0028823791129585137,14.411895564792568,124.52299479452078,21.13128737942899,103.39170741509179,103.39170741509172,31.469979768568074,777.6932647433205,207.06431128969155,210.42857096439516,0.42053245933795225,117.78593474337742,133.37892332390683,0.7796494290264704,3.4639103695265314,1.741003829578165,1.0,0.6138750357709883,29.650000000000002
2906.579046457526,304.3762459809663,0.7,10000.0,0.9046425649873645,0.04035330758141919,0.0028823791129585137,14.411895564792568,124.52299479452078,21.13128737942899,103.39170741509179,103.39170741509172,31.469979768568074,777.6932647433205,207.08527234113984,210.42857096439516,0.41791232790691524,117.8248685273208,133.37892332390683,0.7777027398293015,3.4635380395955253,1.8594946748688002,1.0,0.6138750357709883,29.700000000000003
2906.579046457526,304.3762459809663,0.7,10000.0,0.9046425649873645,0.04035330758141919,0.0028823791129585137,14.411895564792568,124.52299479452078,21.13128737942899,103.39170741509179,103.39170741509172,31.469979768568074,777.6932647433205,207.10610279456057,210.42857096439516,0.41530852122932416,117.86370509837106,133.37892332390683,0.7757609112767888,3.463166639326785,1.9890062093249268,1.0,0.6138750357709883,29.75
2906.579046457526,304.3762459809663,0.7,10000.0,0.9046425649873645,0.04035330758141919,0.0028823791129585137,14.411895564792568,124.52299479452078,21.13128737942899,103.39170741509179,103.39170741509172,31.469979768568074,777.6932647433205,207.12680346364593,210.42857096439516,0.41272093759365447,117.9024446992569,133.37892332390683,0.7738239312324964,3.462796166399057,2.015162129069554,1.0,0.6138750357709883,29.8
2906.579046457526,304.3762459809663,0.7,10000.0,0.9046425649873645,0.04035330758141919,0.0028823791129585137,14.411895564792568,124.52299479452078,21.13128737942899,103.39170741509179,103.39170741509172,31.469979768568074,777.6932647433205,207.14737515701844,210.42857096439516,0.41014947592208983,117.94108757210097,133.37892332390683,0.7718917875902932,3.462426618496885,1.914863198675839,1.0,0.6138750357709883,29.85
2906.579046457526,304.3762459809663,0.7,10000.0,0.9046425649873645,0.04035330758141919,0.0028823791129585137,14.411895564792568,124.52299479452078,21.13128737942899,103.39170741509179,103.39170741509172,31.469979768568074,777.6932647433205,207.16781867826253,210.42857096439516,0.4075940357665786,117.97963395842133,133.37892332390683,0.769964468274275,3.4620579933105926,1.7766870185051997,1.0,0.6138750357709883,29.900000000000002
2906.579046457526,304.3762459809663,0.7,10000.0,0.9046425649873645,0.04035330758141919,0.0028823791129585137,14.411895564792568,124.52299479452078,21.13128737942899,103.39170741509179,103.39170741509172,31.469979768568074,777.6932647433205,207.1881348259558,210.42857096439516,0.4050545173049187,118.01808409913303,133.37892332390683,0.76804196123869,3.4616902885362717,1.7226619533525307,1.0,0.6138750357709883,29.950000000000003
2906.579046457526,304.3762459809663,0.7,10000.0,0.9046425649873645,0.04035330758141919,0.0028823791129585137,14.411895564792568,124.52299479452078,21.13128737942899,103.39170741509179,103.39170741509172,31.469979768568074,777.6932647433205,207.2083243937004,210.42857096439516,0.40253082133684615,118.05643823454957,133.37892332390683,0.7661242544678629,3.4613235018757664,1.8004994854022172,1.0,0.6138750357709883,30.0
2906.579046457526,304.3762459809663,0.7,10000.0,0.9046425649873645,0.04035330758141919,0.0028823791129585137,14.411895564792568,124.52299479452078,21.13128737942899,103.39170741509179,103.39170741509172,31.469979768568074,777.6932647433205,207.22838817015383,210.42857096439516,0.40002284928016607,118.09469660438442,133.37892332390683,0.7642113359761205,3.4609576310366585,1.9414584847144714,1.0,0.6138750357709883,30.05
2906.579046457526,304.3762459809663,0.7,10000.0,0.9046425649873645,0.04035330758141919,0.0028823791129585137,14.411895564792568,124.52299479452078,21.13128737942899,103.39170741509179,103.39170741509172,31.469979768568074,777.6932647433205,207.24832693905995,210.42857096439516,0.39753050316690164,118.13285944775252,133.37892332390683,0.7623031938077155,3.460592673732254,2.0210529786132723,1.0,0.6138750357709883,30.1
2906.579046457526,304.3762459809663,0.7,10000.0,0.9046425649873645,0.04035330758141919,0.0028823791129585137,14.411895564792568,124.52299479452078,21.13128737942899,103.39170741509179,103.39170741509172,31.469979768568074,777.6932647433205,207.26814147927945,210.42857096439516,0.3950536856394642,118.17092700317177,133.37892332390683,0.7603998160367531,3.4602286276815692,1.968990200826219,1.0,0.6138750357709883,30.150000000000002
2906.579046457526,304.3762459809663,0.7,10000.0,0.9046425649873645,0.04035330758141919,0.0028823791129585137,14.411895564792568,124.52299479452078,21.13128737942899,103.39170741509179,103.39170741509172,31.469979768568074,777.6932647433205,207.28783256482032,210.42857096439516,0.3925922999468554,118.20889950856451,133.37892332390683,0.758501190767116,3.4598654906093147,1.8312486668412078,1.0,0.6138750357709883,30.200000000000003
2906.579046457526,304.3762459809663,0.7,10000.0,0.9046425649873645,0.04035330758141919,0.0028823791129585137,14.411895564792568,124.52299479452078,21.13128737942899,103.39170741509179,103.39170741509172,31.469979768568074,777.6932647433205,207.3074009648681,210.42857096439516,0.39014624994088365,118.24677720125902,133.37892332390683,0.7566073061323906,3.459503260245882,1.7294728897412757,1.0,0.6138750357709883,30.25
2906.579046457526,304.3762459809663,0.7,10000.0,0.9046425649873645,0.04035330758141919,0.0028823791129585137,14.411895564792568,124.52299479452078,21.13128737942899,103.39170741509179,103.39170741509172,31.469979768568074,777.6932647433205,207.32684744381586,210.42857096439516,0.3877154400724123,118.28456031799101,133.37892332390683,0.7547181502957911,3.459141934327331,1.7535447264419708,1.0,0.6138750357709883,30.3
2906.579046457526,304.3762459809663,0.7,10000.0,0.9046425649873645,0.04035330758141919,0.0028823791129585137,14.411895564792568,124.52299479452078,21.13128737942899,103.39170741509179,103.39170741509172,31.469979768568074,777.6932647433205,207.3461727612942,210.42857096439516,0.38529977538761884,118.32224909490508,133.37892332390683,0.7528337114500878,3.458781510595373,1.8822054703661686,1.0,0.6138750357709883,30.35
2906.579046457526,304.3762459809663,0.7,10000.0,0.9046425649873645,0.04035330758141919,0.0028823791129585137,14.411895564792568,124.52299479452078,21.13128737942899,103.39170741509179,103.39170741509172,31.469979768568074,777.6932647433205,207.36537767220082,210.42857096439516,0.3828991615242927,118.3598437675562,133.37892332390683,0.7509539778175316,3.458421986797359,2.0018301814194492,1.0,0.6138750357709883,30.400000000000002
2906.579046457526,304.3762459809663,0.7,10000.0,0.9046425649873645,0.04035330758141919,0.0028823791129585137,14.411895564792568,124.52299479452078,21.13128737942899,103.39170741509179,103.39170741509172,31.469979768568074,777.6932647433205,207.38446292672995,210.42857096439516,0.3805135047081514,118.3973445709112,133.37892332390683,0.7490789376497815,3.458063360686264,2.0067739658084944,1.0,0.6138750357709883,30.450000000000003
2906.579046457526,304.3762459809663,0.7,10000.0,0.9046425649873645,0.04035330758141919,0.0028823791129585137,14.411895564792568,124.52299479452078,21.13128737942899,103.39170741509179,103.39170741509172,31.469979768568074,777.6932647433205,207.40342927040177,210.42857096439516,0.3781427117491738,118.43475173935023,133.37892332390683,0.74720857922783,3.457705630020673,1.8926707893575967,1.0,0.6138750357709883,30.5
2906.579046457526,304.3762459809663,0.7,10000.0,0.9046425649873645,0.04035330758141919,0.0028823791129585137,14.411895564792568,124.52299479452078,21.13128737942899,103.39170741509179,103.39170741509172,31.469979768568074,777.6932647433205,207.42227744409152,210.42857096439516,0.3757866900379554,118.47206550666822,133.37892332390683,0.7453428908619308,3.4573487925647686,1.760289279647945,1.0,0.6138750357709883,30.55
2906.579046457526,304.3762459809663,0.7,10000.0,0.9046425649873645,0.04035330758141919,0.0028823791129585137,14.411895564792568,124.52299479452078,21.13128737942899,103.39170741509179,103.39170741509172,31.469979768568074,777.6932647433205,207.44100818405835,210.42857096439516,0.373445347542102,118.50928610607632,133.37892332390683,0.7434818608915258,3.456992846088316,1.7265403191413264,1.0,0.6138750357709883,30.6
2906.579046457526,304.3762459809663,0.7,10000.0,0.9046425649873645,0.04035330758141919,0.0028823791129585137,14.411895564792568,124.52299479452078,21.13128737942899,103.39170741509179,103.39170741509172,31.469979768568074,777.6932647433205,207.4596222219742,210.42857096439516,0.3711185928026204,118.5464137702034,133.37892332390683,0.7416254776851716,3.456637788366648,1.8212288312265934,1.0,0.6138750357709883,30.650000000000002
2906.579046457526,304.3762459809663,0.7,10000.0,0.9046425649873645,0.04035330758141919,0.0028823791129585137,14.411895564792568,124.52299479452078,21.13128737942899,103.39170741509179,103.39170741509172,31.469979768568074,777.6932647433205,207.47812028495227,210.42857096439516,0.36880633493036186,118.58344873109749,133.37892332390683,0.7397737296404671,3.4562836171806532,1.9607319781587926,1.0,0.6138750357709883,30.700000000000003
2906.579046457526,304.3762459809663,0.7,10000.0,0.9046425649873645,0.04035330758141919,0.0028823791129585137,14.411895564792568,124.52299479452078,21.13128737942899,103.39170741509179,103.39170741509172,31.469979768568074,777.6932647433205,207.49650309557552,210.42857096439516,0.36650848360245547,118.6203912202272,133.37892332390683,0.7379266051839813,3.45593033031676,2.021849502969933,1.0,0.6138750357709883,30.75
2906.579046457526,304.3762459809663,0.7,10000.0,0.9046425649873645,0.04035330758141919,0.0028823791129585137,14.411895564792568,124.52299479452078,21.13128737942899,103.39170741509179,103.39170741509172,31.469979768568074,777.6932647433205,207.5147713719248,210.42857096439516,0.3642249490587943,118.65724146848324,133.37892332390683,0.7360840927711798,3.4555779255669243,1.9506063167278649,1.0,0.6138750357709883,30.8
2906.579046457526,304.3762459809663,0.7,10000.0,0.9046425649873645,0.04035330758141919,0.0028823791129585137,14.411895564792568,124.52299479452078,21.13128737942899,103.39170741509179,103.39170741509172,31.469979768568074,777.6932647433205,207.53292582760702,210.42857096439516,0.3619556420985184,118.69399970617975,133.37892332390683,0.734246180886354,3.4552264007286158,1.8099198449191058,1.0,0.6138750357709883,30.85
2906.579046457526,304.3762459809663,0.7,10000.0,0.9046425649873645,0.04035330758141919,0.0028823791129585137,14.411895564792568,124.52299479452078,21.13128737942899,103.39170741509179,103.39170741509172,31.469979768568074,777.6932647433205,207.55096717178287,210.42857096439516,0.3597004740765364,118.73066616305586,133.37892332390683,0.7324128580425487,3.4548757536048025,1.7240353813590212,1.0,0.6138750357709883,30.900000000000002
2906.579046457526,304.3762459809663,0.7,10000.0,0.9046425649873645,0.04035330758141919,0.0028823791129585137,14.411895564792568,124.52299479452078,21.13128737942899,103.39170741509179,103.39170741509172,31.469979768568074,777.6932647433205,207.56889610919467,210.42857096439516,0.3574593569000619,118.76724106827702,133.37892332390683,0.7305841127814908,3.454525982003939,1.7688005912282614,1.0,0.6138750357709883,30.950000000000003
2906.579046457526,304.3762459809663,0.7,10000.0,0.9046425649873645,0.04035330758141919,0.0028823791129585137,14.411895564792568,124.52299479452078,21.13128737942899,103.39170741509179,103.39170741509172,31.469979768568074,777.6932647433205,207.5867133401938,210.42857096439516,0.3552322030251709,118.80372465043652,133.37892332390683,0.7287599336735155,3.454177083739952,1.9046817042829416,1.0,0.6138750357709883,31.0
2906.579046457526,304.3762459809663,0.7,10000.0,0.9046425649873645,0.04035330758141919,0.0028823791129585137,14.411895564792568,124.52299479452078,21.13128737942899,103.39170741509179,103.39170741509172,31.469979768568074,777.6932647433205,207.60441956076812,210.42857096439516,0.3530189254533802,118.84011713755686,133.37892332390683,0.7269403093174986,3.4538290566322254,2.011677212216088,1.0,0.6138750357709883,31.05
2906.579046457526,304.3762459809663,0.7,10000.0,0.9046425649873645,0.04035330758141919,0.0028823791129585137,14.411895564792568,124.52299479452078,21.13128737942899,103.39170741509179,103.39170741509172,31.469979768568074,777.6932647433205,207.62201546256915,210.42857096439516,0.3508194377282514,118.87641875709122,133.37892332390683,0.7251252283407809,3.4534818985055895,1.9952955256860565,1.0,0.6138750357709883,31.1
2906.579046457526,304.3762459809663,0.7,10000.0,0.9046425649873645,0.04035330758141919,0.0028823791129585137,14.411895564792568,124.52299479452078,21.13128737942899,103.39170741509179,103.39170741509172,31.469979768568074,777.6932647433205,207.639501732939,210.42857096439516,0.34863365393201917,118.91262973592482,133.37892332390683,0.7233146793991004,3.4531356071903043,1.870003902489188,1.0,0.6138750357709883,31.150000000000002
2906.579046457526,304.3762459809663,0.7,10000.0,0.9046425649873645,0.04035330758141919,0.0028823791129585137,14.411895564792568,124.52299479452078,21.13128737942899,103.39170741509179,103.39170741509172,31.469979768568074,777.6932647433205,207.65687905493738,210.42857096439516,0.34646148868222326,118.94875030037642,133.37892332390683,0.7215086511765207,3.4527901805220487,1.7464518907772033,1.0,0.6138750357709883,31.200000000000003
2906.579046457526,304.3762459809663,0.7,10000.0,0.9046425649873645,0.04035330758141919,0.0028823791129585137,14.411895564792568,124.52299479452078,21.13128737942899,103.39170741509179,103.39170741509172,31.469979768568074,777.6932647433205,207.6741481073681,210.42857096439516,0.34430285712838327,118.98478067619963,133.37892332390683,0.7197071323853599,3.452445616341904,1.7337527251011968,1.0,0.6138750357709883,31.25
2906.579046457526,304.3762459809663,0.7,10000.0,0.9046425649873645,0.04035330758141919,0.0028823791129585137,14.411895564792568,124.52299479452078,21.13128737942899,103.39170741509179,103.39170741509172,31.469979768568074,777.6932647433205,207.69130956480572,210.42857096439516,0.3421576749486803,119.02072108858445,133.37892332390683,0.7179101117661191,3.4521019124963437,1.843121496367494,1.0,0.6138750357709883,31.3
2906.579046457526,304.3762459809663,0.7,10000.0,0.9046425649873645,0.04035330758141919,0.0028823791129585137,14.411895564792568,124.52299479452078,21.13128737942899,103.39170741509179,103.39170741509172,31.469979768568074,777.6932647433205,207.70836409762185,210.42857096439516,0.34002585834666377,119.05657176215855,133.37892332390683,0.7161175780874138,3.4517590668372167,1.977970700848813,1.0,0.6138750357709883,31.35
2906.579046457526,304.3762459809663,0.7,10000.0,0.9046425649873645,0.04035330758141919,0.0028823791129585137,14.411895564792568,124.52299479452078,21.13128737942899,103.39170741509179,103.39170741509172,31.469979768568074,777.6932647433205,207.7253123720114,210.42857096439516,0.33790732404797197,119.09233292098878,133.37892332390683,0.7143295201459026,3.4514170772217376,2.0192101458909186,1.0,0.6138750357709883,31.400000000000002
2906.579046457526,304.3762459809663,0.7,10000.0,0.9046425649873645,0.04035330758141919,0.0028823791129585137,14.411895564792568,124.52299479452078,21.13128737942899,103.39170741509179,103.39170741509172,31.469979768568074,777.6932647433205,207.7421550500184,210.42857096439516,0.3358019892970958,119.12800478858247,133.37892332390683,0.712545926766218,3.4510759415124697,1.9304197912428616,1.0,0.6138750357709883,31.450000000000003
2906.579046457526,304.3762459809663,0.7,10000.0,0.9046425649873645,0.04035330758141919,0.0028823791129585137,14.411895564792568,124.52299479452078,21.13128737942899,103.39170741509179,103.39170741509172,31.469979768568074,777.6932647433205,207.75889278956217,210.42857096439516,0.3337097718541244,119.16358758788893,133.37892332390683,0.7107667868008953,3.4507356575773134,1.790013599237952,1.0,0.6138750357709883,31.5
2906.579046457526,304.3762459809663,0.7,10000.0,0.9046425649873645,0.04035330758141919,0.0028823791129585137,14.411895564792568,124.52299479452078,21.13128737942899,103.39170741509179,103.39170741509172,31.469979768568074,777.6932647433205,207.77552624446278,210.42857096439516,0.3316305899915477,119.19908154130076,133.37892332390683,0.7089920891303038,3.4503962232894936,1.7219893384950526,1.0,0.6138750357709883,31.55
2906.579046457526,304.3762459809663,0.7,10000.0,0.9046425649873645,0.04035330758141919,0.0028823791129585137,14.411895564792568,124.52299479452078,21.13128737942899,103.39170741509179,103.39170741509172,31.469979768568074,777.6932647433205,207.79205606446666,210.42857096439516,0.32956436249106247,119.23448687065529,133.37892332390683,0.7072218226625772,3.4500576365275446,1.7864216853772419,1.0,0.6138750357709883,31.6
2906.579046457526,304.3762459809663,0.7,10000.0,0.9046425649873645,0.04035330758141919,0.0028823791129585137,14.411895564792568,124.52299479452078,21.13128737942899,103.39170741509179,103.39170741509172,31.469979768568074,777.6932647433205,207.80848289527202,210.42857096439516,0.32751100864039273,119.26980379723595,133.37892332390683,0.7054559763335441,3.449719895175298,1.9264081121100423,1.0,0.6138750357709883,31.650000000000002
2906.579046457526,304.3762459809663,0.7,10000.0,0.9046425649873645,0.04035330758141919,0.0028823791129585137,14.411895564792568,124.52299479452078,21.13128737942899,103.39170741509179,103.39170741509172,31.469979768568074,777.6932647433205,207.82480737855403,210.42857096439516,0.32547044823014204,119.30503254177364,133.37892332390683,0.7036945391066596,3.449382997121869,2.0183215599153894,1.0,0.6138750357709883,31.700000000000003
2906.579046457526,304.3762459809663,0.7,10000.0,0.9046425649873645,0.04035330758141919,0.0028823791129585137,14.411895564792568,124.52299479452078,21.13128737942899,103.39170741509179,103.39170741509172,31.469979768568074,777.6932647433205,207.84103015198986,210.42857096439516,0.3234426015506635,119.34017332444813,133.37892332390683,0.7019374999729351,3.449046940261644,1.9809899503315958,1.0,0.6138750357709883,31.75
2906.579046457526,304.3762459809663,0.7,10000.0,0.9046425649873645,0.04035330758141919,0.0028823791129585137,14.411895564792568,124.52299479452078,21.13128737942899,103.39170741509179,103.39170741509172,31.469979768568074,777.6932647433205,207.8571518492837,210.42857096439516,0.32142738938893345,119.37522636488943,133.37892332390683,0.7001848479508702,3.4487117224942665,1.8473821732718572,1.0,0.6138750357709883,31.8
2906.579046457526,304.3762459809663,0.7,10000.0,0.9046425649873645,0.04035330758141919,0.0028823791129585137,14.411895564792568,124.52299479452078,21.13128737942899,103.39170741509179,103.39170741509172,31.469979768568074,777.6932647433205,207.87317310019137,210.42857096439516,0.3194247330254747,119.41019188217915,133.37892332390683,0.6984365720863842,3.4483773417246244,1.7354920720914209,1.0,0.6138750357709883,31.85
2906.579046457526,304.3762459809663,0.7,10000.0,0.9046425649873645,0.04035330758141919,0.0028823791129585137,14.411895564792568,124.52299479452078,21.13128737942899,103.39170741509179,103.39170741509172,31.469979768568074,777.6932647433205,207.88909453054504,210.42857096439516,0.31743455423126576,119.44507009485189,133.37892332390683,0.6966926614527473,3.4480437958628367,1.7441338278374283,1.0,0.6138750357709883,31.900000000000002
2906.579046457526,304.3762459809663,0.7,10000.0,0.9046425649873645,0.04035330758141919,0.0028823791129585137,14.411895564792568,124.52299479452078,21.13128737942899,103.39170741509179,103.39170741509172,31.469979768568074,777.6932647433205,207.9049167622776,210.42857096439516,0.3154567752646962,119.47986122089658,133.37892332390683,0.6949531051505126,3.4477110828242408,1.8656755945481525,1.0,0.6138750357709883,31.950000000000003
2906.579046457526,304.3762459809663,0.7,10000.0,0.9046425649873645,0.04035330758141919,0.0028823791129585137,14.411895564792568,124.52299479452078,21.13128737942899,103.39170741509179,103.39170741509172,31.469979768568074,777.6932647433205,207.920640413447,210.42857096439516,0.3134913188685218,119.51456547775788,133.37892332390683,0.6932178923074475,3.447379200529379,1.9927794574854942,1.0,0.6138750357709883,32.0
2906.579046457526,304.3762459809663,0.7,10000.0,0.9046425649873645,0.04035330758141919,0.0028823791129585137,14.411895564792568,124.52299479452078,21.13128737942899,103.39170741509179,103.39170741509172,31.469979768568074,777.6932647433205,207.93626609826035,210.42857096439516,0.311538108266852,119.54918308233752,133.37892332390683,0.6914870120784655,3.447048146903986,2.013195414267143,1.0,0.6138750357709883,32.050000000000004
2906.579046457526,304.3762459809663,0.7,10000.0,0.9046425649873645,0.04035330758141919,0.0028823791129585137,14.411895564792568,124.52299479452078,21.13128737942899,103.39170741509179,103.39170741509172,31.469979768568074,777.6932647433205,207.95179442709795,210.42857096439516,0.3095970671621515,119.58371425099563,133.37892332390683,0.6897604536455603,3.4467179198789757,1.908893397635739,1.0,0.6138750357709883,32.1
2906.579046457526,304.3762459809663,0.7,10000.0,0.9046425649873645,0.04035330758141919,0.0028823791129585137,14.411895564792568,124.52299479452078,21.13128737942899,103.39170741509179,103.39170741509172,31.469979768568074,777.6932647433205,207.96722600653715,210.42857096439516,0.30766811973225217,119.61815919955212,133.37892332390683,0.6880382062177354,3.446388517390427,1.7719862776870972,1.0,0.6138750357709883,32.15
2906.579046457526,304.3762459809663,0.7,10000.0,0.9046425649873645,0.04035330758141919,0.0028823791129585137,14.411895564792568,124.52299479452078,21.13128737942899,103.39170741509179,103.39170741509172,31.469979768568074,777.6932647433205,207.98256143937596,210.42857096439516,0.30575119062740086,119.65251814328805,133.37892332390683,0.6863202590309392,3.446059937379575,1.7233816663948875,1.0,0.6138750357709883,32.2
2906.579046457526,304.3762459809663,0.7,10000.0,0.9046425649873645,0.04035330758141919,0.0028823791129585137,14.411895564792568,124.52299479452078,21.13128737942899,103.39170741509179,103.39170741509172,31.469979768568074,777.6932647433205,207.99780132465665,210.42857096439516,0.3038462049673143,119.68679129694691,133.37892332390683,0.6846066013479962,3.4457321777927925,1.806004047777825,1.0,0.6138750357709883,32.25
2906.579046457526,304.3762459809663,0.7,10000.0,0.9046425649873645,0.04035330758141919,0.0028823791129585137,14.411895564792568,124.52299479452078,21.13128737942899,103.39170741509179,103.39170741509172,31.469979768568074,777.6932647433205,208.0129462576892,210.42857096439516,0.3019530883382444,119.72097887473603,133.37892332390683,0.6828972224585399,3.445405236581581,1.9468866189958236,1.0,0.6138750357709883,32.300000000000004
2906.579046457526,304.3762459809663,0.7,10000.0,0.9046425649873645,0.04035330758141919,0.0028823791129585137,14.411895564792568,124.52299479452078,21.13128737942899,103.39170741509179,103.39170741509172,31.469979768568074,777.6932647433205,208.0279968300745,210.42857096439516,0.30007176679008296,119.75508109032789,133.37892332390683,0.681192111678947,3.4450791117025577,2.021610903778564,1.0,0.6138750357709883,32.35
2906.579046457526,304.3762459809663,0.7,10000.0,0.9046425649873645,0.04035330758141919,0.0028823791129585137,14.411895564792568,124.52299479452078,21.13128737942899,103.39170741509179,103.39170741509172,31.469979768568074,777.6932647433205,208.04295362972744,210.42857096439516,0.298202166833466,119.78909815686144,133.37892332390683,0.6794912583522695,3.4447538011174403,1.96418519305301,1.0,0.6138750357709883,32.4
2906.579046457526,304.3762459809663,0.7,10000.0,0.9046425649873645,0.04035330758141919,0.0028823791129585137,14.411895564792568,124.52299479452078,21.13128737942899,103.39170741509179,103.39170741509172,31.469979768568074,777.6932647433205,208.05781724089988,210.42857096439516,0.2963442154369105,119.82303028694346,133.37892332390683,0.6777946518481685,3.4444293027930364,1.8253242016745528,1.0,0.6138750357709883,32.45
2906.579046457526,304.3762459809663,0.7,10000.0,0.9046425649873645,0.04035330758141919,0.0028823791129585137,14.411895564792568,124.52299479452078,21.13128737942899,103.39170741509179,103.39170741509172,31.469979768568074,777.6932647433205,208.07258824420356,210.42857096439516,0.29449784002395063,119.85687769264987,133.37892332390683,0.6761022815628479,3.444105614701231,1.7276610758962827,1.0,0.6138750357709883,32.5
2906.579046457526,304.3762459809663,0.7,10000.0,0.9046425649873645,0.04035330758141919,0.0028823791129585137,14.411895564792568,124.52299479452078,21.13128737942899,103.39170741509179,103.39170741509172,31.469979768568074,777.6932647433205,208.08726721663265,210.42857096439516,0.2926629684703137,119.89064058552707,133.37892332390683,0.6744141369189883,3.4437827348189725,1.7574456420259317,1.0,0.6138750357709883,32.550000000000004
2906.579046457526,304.3762459809663,0.7,10000.0,0.9046425649873645,0.04035330758141919,0.0028823791129585137,14.411895564792568,124.52299479452078,21.13128737942899,103.39170741509179,103.39170741509172,31.469979768568074,777.6932647433205,208.10185473158637,210.42857096439516,0.290839529101099,119.92431917659324,133.37892332390683,0.6727302073656795,3.44346066112826,1.8883740762321664,1.0,0.6138750357709883,32.6
2906.579046457526,304.3762459809663,0.7,10000.0,0.9046425649873645,0.04035330758141919,0.0028823791129585137,14.411895564792568,124.52299479452078,21.13128737942899,103.39170741509179,103.39170741509172,31.469979768568074,777.6932647433205,208.1163513588914,210.42857096439516,0.2890274506879713,119.9579136763397,133.37892332390683,0.6710504823783566,3.443139391616132,2.004818759400641,1.0,0.6138750357709883,32.65
2906.579046457526,304.3762459809663,0.7,10000.0,0.9046425649873645,0.04035330758141919,0.0028823791129585137,14.411895564792568,124.52299479452078,21.13128737942899,103.39170741509179,103.39170741509172,31.469979768568074,777.6932647433205,208.13075766482407,210.42857096439516,0.28722666244638617,119.99142429473217,133.37892332390683,0.6693749514587332,3.4428189242746536,2.0039431949769124,1.0,0.6138750357709883,32.7
2906.579046457526,304.3762459809663,0.7,10000.0,0.9046425649873645,0.04035330758141919,0.0028823791129585137,14.411895564792568,124.52299479452078,21.13128737942899,103.39170741509179,103.39170741509172,31.469979768568074,777.6932647433205,208.14507421213256,210.42857096439516,0.2854370940328259,120.02485124121213,133.37892332390683,0.667703604134735,3.4424992571009025,1.8865206254597409,1.0,0.6138750357709883,32.75
2906.579046457526,304.3762459809663,0.7,10000.0,0.9046425649873645,0.04035330758141919,0.0028823791129585137,14.411895564792568,124.52299479452078,21.13128737942899,103.39170741509179,103.39170741509172,31.469979768568074,777.6932647433205,208.1593015600588,210.42857096439516,0.28365867554204627,120.05819472469811,133.37892332390683,0.666036429960436,3.4421803880969573,1.7562511540841694,1.0,0.6138750357709883,32.800000000000004
2906.579046457526,304.3762459809663,0.7,10000.0,0.9046425649873645,0.04035330758141919,0.0028823791129585137,14.411895564792568,124.52299479452078,21.13128737942899,103.39170741509179,103.39170741509172,31.469979768568074,777.6932647433205,208.17344026436038,210.42857096439516,0.2818913375043479,120.09145495358698,133.37892332390683,0.6643734185159929,3.4418623152698866,1.728180446136991,1.0,0.6138750357709883,32.85
2906.579046457526,304.3762459809663,0.7,10000.0,0.9046425649873645,0.04035330758141919,0.0028823791129585137,14.411895564792568,124.52299479452078,21.13128737942899,103.39170741509179,103.39170741509172,31.469979768568074,777.6932647433205,208.18749087733224,210.42857096439516,0.28013501088286574,120.12463213575528,133.37892332390683,0.6627145594075777,3.4415450366317337,1.8270987555194251,1.0,0.6138750357709883,32.9
2906.579046457526,304.3762459809663,0.7,10000.0,0.9046425649873645,0.04035330758141919,0.0028823791129585137,14.411895564792568,124.52299479452078,21.13128737942899,103.39170741509179,103.39170741509172,31.469979768568074,777.6932647433205,208.20145394782824,210.42857096439516,0.27838962707086523,120.1577264785605,133.37892332390683,0.6610598422673164,3.441228550199506,1.9656477580440896,1.0,0.6138750357709883,32.95
2906.579046457526,304.3762459809663,0.7,10000.0,0.9046425649873645,0.04035330758141919,0.0028823791129585137,14.411895564792568,124.52299479452078,21.13128737942899,103.39170741509179,103.39170741509172,31.469979768568074,777.6932647433205,208.21533002128257,210.42857096439516,0.2766551178890744,120.19073818884242,133.37892332390683,0.6594092567532208,3.440912853995163,2.0214698360590497,1.0,0.6138750357709883,33.0
2906.579046457526,304.3762459809663,0.7,10000.0,0.9046425649873645,0.04035330758141919,0.0028823791129585137,14.411895564792568,124.52299479452078,21.13128737942899,103.39170741509179,103.39170741509172,31.469979768568074,777.6932647433205,208.22911963973115,210.42857096439516,0.2749314155830014,120.2236674729243,133.37892332390683,0.6577627925491264,3.4405979460456013,1.9452665005536436,1.0,0.6138750357709883,33.050000000000004
2906.579046457526,304.3762459809663,0.7,10000.0,0.9046425649873645,0.04035330758141919,0.0028823791129585137,14.411895564792568,124.52299479452078,21.13128737942899,103.39170741509179,103.39170741509172,31.469979768568074,777.6932647433205,208.2428233418327,210.42857096439516,0.2732184528203092,120.25651453661429,133.37892332390683,0.6561204393646272,3.4402838243826457,1.8043356635998173,1.0,0.6138750357709883,33.1
2906.579046457526,304.3762459809663,0.7,10000.0,0.9046425649873645,0.04035330758141919,0.0028823791129585137,14.411895564792568,124.52299479452078,21.13128737942899,103.39170741509179,103.39170741509172,31.469979768568074,777.6932647433205,208.25644166288978,210.42857096439516,0.27151616268817236,120.28927958520664,133.37892332390683,0.6544821869350095,3.439970487043035,1.7231384266808565,1.0,0.6138750357709883,33.15
2906.579046457526,304.3762459809663,0.7,10000.0,0.9046425649873645,0.04035330758141919,0.0028823791129585137,14.411895564792568,124.52299479452078,21.13128737942899,103.39170741509179,103.39170741509172,31.469979768568074,777.6932647433205,208.26997513486984,210.42857096439516,0.2698244786906656,120.32196282348302,133.37892332390683,0.6528480250211907,3.4396579320684095,1.7733829961947496,1.0,0.6138750357709883,33.2
2906.579046457526,304.3762459809663,0.7,10000.0,0.9046425649873645,0.04035330758141919,0.0028823791129585137,14.411895564792568,124.52299479452078,21.13128737942899,103.39170741509179,103.39170741509172,31.469979768568074,777.6932647433205,208.28342428642583,210.42857096439516,0.26814333474616703,120.35456445571377,133.37892332390683,0.6512179434096531,3.4393461575053,1.910696581911576,1.0,0.6138750357709883,33.25
2906.579046457526,304.3762459809663,0.7,10000.0,0.9046425649873645,0.04035330758141919,0.0028823791129585137,14.411895564792568,124.52299479452078,21.13128737942899,103.39170741509179,103.39170741509172,31.469979768568074,777.6932647433205,208.29678964291693,210.42857096439516,0.26647266518477863,120.38708468565919,133.37892332390683,0.6495919319123822,3.439035161405114,2.013812607286811,1.0,0.6138750357709883,33.300000000000004
2906.579046457526,304.3762459809663,0.7,10000.0,0.9046425649873645,0.04035330758141919,0.0028823791129585137,14.411895564792568,124.52299479452078,21.13128737942899,103.39170741509179,103.39170741509172,31.469979768568074,777.6932647433205,208.3100717264291,210.42857096439516,0.26481240474575785,120.41952371657084,133.37892332390683,0.6479699803667998,3.4387249418241246,1.9916655938494532,1.0,0.6138750357709883,33.35
2906.579046457526,304.3762459809663,0.7,10000.0,0.9046425649873645,0.04035330758141919,0.0028823791129585137,14.411895564792568,124.52299479452078,21.13128737942899,103.39170741509179,103.39170741509172,31.469979768568074,777.6932647433205,208.3232710557954,210.42857096439516,0.26316248857497015,120.45188175119274,133.37892332390683,0.6463520786357044,3.4384154968234597,1.8638143673780532,1.0,0.6138750357709883,33.4
2906.579046457526,304.3762459809663,0.7,10000.0,0.9046425649873645,0.04035330758141919,0.0028823791129585137,14.411895564792568,124.52299479452078,21.13128737942899,103.39170741509179,103.39170741509172,31.469979768568074,777.6932647433205,208.33638814661634,210.42857096439516,0.2615228522223525,120.48415899176274,133.37892332390683,0.6447382166072047,3.4381068244690853,1.7431689539293398,1.0,0.6138750357709883,33.45
2906.579046457526,304.3762459809663,0.7,10000.0,0.9046425649873645,0.04035330758141919,0.0028823791129585137,14.411895564792568,124.52299479452078,21.13128737942899,103.39170741509179,103.39170741509172,31.469979768568074,777.6932647433205,208.34942351127992,210.42857096439516,0.25989343163940504,120.51635564001369,133.37892332390683,0.6431283841946573,3.4377989228317998,1.7362756663688323,1.0,0.6138750357709883,33.5
2906.579046457526,304.3762459809663,0.7,10000.0,0.9046425649873645,0.04035330758141919,0.0028823791129585137,14.411895564792568,124.52299479452078,21.13128737942899,103.39170741509179,103.39170741509172,31.469979768568074,777.6932647433205,208.36237765898173,210.42857096439516,0.2582741631766794,120.54847189717474,133.37892332390683,0.6415225713366048,3.4374917899872157,1.8492222153861604,1.0,0.6138750357709883,33.550000000000004
2906.579046457526,304.3762459809663,0.7,10000.0,0.9046425649873645,0.04035330758141919,0.0028823791129585137,14.411895564792568,124.52299479452078,21.13128737942899,103.39170741509179,103.39170741509172,31.469979768568074,777.6932647433205,208.37525109574483,210.42857096439516,0.25666498358129175,120.58050796397261,133.37892332390683,0.6399207679967113,3.437185424015753,1.9822614327738788,1.0,0.6138750357709883,33.6
2906.579046457526,304.3762459809663,0.7,10000.0,0.9046425649873645,0.04035330758141919,0.0028823791129585137,14.411895564792568,124.52299479452078,21.13128737942899,103.39170741509179,103.39170741509172,31.469979768568074,777.6932647433205,208.38804432443945,210.42857096439516,0.25506582999446437,120.61246404063282,133.37892332390683,0.6383229641637008,3.436879823002622,2.017901590714525,1.0,0.6138750357709883,33.65
2906.579046457526,304.3762459809663,0.7,10000.0,0.9046425649873645,0.04035330758141919,0.0028823791129585137,14.411895564792568,124.52299479452078,21.13128737942899,103.39170741509179,103.39170741509172,31.469979768568074,777.6932647433205,208.40075784480274,210.42857096439516,0.2534766399490529,120.64434032688095,133.37892332390683,0.6367291498512941,3.436574985037816,1.9246675812038032,1.0,0.6138750357709883,33.7
2906.579046457526,304.3762459809663,0.7,10000.0,0.9046425649873645,0.04035330758141919,0.0028823791129585137,14.411895564792568,124.52299479452078,21.13128737942899,103.39170741509179,103.39170741509172,31.469979768568074,777.6932647433205,208.4133921534582,210.42857096439516,0.2518973513671199,120.6761370219439,133.37892332390683,0.6351393150981466,3.4362709082160965,1.7848977183398205,1.0,0.6138750357709883,33.75
2906.579046457526,304.3762459809663,0.7,10000.0,0.9046425649873645,0.04035330758141919,0.0028823791129585137,14.411895564792568,124.52299479452078,21.13128737942899,103.39170741509179,103.39170741509172,31.469979768568074,777.6932647433205,208.42594774393513,210.42857096439516,0.2503279025575047,120.7078543245511,133.37892332390683,0.6335534499677863,3.435967590636983,1.7220278055438536,1.0,0.6138750357709883,33.800000000000004
2906.579046457526,304.3762459809663,0.7,10000.0,0.9046425649873645,0.04035330758141919,0.0028823791129585137,14.411895564792568,124.52299479452078,21.13128737942899,103.39170741509179,103.39170741509172,31.469979768568074,777.6932647433205,208.43842510668784,210.42857096439516,0.24876823221341482,120.73949243293582,133.37892332390683,0.6319715445485506,3.43566503040474,1.7915805287353221,1.0,0.6138750357709883,33.85
2906.579046457526,304.3762459809663,0.7,10000.0,0.9046425649873645,0.04035330758141919,0.0028823791129585137,14.411895564792568,124.52299479452078,21.13128737942899,103.39170741509179,103.39170741509172,31.469979768568074,777.6932647433205,208.45082472911494,210.42857096439516,0.24721827941002772,120.77105154483633,133.37892332390683,0.6303935889535254,3.435363225628363,1.932131371275577,1.0,0.6138750357709883,33.9
2906.579046457526,304.3762459809663,0.7,10000.0,0.9046425649873645,0.04035330758141919,0.0028823791129585137,14.411895564792568,124.52299479452078,21.13128737942899,103.39170741509179,103.39170741509172,31.469979768568074,777.6932647433205,208.46314709557825,210.42857096439516,0.24567798360211413,120.80253185749717,133.37892332390683,0.628819573320483,3.435062174421573,2.0195548184435017,1.0,0.6138750357709883,33.95
2906.579046457526,304.3762459809663,0.7,10000.0,0.9046425649873645,0.04035330758141919,0.0028823791129585137,14.411895564792568,124.52299479452078,21.13128737942899,103.39170741509179,103.39170741509172,31.469979768568074,777.6932647433205,208.47539268742176,210.42857096439516,0.24414728462167545,120.83393356767041,133.37892332390683,0.6272494878118209,3.434761874902798,1.9766440731676476,1.0,0.6138750357709883,34.0
2906.579046457526,304.3762459809663,0.7,10000.0,0.9046425649873645,0.04035330758141919,0.0028823791129585137,14.411895564792568,124.52299479452078,21.13128737942899,103.39170741509179,103.39170741509172,31.469979768568074,777.6932647433205,208.48756198299046,210.42857096439516,0.24262612267558836,120.86525687161684,133.37892332390683,0.6256833226144998,3.4344623251951663,1.8412951611719954,1.0,0.6138750357709883,34.050000000000004
2906.579046457526,304.3762459809663,0.7,10000.0,0.9046425649873645,0.04035330758141919,0.0028823791129585137,14.411895564792568,124.52299479452078,21.13128737942899,103.39170741509179,103.39170741509172,31.469979768568074,777.6932647433205,208.49965545764903,210.42857096439516,0.24111443834326707,120.8965019651072,133.37892332390683,0.6241210679399813,3.4341635234264896,1.7330395848261033,1.0,0.6138750357709883,34.1
2906.579046457526,304.3762459809663,0.7,10000.0,0.9046425649873645,0.04035330758141919,0.0028823791129585137,14.411895564792568,124.52299479452078,21.13128737942899,103.39170741509179,103.39170741509172,31.469979768568074,777.6932647433205,208.51167358380033,210.42857096439516,0.23961217257435408,120.92766904342345,133.37892332390683,0.6225627140241692,3.4338654677292575,1.7474817453024483,1.0,0.6138750357709883,34.15
2906.579046457526,304.3762459809663,0.7,10000.0,0.9046425649873645,0.04035330758141919,0.0028823791129585137,14.411895564792568,124.52299479452078,21.13128737942899,103.39170741509179,103.39170741509172,31.469979768568074,777.6932647433205,208.52361683090396,210.42857096439516,0.23811926668640027,120.95875830135991,133.37892332390683,0.6210082511273463,3.4335681562406193,1.8718672501656155,1.0,0.6138750357709883,34.2
2906.579046457526,304.3762459809663,0.7,10000.0,0.9046425649873645,0.04035330758141919,0.0028823791129585137,14.411895564792568,124.52299479452078,21.13128737942899,103.39170741509179,103.39170741509172,31.469979768568074,777.6932647433205,208.53548566549452,210.42857096439516,0.2366356623625805,120.98976993322454,133.37892332390683,0.6194576695341147,3.4332715871023787,1.9963467770232508,1.0,0.6138750357709883,34.25
2906.579046457526,304.3762459809663,0.7,10000.0,0.9046425649873645,0.04035330758141919,0.0028823791129585137,14.411895564792568,124.52299479452078,21.13128737942899,103.39170741509179,103.39170741509172,31.469979768568074,777.6932647433205,208.5472805511999,210.42857096439516,0.23516130164940918,121.02070413284015,133.37892332390683,0.6179109595533341,3.432975758460977,2.0109879692690855,1.0,0.6138750357709883,34.300000000000004
2906.579046457526,304.3762459809663,0.7,10000.0,0.9046425649873645,0.04035330758141919,0.0028823791129585137,14.411895564792568,124.52299479452078,21.13128737942899,103.39170741509179,103.39170741509172,31.469979768568074,777.6932647433205,208.55900194875926,210.42857096439516,0.23369612695448794,121.0515610935456,133.37892332390683,0.6163681115180616,3.4326806684674835,1.9028606623399418,1.0,0.6138750357709883,34.35
2906.579046457526,304.3762459809663,0.7,10000.0,0.9046425649873645,0.04035330758141919,0.0028823791129585137,14.411895564792568,124.52299479452078,21.13128737942899,103.39170741509179,103.39170741509172,31.469979768568074,777.6932647433205,208.57065031604125,210.42857096439516,0.23224008104423888,121.08234100819698,133.37892332390683,0.6148291157854928,3.432386315277586,1.7674559780619432,1.0,0.6138750357709883,34.4
2906.579046457526,304.3762459809663,0.7,10000.0,0.9046425649873645,0.04035330758141919,0.0028823791129585137,14.411895564792568,124.52299479452078,21.13128737942899,103.39170741509179,103.39170741509172,31.469979768568074,777.6932647433205,208.58222610806166,210.42857096439516,0.23079310704168776,121.11304406916885,133.37892332390683,0.6132939627368991,3.432092697051576,1.7243546733189643,1.0,0.6138750357709883,34.45
2906.579046457526,304.3762459809663,0.7,10000.0,0.9046425649873645,0.04035330758141919,0.0028823791129585137,14.411895564792568,124.52299479452078,21.13128737942899,103.39170741509179,103.39170741509172,31.469979768568074,777.6932647433205,208.59372977700136,210.42857096439516,0.22935514842422577,121.14367046835545,133.37892332390683,0.611762642777569,3.431799811954338,1.8116210637673102,1.0,0.6138750357709883,34.5
2906.579046457526,304.3762459809663,0.7,10000.0,0.9046425649873645,0.04035330758141919,0.0028823791129585137,14.411895564792568,124.52299479452078,21.13128737942899,103.39170741509179,103.39170741509172,31.469979768568074,777.6932647433205,208.60516177222385,210.42857096439516,0.22792614902141395,121.17422039717188,133.37892332390683,0.6102351463367477,3.4315076581553385,1.9521870547848863,1.0,0.6138750357709883,34.550000000000004
2906.579046457526,304.3762459809663,0.7,10000.0,0.9046425649873645,0.04035330758141919,0.0028823791129585137,14.411895564792568,124.52299479452078,21.13128737942899,103.39170741509179,103.39170741509172,31.469979768568074,777.6932647433205,208.61652254029292,210.42857096439516,0.22650605301278048,121.20469404655529,133.37892332390683,0.6087114638675771,3.4312162338286174,2.0219137534853373,1.0,0.6138750357709883,34.6
2906.579046457526,304.3762459809663,0.7,10000.0,0.9046425649873645,0.04035330758141919,0.0028823791129585137,14.411895564792568,124.52299479452078,21.13128737942899,103.39170741509179,103.39170741509172,31.469979768568074,777.6932647433205,208.62781252499002,210.42857096439516,0.22509480492564293,121.23509160696608,133.37892332390683,0.6071915858470376,3.4309255371527696,1.9592229991862935,1.0,0.6138750357709883,34.65
2906.579046457526,304.3762459809663,0.7,10000.0,0.9046425649873645,0.04035330758141919,0.0028823791129585137,14.411895564792568,124.52299479452078,21.13128737942899,103.39170741509179,103.39170741509172,31.469979768568074,777.6932647433205,208.63903216733158,210.42857096439516,0.22369234963294815,121.26541326838911,133.37892332390683,0.6056755027758861,3.4306355663109414,1.8194792564832685,1.0,0.6138750357709883,34.7
2906.579046457526,304.3762459809663,0.7,10000.0,0.9046425649873645,0.04035330758141919,0.0028823791129585137,14.411895564792568,124.52299479452078,21.13128737942899,103.39170741509179,103.39170741509172,31.469979768568074,777.6932647433205,208.65018190558635,210.42857096439516,0.2222986323511016,121.29565922033487,133.37892332390683,0.6041632051785981,3.4303463194908135,1.7260952611399794,1.0,0.6138750357709883,34.75
2906.579046457526,304.3762459809663,0.7,10000.0,0.9046425649873645,0.04035330758141919,0.0028823791129585137,14.411895564792568,124.52299479452078,21.13128737942899,103.39170741509179,103.39170741509172,31.469979768568074,777.6932647433205,208.66126217529236,210.42857096439516,0.22091359863784987,121.32582965184064,133.37892332390683,0.6026546836033099,3.4300577948845925,1.7615417851501536,1.0,0.6138750357709883,34.800000000000004
2906.579046457526,304.3762459809663,0.7,10000.0,0.9046425649873645,0.04035330758141919,0.0028823791129585137,14.411895564792568,124.52299479452078,21.13128737942899,103.39170741509179,103.39170741509172,31.469979768568074,777.6932647433205,208.67227340927408,210.42857096439516,0.21953719439013497,121.35592475147172,133.37892332390683,0.6011499286217556,3.4297699906889982,1.8945147256120982,1.0,0.6138750357709883,34.85
2906.579046457526,304.3762459809663,0.7,10000.0,0.9046425649873645,0.04035330758141919,0.0028823791129585137,14.411895564792568,124.52299479452078,21.13128737942899,103.39170741509179,103.39170741509172,31.469979768568074,777.6932647433205,208.68321603765924,210.42857096439516,0.21816936584199098,121.3859447073226,133.37892332390683,0.5996489308292119,3.429482905105254,2.007580886250818,1.0,0.6138750357709883,34.9
2906.579046457526,304.3762459809663,0.7,10000.0,0.9046425649873645,0.04035330758141919,0.0028823791129585137,14.411895564792568,124.52299479452078,21.13128737942899,103.39170741509179,103.39170741509172,31.469979768568074,777.6932647433205,208.69409048789564,210.42857096439516,0.21681005956244093,121.41588970701807,133.37892332390683,0.5981516808444383,3.4291965363390737,2.0008874655240403,1.0,0.6138750357709883,34.95
2906.579046457526,304.3762459809663,0.7,10000.0,0.9046425649873645,0.04035330758141919,0.0028823791129585137,14.411895564792568,124.52299479452078,21.13128737942899,103.39170741509179,103.39170741509172,31.469979768568074,777.6932647433205,208.70489718476787,210.42857096439516,0.21545922245341131,121.4457599377145,133.37892332390683,0.5966581693096167,3.4289108826006522,1.880345664517455,1.0,0.6138750357709883,35.0
2906.579046457526,304.3762459809663,0.7,10000.0,0.9046425649873645,0.04035330758141919,0.0028823791129585137,14.411895564792568,124.52299479452078,21.13128737942899,103.39170741509179,103.39170741509172,31.469979768568074,777.6932647433205,208.7156365504139,210.42857096439516,0.21411680174765735,121.47555558610092,133.37892332390683,0.5951683868902954,3.428625942104652,1.752410292215271,1.0,0.6138750357709883,35.050000000000004
2906.579046457526,304.3762459809663,0.7,10000.0,0.9046425649873645,0.04035330758141919,0.0028823791129585137,14.411895564792568,124.52299479452078,21.13128737942899,103.39170741509179,103.39170741509172,31.469979768568074,777.6932647433205,208.7263090043416,210.42857096439516,0.21278274500669525,121.50527683840023,133.37892332390683,0.5936823242753299,3.428341713070194,1.7300656868889766,1.0,0.6138750357709883,35.1
2906.579046457526,304.3762459809663,0.7,10000.0,0.9046425649873645,0.04035330758141919,0.0028823791129585137,14.411895564792568,124.52299479452078,21.13128737942899,103.39170741509179,103.39170741509172,31.469979768568074,777.6932647433205,208.73691496344503,210.42857096439516,0.21145700011876656,121.53492388037036,133.37892332390683,0.5921999721768237,3.428058193720847,1.833045174837363,1.0,0.6138750357709883,35.15
2906.579046457526,304.3762459809663,0.7,10000.0,0.9046425649873645,0.04035330758141919,0.0028823791129585137,14.411895564792568,124.52299479452078,21.13128737942899,103.39170741509179,103.39170741509172,31.469979768568074,777.6932647433205,208.7474548420208,210.42857096439516,0.2101395152967953,121.5644968973054,133.37892332390683,0.5907213213300715,3.4277753822846124,1.97040385870987,1.0,0.6138750357709883,35.2
2906.579046457526,304.3762459809663,0.7,10000.0,0.9046425649873645,0.04035330758141919,0.0028823791129585137,14.411895564792568,124.52299479452078,21.13128737942899,103.39170741509179,103.39170741509172,31.469979768568074,777.6932647433205,208.7579290517843,210.42857096439516,0.20883023907635945,121.59399607403682,133.37892332390683,0.5892463624935005,3.4274932769939186,2.020835334157447,1.0,0.6138750357709883,35.25
2906.579046457526,304.3762459809663,0.7,10000.0,0.9046425649873645,0.04035330758141919,0.0028823791129585137,14.411895564792568,124.52299479452078,21.13128737942899,103.39170741509179,103.39170741509172,31.469979768568074,777.6932647433205,208.76833800188564,210.42857096439516,0.20752912031369064,121.62342159493457,133.37892332390683,0.5877750864486131,3.4272118760856074,1.9398017475823566,1.0,0.6138750357709883,35.300000000000004
2906.579046457526,304.3762459809663,0.7,10000.0,0.9046425649873645,0.04035330758141919,0.0028823791129585137,14.411895564792568,124.52299479452078,21.13128737942899,103.39170741509179,103.39170741509172,31.469979768568074,777.6932647433205,208.77868209892577,210.42857096439516,0.2062361081836741,121.65277364390825,133.37892332390683,0.5863074839999293,3.4269311778009213,1.7988667798665876,1.0,0.6138750357709883,35.35
2906.579046457526,304.3762459809663,0.7,10000.0,0.9046425649873645,0.04035330758141919,0.0028823791129585137,14.411895564792568,124.52299479452078,21.13128737942899,103.39170741509179,103.39170741509172,31.469979768568074,777.6932647433205,208.7889617469723,210.42857096439516,0.2049511521778591,121.68205240440825,133.37892332390683,0.5848435459749289,3.426651180385495,1.7224951805171684,1.0,0.6138750357709883,35.4
2906.579046457526,304.3762459809663,0.7,10000.0,0.9046425649873645,0.04035330758141919,0.0028823791129585137,14.411895564792568,124.52299479452078,21.13128737942899,103.39170741509179,103.39170741509172,31.469979768568074,777.6932647433205,208.7991773475753,210.42857096439516,0.20367420210248355,121.71125805942694,133.37892332390683,0.5833832632239947,3.4263718820893443,1.7781334614717677,1.0,0.6138750357709883,35.45
2906.579046457526,304.3762459809663,0.7,10000.0,0.9046425649873645,0.04035330758141919,0.0028823791129585137,14.411895564792568,124.52299479452078,21.13128737942899,103.39170741509179,103.39170741509172,31.469979768568074,777.6932647433205,208.80932929978295,210.42857096439516,0.2024052080765273,121.74039079149973,133.37892332390683,0.5819266266203549,3.426093281166853,1.9166454515284885,1.0,0.6138750357709883,35.5
2906.579046457526,304.3762459809663,0.7,10000.0,0.9046425649873645,0.04035330758141919,0.0028823791129585137,14.411895564792568,124.52299479452078,21.13128737942899,103.39170741509179,103.39170741509172,31.469979768568074,777.6932647433205,208.81941800015719,210.42857096439516,0.20114412052974728,121.76945078270633,133.37892332390683,0.5804736270600251,3.425815375876766,2.0157062200789224,1.0,0.6138750357709883,35.550000000000004
2906.579046457526,304.3762459809663,0.7,10000.0,0.9046425649873645,0.04035330758141919,0.0028823791129585137,14.411895564792568,124.52299479452078,21.13128737942899,103.39170741509179,103.39170741509172,31.469979768568074,777.6932647433205,208.82944384278915,210.42857096439516,0.19989089020075212,121.79843821467175,133.37892332390683,0.5790242554617542,3.425538164482173,1.9878316321107479,1.0,0.6138750357709883,35.6
2906.579046457526,304.3762459809663,0.7,10000.0,0.9046425649873645,0.04035330758141919,0.0028823791129585137,14.411895564792568,124.52299479452078,21.13128737942899,103.39170741509179,103.39170741509172,31.469979768568074,777.6932647433205,208.83940721931458,210.42857096439516,0.1986454681350729,121.82735326856753,133.37892332390683,0.5775785027669649,3.4252616452505027,1.8576387409025201,1.0,0.6138750357709883,35.65
2906.579046457526,304.3762459809663,0.7,10000.0,0.9046425649873645,0.04035330758141919,0.0028823791129585137,14.411895564792568,124.52299479452078,21.13128737942899,103.39170741509179,103.39170741509172,31.469979768568074,777.6932647433205,208.84930851892915,210.42857096439516,0.19740780568325178,121.85619612511287,133.37892332390683,0.5761363599396979,3.4249858164535083,1.7401055810361756,1.0,0.6138750357709883,35.7
2906.579046457526,304.3762459809663,0.7,10000.0,0.9046425649873645,0.04035330758141919,0.0028823791129585137,14.411895564792568,124.52299479452078,21.13128737942899,103.39170741509179,103.39170741509172,31.469979768568074,777.6932647433205,208.85914812840363,210.42857096439516,0.19617785449894143,121.88496696457571,133.37892332390683,0.5746978179665561,3.4247106763672592,1.7390299220690653,1.0,0.6138750357709883,35.75
2906.579046457526,304.3762459809663,0.7,10000.0,0.9046425649873645,0.04035330758141919,0.0028823791129585137,14.411895564792568,124.52299479452078,21.13128737942899,103.39170741509179,103.39170741509172,31.469979768568074,777.6932647433205,208.86892643209902,210.42857096439516,0.1949555665370184,121.91366596677389,133.37892332390683,0.573262867856647,3.424436223272129,1.855361717202938,1.0,0.6138750357709883,35.800000000000004
2906.579046457526,304.3762459809663,0.7,10000.0,0.9046425649873645,0.04035330758141919,0.0028823791129585137,14.411895564792568,124.52299479452078,21.13128737942899,103.39170741509179,103.39170741509172,31.469979768568074,777.6932647433205,208.87864381198153,210.42857096439516,0.1937408940517038,121.94229331107626,133.37892332390683,0.5718315006415289,3.4241624554527856,1.9863641653759052,1.0,0.6138750357709883,35.85
2906.579046457526,304.3762459809663,0.7,10000.0,0.9046425649873645,0.04035330758141919,0.0028823791129585137,14.411895564792568,124.52299479452078,21.13128737942899,103.39170741509179,103.39170741509172,31.469979768568074,777.6932647433205,208.88830064763758,210.42857096439516,0.19253378959469813,121.97084917640382,133.37892332390683,0.5704037073751508,3.4238893711981775,2.0163442830716187,1.0,0.6138750357709883,35.9
2906.579046457526,304.3762459809663,0.7,10000.0,0.9046425649873645,0.04035330758141919,0.0028823791129585137,14.411895564792568,124.52299479452078,21.13128737942899,103.39170741509179,103.39170741509172,31.469979768568074,777.6932647433205,208.89789731628852,210.42857096439516,0.1913342060133303,121.99933374123083,133.37892332390683,0.5689794791338002,3.423616968801529,1.918825547823083,1.0,0.6138750357709883,35.95
2906.579046457526,304.3762459809663,0.7,10000.0,0.9046425649873645,0.04035330758141919,0.0028823791129585137,14.411895564792568,124.52299479452078,21.13128737942899,103.39170741509179,103.39170741509172,31.469979768568074,777.6932647433205,208.90743419280545,210.42857096439516,0.19014209644871372,122.0277471835859,133.37892332390683,0.5675588070160466,3.423345246560324,1.7799302694564147,1.0,0.6138750357709883,36.0
2906.579046457526,304.3762459809663,0.7,10000.0,0.9046425649873645,0.04035330758141919,0.0028823791129585137,14.411895564792568,124.52299479452078,21.13128737942899,103.39170741509179,103.39170741509172,31.469979768568074,777.6932647433205,208.91691164972383,210.42857096439516,0.18895741433391677,122.05608968105315,133.37892332390683,0.566141682142684,3.4230742027762964,1.722321874300812,1.0,0.6138750357709883,36.050000000000004
2906.579046457526,304.3762459809663,0.7,10000.0,0.9046425649873645,0.04035330758141919,0.0028823791129585137,14.411895564792568,124.52299479452078,21.13128737942899,103.39170741509179,103.39170741509172,31.469979768568074,777.6932647433205,208.926330057258,210.42857096439516,0.18778011339214373,122.08436141077327,133.37892332390683,0.5647280956566781,3.4228038357554227,1.7968764124151613,1.0,0.6138750357709883,36.1
2906.579046457526,304.3762459809663,0.7,10000.0,0.9046425649873645,0.04035330758141919,0.0028823791129585137,14.411895564792568,124.52299479452078,21.13128737942899,103.39170741509179,103.39170741509172,31.469979768568074,777.6932647433205,208.93568978331572,210.42857096439516,0.18661014763493,122.11256254944466,133.37892332390683,0.5633180387231086,3.4225341438079084,1.9377520841281417,1.0,0.6138750357709883,36.15
2906.579046457526,304.3762459809663,0.7,10000.0,0.9046425649873645,0.04035330758141919,0.0028823791129585137,14.411895564792568,124.52299479452078,21.13128737942899,103.39170741509179,103.39170741509172,31.469979768568074,777.6932647433205,208.94499119351246,210.42857096439516,0.18544747136033735,122.14069327332454,133.37892332390683,0.5619115025291144,3.4222651252481766,2.020536506369946,1.0,0.6138750357709883,36.2
2906.579046457526,304.3762459809663,0.7,10000.0,0.9046425649873645,0.04035330758141919,0.0028823791129585137,14.411895564792568,124.52299479452078,21.13128737942899,103.39170741509179,103.39170741509172,31.469979768568074,777.6932647433205,208.95423465118577,210.42857096439516,0.18429203915117398,122.16875375823003,133.37892332390683,0.5605084782838403,3.4219967783948615,1.9721197721784467,1.0,0.6138750357709883,36.25
2906.579046457526,304.3762459809663,0.7,10000.0,0.9046425649873645,0.04035330758141919,0.0028823791129585137,14.411895564792568,124.52299479452078,21.13128737942899,103.39170741509179,103.39170741509172,31.469979768568074,777.6932647433205,208.9634205174094,210.42857096439516,0.18314380587322177,122.19674417953922,133.37892332390683,0.5591089572183805,3.4217291015707945,1.8352604445337077,1.0,0.6138750357709883,36.300000000000004
2906.579046457526,304.3762459809663,0.7,10000.0,0.9046425649873645,0.04035330758141919,0.0028823791129585137,14.411895564792568,124.52299479452078,21.13128737942899,103.39170741509179,103.39170741509172,31.469979768568074,777.6932647433205,208.97254915100734,210.42857096439516,0.1820027266734776,122.22466471219238,133.37892332390683,0.5577129305857227,3.4214620931029938,1.7308239283024511,1.0,0.6138750357709883,36.35
2906.579046457526,304.3762459809663,0.7,10000.0,0.9046425649873645,0.04035330758141919,0.0028823791129585137,14.411895564792568,124.52299479452078,21.13128737942899,103.39170741509179,103.39170741509172,31.469979768568074,777.6932647433205,208.9816209085681,210.42857096439516,0.18086875697838423,122.2525155306929,133.37892332390683,0.5563203896606964,3.4211957513226565,1.7510418750254289,1.0,0.6138750357709883,36.4
2906.579046457526,304.3762459809663,0.7,10000.0,0.9046425649873645,0.04035330758141919,0.0028823791129585137,14.411895564792568,124.52299479452078,21.13128737942899,103.39170741509179,103.39170741509172,31.469979768568074,777.6932647433205,208.99063614445828,210.42857096439516,0.1797418524921106,122.28029680910849,133.37892332390683,0.554931325739917,3.4209300745651445,1.8780590872645468,1.0,0.6138750357709883,36.45
2906.579046457526,304.3762459809663,0.7,10000.0,0.9046425649873645,0.04035330758141919,0.0028823791129585137,14.411895564792568,124.52299479452078,21.13128737942899,103.39170741509179,103.39170741509172,31.469979768568074,777.6932647433205,208.99959521083673,210.42857096439516,0.1786219691948041,122.30800872107224,133.37892332390683,0.5535457301417296,3.4206650611699785,1.999702086991939,1.0,0.6138750357709883,36.5
2906.579046457526,304.3762459809663,0.7,10000.0,0.9046425649873645,0.04035330758141919,0.0028823791129585137,14.411895564792568,124.52299479452078,21.13128737942899,103.39170741509179,103.39170741509172,31.469979768568074,777.6932647433205,209.0084984576681,210.42857096439516,0.17750906334088157,122.33565143978367,133.37892332390683,0.5521635942061579,3.420400709480823,2.0085435569441157,1.0,0.6138750357709883,36.550000000000004
2906.579046457526,304.3762459809663,0.7,10000.0,0.9046425649873645,0.04035330758141919,0.0028823791129585137,14.411895564792568,124.52299479452078,21.13128737942899,103.39170741509179,103.39170741509172,31.469979768568074,777.6932647433205,209.01734623273663,210.42857096439516,0.17640309145731692,122.3632251380099,133.37892332390683,0.5507849092948469,3.4201370178454793,1.896775276345391,1.0,0.6138750357709883,36.6
2906.579046457526,304.3762459809663,0.7,10000.0,0.9046425649873645,0.04035330758141919,0.0028823791129585137,14.411895564792568,124.52299479452078,21.13128737942899,103.39170741509179,103.39170741509172,31.469979768568074,777.6932647433205,209.02613888165962,210.42857096439516,0.17530401034194298,122.39072998808659,133.37892332390683,0.5494096667910121,3.419873984615874,1.7631038420970697,1.0,0.6138750357709883,36.65
2906.579046457526,304.3762459809663,0.7,10000.0,0.9046425649873645,0.04035330758141919,0.0028823791129585137,14.411895564792568,124.52299479452078,21.13128737942899,103.39170741509179,103.39170741509172,31.469979768568074,777.6932647433205,209.03487674790105,210.42857096439516,0.17421177706176394,122.41816616191917,133.37892332390683,0.5480378580993829,3.419611608148048,1.7255793155115966,1.0,0.6138750357709883,36.7
2906.579046457526,304.3762459809663,0.7,10000.0,0.9046425649873645,0.04035330758141919,0.0028823791129585137,14.411895564792568,124.52299479452078,21.13128737942899,103.39170741509179,103.39170741509172,31.469979768568074,777.6932647433205,209.04356017278494,210.42857096439516,0.17312634895127843,122.4455338309838,133.37892332390683,0.5466694746461513,3.4193498868021486,1.817340958459634,1.0,0.6138750357709883,36.75
2906.579046457526,304.3762459809663,0.7,10000.0,0.9046425649873645,0.04035330758141919,0.0028823791129585137,14.411895564792568,124.52299479452078,21.13128737942899,103.39170741509179,103.39170741509172,31.469979768568074,777.6932647433205,209.05218949550866,210.42857096439516,0.17204768361081335,122.47283316632853,133.37892332390683,0.5453045078789153,3.4190888189424156,1.957350756819569,1.0,0.6138750357709883,36.800000000000004
2906.579046457526,304.3762459809663,0.7,10000.0,0.9046425649873645,0.04035330758141919,0.0028823791129585137,14.411895564792568,124.52299479452078,21.13128737942899,103.39170741509179,103.39170741509172,31.469979768568074,777.6932647433205,209.06076505315622,210.42857096439516,0.17097573890486828,122.50006433857426,133.37892332390683,0.5439429492666286,3.4188284029371743,2.0219610114881332,1.0,0.6138750357709883,36.85
2906.579046457526,304.3762459809663,0.7,10000.0,0.9046425649873645,0.04035330758141919,0.0028823791129585137,14.411895564792568,124.52299479452078,21.13128737942899,103.39170741509179,103.39170741509172,31.469979768568074,777.6932647433205,209.06928718071146,210.42857096439516,0.16991047296046347,122.52722751791592,133.37892332390683,0.5425847902995458,3.418568637158824,1.9541120779116763,1.0,0.6138750357709883,36.9
2906.579046457526,304.3762459809663,0.7,10000.0,0.9046425649873645,0.04035330758141919,0.0028823791129585137,14.411895564792568,124.52299479452078,21.13128737942899,103.39170741509179,103.39170741509172,31.469979768568074,777.6932647433205,209.07775621107106,210.42857096439516,0.1688518441655127,122.55432287412346,133.37892332390683,0.5412300224891687,3.4183095199838274,1.8137237947144769,1.0,0.6138750357709883,36.95
2906.579046457526,304.3762459809663,0.7,10000.0,0.9046425649873645,0.04035330758141919,0.0028823791129585137,14.411895564792568,124.52299479452078,21.13128737942899,103.39170741509179,103.39170741509172,31.469979768568074,777.6932647433205,209.0861724750576,210.42857096439516,0.1677998111671961,122.58135057654296,133.37892332390683,0.5398786373681936,3.4180510497927012,1.7247781146007826,1.0,0.6138750357709883,37.0
2906.579046457526,304.3762459809663,0.7,10000.0,0.9046425649873645,0.04035330758141919,0.0028823791129585137,14.411895564792568,124.52299479452078,21.13128737942899,103.39170741509179,103.39170741509172,31.469979768568074,777.6932647433205,209.09453630143244,210.42857096439516,0.16675433287034025,122.60831079409763,133.37892332390683,0.5385306264904599,3.4177932249700067,1.7658261734214602,1.0,0.6138750357709883,37.050000000000004
2906.579046457526,304.3762459809663,0.7,10000.0,0.9046425649873645,0.04035330758141919,0.0028823791129585137,14.411895564792568,124.52299479452078,21.13128737942899,103.39170741509179,103.39170741509172,31.469979768568074,777.6932647433205,209.10284801690864,210.42857096439516,0.1657153684358157,122.63520369528894,133.37892332390683,0.5371859814308948,3.417536043904337,1.9006169509958768,1.0,0.6138750357709883,37.1
2906.579046457526,304.3762459809663,0.7,10000.0,0.9046425649873645,0.04035330758141919,0.0028823791129585137,14.411895564792568,124.52299479452078,21.13128737942899,103.39170741509179,103.39170741509172,31.469979768568074,777.6932647433205,209.11110794616363,210.42857096439516,0.16468287727894193,122.66202944819759,133.37892332390683,0.5358446937854623,3.41727950498831,2.010111853576263,1.0,0.6138750357709883,37.15
2906.579046457526,304.3762459809663,0.7,10000.0,0.9046425649873645,0.04035330758141919,0.0028823791129585137,14.411895564792568,124.52299479452078,21.13128737942899,103.39170741509179,103.39170741509172,31.469979768568074,777.6932647433205,209.11931641185194,210.42857096439516,0.16365681906790286,122.68878822048464,133.37892332390683,0.5345067551711097,3.4170236066185566,1.9976119863265789,1.0,0.6138750357709883,37.2
2906.579046457526,304.3762459809663,0.7,10000.0,0.9046425649873645,0.04035330758141919,0.0028823791129585137,14.411895564792568,124.52299479452078,21.13128737942899,103.39170741509179,103.39170741509172,31.469979768568074,777.6932647433205,209.1274737346178,210.42857096439516,0.16263715372216936,122.71548017939249,133.37892332390683,0.5331721572257173,3.4167683471957115,1.8741564325292057,1.0,0.6138750357709883,37.25
2906.579046457526,304.3762459809663,0.7,10000.0,0.9046425649873645,0.04035330758141919,0.0028823791129585137,14.411895564792568,124.52299479452078,21.13128737942899,103.39170741509179,103.39170741509172,31.469979768568074,777.6932647433205,209.1355802331077,210.42857096439516,0.16162384141093256,122.74210549174597,133.37892332390683,0.5318408916080429,3.4165137251244015,1.748773241275292,1.0,0.6138750357709883,37.300000000000004
2906.579046457526,304.3762459809663,0.7,10000.0,0.9046425649873645,0.04035330758141919,0.0028823791129585137,14.411895564792568,124.52299479452078,21.13128737942899,103.39170741509179,103.39170741509172,31.469979768568074,777.6932647433205,209.14363622398275,210.42857096439516,0.1606168425515513,122.76866432395339,133.37892332390683,0.5305129499976722,3.4162597388132387,1.7321928277670346,1.0,0.6138750357709883,37.35
2906.579046457526,304.3762459809663,0.7,10000.0,0.9046425649873645,0.04035330758141919,0.0028823791129585137,14.411895564792568,124.52299479452078,21.13128737942899,103.39170741509179,103.39170741509172,31.469979768568074,777.6932647433205,209.1516420219311,210.42857096439516,0.15961611780800666,122.79515684200751,133.37892332390683,0.5291883240949659,3.416006386674808,1.8390579527583368,1.0,0.6138750357709883,37.4
2906.579046457526,304.3762459809663,0.7,10000.0,0.9046425649873645,0.04035330758141919,0.0028823791129585137,14.411895564792568,124.52299479452078,21.13128737942899,103.39170741509179,103.39170741509172,31.469979768568074,777.6932647433205,209.15959793968028,210.42857096439516,0.1586216280893602,122.82158321148667,133.37892332390683,0.5278670056210082,3.415753667125657,1.9749921727819946,1.0,0.6138750357709883,37.45
2906.579046457526,304.3762459809663,0.7,10000.0,0.9046425649873645,0.04035330758141919,0.0028823791129585137,14.411895564792568,124.52299479452078,21.13128737942899,103.39170741509179,103.39170741509172,31.469979768568074,777.6932647433205,209.16750428800933,210.42857096439516,0.1576333345482297,122.84794359755575,133.37892332390683,0.5265489863175539,3.415501578586288,2.0199470788535114,1.0,0.6138750357709883,37.5
2906.579046457526,304.3762459809663,0.7,10000.0,0.9046425649873645,0.04035330758141919,0.0028823791129585137,14.411895564792568,124.52299479452078,21.13128737942899,103.39170741509179,103.39170741509172,31.469979768568074,777.6932647433205,209.17536137576099,210.42857096439516,0.15665119857927223,122.87423816496728,133.37892332390683,0.5252342579469775,3.4152501194811467,1.93422137317548,1.0,0.6138750357709883,37.550000000000004
2906.579046457526,304.3762459809663,0.7,10000.0,0.9046425649873645,0.04035330758141919,0.0028823791129585137,14.411895564792568,124.52299479452078,21.13128737942899,103.39170741509179,103.39170741509172,31.469979768568074,777.6932647433205,209.1831695098537,210.42857096439516,0.15567518181768136,122.90046707806236,133.37892332390683,0.5239228122922235,3.414999288238613,1.7935225161203725,1.0,0.6138750357709883,37.6
2906.579046457526,304.3762459809663,0.7,10000.0,0.9046425649873645,0.04035330758141919,0.0028823791129585137,14.411895564792568,124.52299479452078,21.13128737942899,103.39170741509179,103.39170741509172,31.469979768568074,777.6932647433205,209.19092899529377,210.42857096439516,0.15470524613767367,122.9266305007718,133.37892332390683,0.5226146411567519,3.414749083290991,1.7221067393620393,1.0,0.6138750357709883,37.65
2906.579046457526,304.3762459809663,0.7,10000.0,0.9046425649873645,0.04035330758141919,0.0028823791129585137,14.411895564792568,124.52299479452078,21.13128737942899,103.39170741509179,103.39170741509172,31.469979768568074,777.6932647433205,209.19864013518705,210.42857096439516,0.15374135365101438,122.95272859661706,133.37892332390683,0.5213097363644884,3.414499503074499,1.7830438892914082,1.0,0.6138750357709883,37.7
2906.579046457526,304.3762459809663,0.7,10000.0,0.9046425649873645,0.04035330758141919,0.0028823791129585137,14.411895564792568,124.52299479452078,21.13128737942899,103.39170741509179,103.39170741509172,31.469979768568074,777.6932647433205,209.2063032307509,210.42857096439516,0.15278346670553233,122.97876152871135,133.37892332390683,0.5200080897597743,3.414250546029259,1.9225181725363463,1.0,0.6138750357709883,37.75
2906.579046457526,304.3762459809663,0.7,10000.0,0.9046425649873645,0.04035330758141919,0.0028823791129585137,14.411895564792568,124.52299479452078,21.13128737942899,103.39170741509179,103.39170741509172,31.469979768568074,777.6932647433205,209.213918581326,210.42857096439516,0.1518315478836456,123.00472945976055,133.37892332390683,0.5187096932073139,3.4140022105992895,2.01735482269031,1.0,0.6138750357709883,37.800000000000004
2906.579046457526,304.3762459809663,0.7,10000.0,0.9046425649873645,0.04035330758141919,0.0028823791129585137,14.411895564792568,124.52299479452078,21.13128737942899,103.39170741509179,103.39170741509172,31.469979768568074,777.6932647433205,209.22148648438792,210.42857096439516,0.15088556000090492,123.03063255206433,133.37892332390683,0.5174145385921249,3.413754495232493,1.98380017594184,1.0,0.6138750357709883,37.85
2906.579046457526,304.3762459809663,0.7,10000.0,0.9046425649873645,0.04035330758141919,0.0028823791129585137,14.411895564792568,124.52299479452078,21.13128737942899,103.39170741509179,103.39170741509172,31.469979768568074,777.6932647433205,209.22900723555887,210.42857096439516,0.14994546610453696,123.05647096751711,133.37892332390683,0.5161226178194859,3.413507398380648,1.8514875501955401,1.0,0.6138750357709883,37.9
2906.579046457526,304.3762459809663,0.7,10000.0,0.9046425649873645,0.04035330758141919,0.0028823791129585137,14.411895564792568,124.52299479452078,21.13128737942899,103.39170741509179,103.39170741509172,31.469979768568074,777.6932647433205,209.23648112861912,210.42857096439516,0.14901122947200562,123.08224486760906,133.37892332390683,0.5148339228148885,3.4132609184993976,1.73726699400362,1.0,0.6138750357709883,37.95
2906.579046457526,304.3762459809663,0.7,10000.0,0.9046425649873645,0.04035330758141919,0.0028823791129585137,14.411895564792568,124.52299479452078,21.13128737942899,103.39170741509179,103.39170741509172,31.469979768568074,777.6932647433205,209.24390845551858,210.42857096439516,0.1480828136095731,123.10795441342714,133.37892332390683,0.5135484455239847,3.413015054048242,1.7420107972262435,1.0,0.6138750357709883,38.0
2906.579046457526,304.3762459809663,0.7,10000.0,0.9046425649873645,0.04035330758141919,0.0028823791129585137,14.411895564792568,124.52299479452078,21.13128737942899,103.39170741509179,103.39170741509172,31.469979768568074,777.6932647433205,209.25128950638816,210.42857096439516,0.14716018225087524,123.13359976565609,133.37892332390683,0.5122661779125373,3.4127698034905283,1.8615295362633688,1.0,0.6138750357709883,38.050000000000004
2906.579046457526,304.3762459809663,0.7,10000.0,0.9046425649873645,0.04035330758141919,0.0028823791129585137,14.411895564792568,124.52299479452078,21.13128737942899,103.39170741509179,103.39170741509172,31.469979768568074,777.6932647433205,209.25862456955107,210.42857096439516,0.14624329935551117,123.15918108457944,133.37892332390683,0.5109871119663694,3.412525165293439,1.9902719050291187,1.0,0.6138750357709883,38.1
2906.579046457526,304.3762459809663,0.7,10000.0,0.9046425649873645,0.04035330758141919,0.0028823791129585137,14.411895564792568,124.52299479452078,21.13128737942899,103.39170741509179,103.39170741509172,31.469979768568074,777.6932647433205,209.2659139315342,210.42857096439516,0.14533212910762217,123.18469853008054,133.37892332390683,0.5097112396913147,3.4122811379279843,2.0145408775891696,1.0,0.6138750357709883,38.15
2906.579046457526,304.3762459809663,0.7,10000.0,0.9046425649873645,0.04035330758141919,0.0028823791129585137,14.411895564792568,124.52299479452078,21.13128737942899,103.39170741509179,103.39170741509172,31.469979768568074,777.6932647433205,209.27315787707911,210.42857096439516,0.1444266359145061,123.21015226164349,133.37892332390683,0.5084385531131673,3.4120377198689935,1.912903649584273,1.0,0.6138750357709883,38.2
2906.579046457526,304.3762459809663,0.7,10000.0,0.9046425649873645,0.04035330758141919,0.0028823791129585137,14.411895564792568,124.52299479452078,21.13128737942899,103.39170741509179,103.39170741509172,31.469979768568074,777.6932647433205,209.2803566891534,210.42857096439516,0.14352678440522126,123.2355424383542,133.37892332390683,0.5071690442776315,3.411794909595102,1.7751197202298494,1.0,0.6138750357709883,38.25
2906.579046457526,304.3762459809663,0.7,10000.0,0.9046425649873645,0.04035330758141919,0.0028823791129585137,14.411895564792568,124.52299479452078,21.13128737942899,103.39170741509179,103.39170741509172,31.469979768568074,777.6932647433205,209.28751064896156,210.42857096439516,0.14263253942920073,123.26086921890136,133.37892332390683,0.5059027052502735,3.4115527055887447,1.7228710434887107,1.0,0.6138750357709883,38.300000000000004
2906.579046457526,304.3762459809663,0.7,10000.0,0.9046425649873645,0.04035330758141919,0.0028823791129585137,14.411895564792568,124.52299479452078,21.13128737942899,103.39170741509179,103.39170741509172,31.469979768568074,777.6932647433205,209.29462003595606,210.42857096439516,0.1417438660548882,123.28613276157743,133.37892332390683,0.50463952811647,3.4113111063361465,1.802300308914314,1.0,0.6138750357709883,38.35
2906.579046457526,304.3762459809663,0.7,10000.0,0.9046425649873645,0.04035330758141919,0.0028823791129585137,14.411895564792568,124.52299479452078,21.13128737942899,103.39170741509179,103.39170741509172,31.469979768568074,777.6932647433205,209.30168512784823,210.42857096439516,0.1408607295683666,123.31133322427964,133.37892332390683,0.5033795049813599,3.4110701103273104,1.943260669454449,1.0,0.6138750357709883,38.400000000000006
2906.579046457526,304.3762459809663,0.7,10000.0,0.9046425649873645,0.04035330758141919,0.0028823791129585137,14.411895564792568,124.52299479452078,21.13128737942899,103.39170741509179,103.39170741509172,31.469979768568074,777.6932647433205,209.3087062006191,210.42857096439516,0.13998309547200805,123.33647076451093,133.37892332390683,0.5021226279697949,3.410829716056012,2.0212649502836926,1.0,0.6138750357709883,38.45
2906.579046457526,304.3762459809663,0.7,10000.0,0.9046425649873645,0.04035330758141919,0.0028823791129585137,14.411895564792568,124.52299479452078,21.13128737942899,103.39170741509179,103.39170741509172,31.469979768568074,777.6932647433205,209.31568352853026,210.42857096439516,0.1391109294831132,123.36154553938105,133.37892332390683,0.5008688892262889,3.4105899220197844,1.9674247596047214,1.0,0.6138750357709883,38.5
2906.579046457526,304.3762459809663,0.7,10000.0,0.9046425649873645,0.04035330758141919,0.0028823791129585137,14.411895564792568,124.52299479452078,21.13128737942899,103.39170741509179,103.39170741509172,31.469979768568074,777.6932647433205,209.32261738413442,210.42857096439516,0.1382441975325932,123.38655770560742,133.37892332390683,0.49961828091497085,3.4103507267199156,1.8292883102919235,1.0,0.6138750357709883,38.550000000000004
2906.579046457526,304.3762459809663,0.7,10000.0,0.9046425649873645,0.04035330758141919,0.0028823791129585137,14.411895564792568,124.52299479452078,21.13128737942899,103.39170741509179,103.39170741509172,31.469979768568074,777.6932647433205,209.32950803828624,210.42857096439516,0.13738286576361602,123.41150741951613,133.37892332390683,0.49837079521953526,3.4101121286614333,1.7288488793867804,1.0,0.6138750357709883,38.6
2906.579046457526,304.3762459809663,0.7,10000.0,0.9046425649873645,0.04035330758141919,0.0028823791129585137,14.411895564792568,124.52299479452078,21.13128737942899,103.39170741509179,103.39170741509172,31.469979768568074,777.6932647433205,209.33635576015274,210.42857096439516,0.1365269005303027,123.436394837043,133.37892332390683,0.49712642434319176,3.4098741263531,1.7548081483166313,1.0,0.6138750357709883,38.650000000000006
2906.579046457526,304.3762459809663,0.7,10000.0,0.9046425649873645,0.04035330758141919,0.0028823791129585137,14.411895564792568,124.52299479452078,21.13128737942899,103.39170741509179,103.39170741509172,31.469979768568074,777.6932647433205,209.34316081722395,210.42857096439516,0.13567626839640212,123.46122011373446,133.37892332390683,0.49588516050861886,3.409636718307399,1.8842405510767666,1.0,0.6138750357709883,38.7
2906.579046457526,304.3762459809663,0.7,10000.0,0.9046425649873645,0.04035330758141919,0.0028823791129585137,14.411895564792568,124.52299479452078,21.13128737942899,103.39170741509179,103.39170741509172,31.469979768568074,777.6932647433205,209.34992347532327,210.42857096439516,0.13483093613398722,123.48598340474857,133.37892332390683,0.4946469959579133,3.4093999030405304,2.0028396678432223,1.0,0.6138750357709883,38.75
2906.579046457526,304.3762459809663,0.7,10000.0,0.9046425649873645,0.04035330758141919,0.0028823791129585137,14.411895564792568,124.52299479452078,21.13128737942899,103.39170741509179,103.39170741509172,31.469979768568074,777.6932647433205,209.3566439986179,210.42857096439516,0.1339908707221582,123.51068486485597,133.37892332390683,0.4934119229525429,3.4091636790723974,2.0058663441008373,1.0,0.6138750357709883,38.800000000000004
2906.579046457526,304.3762459809663,0.7,10000.0,0.9046425649873645,0.04035330758141919,0.0028823791129585137,14.411895564792568,124.52299479452078,21.13128737942899,103.39170741509179,103.39170741509172,31.469979768568074,777.6932647433205,209.3633226496291,210.42857096439516,0.13315603934575648,123.53532464844089,133.37892332390683,0.49217993377329705,3.4089280449265993,1.8906476129609175,1.0,0.6138750357709883,38.85
2906.579046457526,304.3762459809663,0.7,10000.0,0.9046425649873645,0.04035330758141919,0.0028823791129585137,14.411895564792568,124.52299479452078,21.13128737942899,103.39170741509179,103.39170741509172,31.469979768568074,777.6932647433205,209.3699596892426,210.42857096439516,0.13232640939407148,123.55990290950204,133.37892332390683,0.4909510207202395,3.4086929991304227,1.758937288556601,1.0,0.6138750357709883,38.900000000000006
2906.579046457526,304.3762459809663,0.7,10000.0,0.9046425649873645,0.04035330758141919,0.0028823791129585137,14.411895564792568,124.52299479452078,21.13128737942899,103.39170741509179,103.39170741509172,31.469979768568074,777.6932647433205,209.37655537671853,210.42857096439516,0.1315019484595794,123.58441980165364,133.37892332390683,0.4897251761126597,3.40845854021483,1.7270535054159626,1.0,0.6138750357709883,38.95
2906.579046457526,304.3762459809663,0.7,10000.0,0.9046425649873645,0.04035330758141919,0.0028823791129585137,14.411895564792568,124.52299479452078,21.13128737942899,103.39170741509179,103.39170741509172,31.469979768568074,777.6932647433205,209.3831099697018,210.42857096439516,0.13068262433667144,123.60887547812634,133.37892332390683,0.4885023922890248,3.4082246667144522,1.8231539815720403,1.0,0.6138750357709883,39.0
2906.579046457526,304.3762459809663,0.7,10000.0,0.9046425649873645,0.04035330758141919,0.0028823791129585137,14.411895564792568,124.52299479452078,21.13128737942899,103.39170741509179,103.39170741509172,31.469979768568074,777.6932647433205,209.38962372423202,210.42857096439516,0.12986840502039243,123.6332700917682,133.37892332390683,0.4872826616069318,3.40799137716758,1.9623689229195491,1.0,0.6138750357709883,39.050000000000004
2906.579046457526,304.3762459809663,0.7,10000.0,0.9046425649873645,0.04035330758141919,0.0028823791129585137,14.411895564792568,124.52299479452078,21.13128737942899,103.39170741509179,103.39170741509172,31.469979768568074,777.6932647433205,209.39609689475358,210.42857096439516,0.12905925870519752,123.65760379504563,133.37892332390683,0.48606597644306004,3.4077586701161517,2.0217525972297183,1.0,0.6138750357709883,39.1
2906.579046457526,304.3762459809663,0.7,10000.0,0.9046425649873645,0.04035330758141919,0.0028823791129585137,14.411895564792568,124.52299479452078,21.13128737942899,103.39170741509179,103.39170741509172,31.469979768568074,777.6932647433205,209.4025297341255,210.42857096439516,0.12825515378370866,123.68187674004437,133.37892332390683,0.48485232919312293,3.407526544105748,1.9488611414389665,1.0,0.6138750357709883,39.150000000000006
2906.579046457526,304.3762459809663,0.7,10000.0,0.9046425649873645,0.04035330758141919,0.0028823791129585137,14.411895564792568,124.52299479452078,21.13128737942899,103.39170741509179,103.39170741509172,31.469979768568074,777.6932647433205,209.4089224936314,210.42857096439516,0.12745605884547118,123.7060890784704,133.37892332390683,0.4836417122718217,3.4072949976855806,1.8080676272774803,1.0,0.6138750357709883,39.2
2906.579046457526,304.3762459809663,0.7,10000.0,0.9046425649873645,0.04035330758141919,0.0028823791129585137,14.411895564792568,124.52299479452078,21.13128737942899,103.39170741509179,103.39170741509172,31.469979768568074,777.6932647433205,209.41527542298925,210.42857096439516,0.12666194267573871,123.7302409616509,133.37892332390683,0.4824341181127963,3.407064029408484,1.7237118815212846,1.0,0.6138750357709883,39.25
2906.579046457526,304.3762459809663,0.7,10000.0,0.9046425649873645,0.04035330758141919,0.0028823791129585137,14.411895564792568,124.52299479452078,21.13128737942899,103.39170741509179,103.39170741509172,31.469979768568074,777.6932647433205,209.42158877036118,210.42857096439516,0.1258727742542476,123.75433254053523,133.37892332390683,0.4812295391685801,3.406833637830905,1.7702915035605604,1.0,0.6138750357709883,39.300000000000004
2906.579046457526,304.3762459809663,0.7,10000.0,0.9046425649873645,0.04035330758141919,0.0028823791129585137,14.411895564792568,124.52299479452078,21.13128737942899,103.39170741509179,103.39170741509172,31.469979768568074,777.6932647433205,209.4278627823631,210.42857096439516,0.12508852275400884,123.77836396569583,133.37892332390683,0.48002796791055,3.4066038215128964,1.9066703503698048,1.0,0.6138750357709883,39.35
2906.579046457526,304.3762459809663,0.7,10000.0,0.9046425649873645,0.04035330758141919,0.0028823791129585137,14.411895564792568,124.52299479452078,21.13128737942899,103.39170741509179,103.39170741509172,31.469979768568074,777.6932647433205,209.43409770407442,210.42857096439516,0.1243091575400932,123.8023353873292,133.37892332390683,0.4788293968288819,3.4063745790181046,2.0124073470240913,1.0,0.6138750357709883,39.400000000000006
2906.579046457526,304.3762459809663,0.7,10000.0,0.9046425649873645,0.04035330758141919,0.0028823791129585137,14.411895564792568,124.52299479452078,21.13128737942899,103.39170741509179,103.39170741509172,31.469979768568074,777.6932647433205,209.44029377904755,210.42857096439516,0.12353464816845161,123.82624695525678,133.37892332390683,0.47763381843250274,3.4061459089137633,1.994122340851263,1.0,0.6138750357709883,39.45
2906.579046457526,304.3762459809663,0.7,10000.0,0.9046425649873645,0.04035330758141919,0.0028823791129585137,14.411895564792568,124.52299479452078,21.13128737942899,103.39170741509179,103.39170741509172,31.469979768568074,777.6932647433205,209.44645124931748,210.42857096439516,0.12276496438471085,123.85009881892597,133.37892332390683,0.47644122524904303,3.4059178097706844,1.8679634798224332,1.0,0.6138750357709883,39.5
2906.579046457526,304.3762459809663,0.7,10000.0,0.9046425649873645,0.04035330758141919,0.0028823791129585137,14.411895564792568,124.52299479452078,21.13128737942899,103.39170741509179,103.39170741509172,31.469979768568074,777.6932647433205,209.45257035541113,210.42857096439516,0.12200007612300467,123.87389112741099,133.37892332390683,0.47525160982479236,3.4056902801632467,1.745346201075531,1.0,0.6138750357709883,39.550000000000004
2906.579046457526,304.3762459809663,0.7,10000.0,0.9046425649873645,0.04035330758141919,0.0028823791129585137,14.411895564792568,124.52299479452078,21.13128737942899,103.39170741509179,103.39170741509172,31.469979768568074,777.6932647433205,209.4586513363569,210.42857096439516,0.12123995350478367,123.89762402941383,133.37892332390683,0.47406496472464993,3.40546331866939,1.7345582427909443,1.0,0.6138750357709883,39.6
2906.579046457526,304.3762459809663,0.7,10000.0,0.9046425649873645,0.04035330758141919,0.0028823791129585137,14.411895564792568,124.52299479452078,21.13128737942899,103.39170741509179,103.39170741509172,31.469979768568074,777.6932647433205,209.46469442969385,210.42857096439516,0.12048456683766418,123.92129767326523,133.37892332390683,0.47288128253208017,3.4052369238706035,1.8451268397441878,1.0,0.6138750357709883,39.650000000000006
2906.579046457526,304.3762459809663,0.7,10000.0,0.9046425649873645,0.04035330758141919,0.0028823791129585137,14.411895564792568,124.52299479452078,21.13128737942899,103.39170741509179,103.39170741509172,31.469979768568074,777.6932647433205,209.47069987148112,210.42857096439516,0.11973388661425588,123.94491220692551,133.37892332390683,0.4717005558490662,3.40501109435192,1.9794048789013747,1.0,0.6138750357709883,39.7
2906.579046457526,304.3762459809663,0.7,10000.0,0.9046425649873645,0.04035330758141919,0.0028823791129585137,14.411895564792568,124.52299479452078,21.13128737942899,103.39170741509179,103.39170741509172,31.469979768568074,777.6932647433205,209.47666789630702,210.42857096439516,0.11898788351101786,123.96846777798561,133.37892332390683,0.4705227772960612,3.4047858287019035,2.018806584290568,1.0,0.6138750357709883,39.75
2906.579046457526,304.3762459809663,0.7,10000.0,0.9046425649873645,0.04035330758141919,0.0028823791129585137,14.411895564792568,124.52299479452078,21.13128737942899,103.39170741509179,103.39170741509172,31.469979768568074,777.6932647433205,209.48259873729828,210.42857096439516,0.11824652838711103,123.99196453366791,133.37892332390683,0.4693479395119461,3.404561125512643,1.9285348897838612,1.0,0.6138750357709883,39.800000000000004
2906.579046457526,304.3762459809663,0.7,10000.0,0.9046425649873645,0.04035330758141919,0.0028823791129585137,14.411895564792568,124.52299479452078,21.13128737942899,103.39170741509179,103.39170741509172,31.469979768568074,777.6932647433205,209.48849262612913,210.42857096439516,0.1175097922832542,124.01540262082722,133.37892332390683,0.46817603515398076,3.4043369833797428,1.7883119823335494,1.0,0.6138750357709883,39.85
2906.579046457526,304.3762459809663,0.7,10000.0,0.9046425649873645,0.04035330758141919,0.0028823791129585137,14.411895564792568,124.52299479452078,21.13128737942899,103.39170741509179,103.39170741509172,31.469979768568074,777.6932647433205,209.49434979303035,210.42857096439516,0.1167776464206014,124.03878218595165,133.37892332390683,0.4670070568977593,3.4041134009023146,1.7219737653624674,1.0,0.6138750357709883,39.900000000000006
2906.579046457526,304.3762459809663,0.7,10000.0,0.9046425649873645,0.04035330758141919,0.0028823791129585137,14.411895564792568,124.52299479452078,21.13128737942899,103.39170741509179,103.39170741509172,31.469979768568074,777.6932647433205,209.5001704667983,210.42857096439516,0.11605006219960856,124.06210337516356,133.37892332390683,0.4658409974371637,3.4038903766829662,1.7881059092111398,1.0,0.6138750357709883,39.95
2906.579046457526,304.3762459809663,0.7,10000.0,0.9046425649873645,0.04035330758141919,0.0028823791129585137,14.411895564792568,124.52299479452078,21.13128737942899,103.39170741509179,103.39170741509172,31.469979768568074,777.6932647433205,209.50595487480373,210.42857096439516,0.11532701119892863,124.08536633422047,133.37892332390683,0.4646778494843183,3.4036679093277957,1.9283047341406405,1.0,0.6138750357709883,40.0
2906.579046457526,304.3762459809663,0.7,10000.0,0.9046425649873645,0.04035330758141919,0.0028823791129585137,14.411895564792568,124.52299479452078,21.13128737942899,103.39170741509179,103.39170741509172,31.469979768568074,777.6932647433205,209.51170324300088,210.42857096439516,0.11460846517428536,124.10857120851594,133.37892332390683,0.4635176057695446,3.403445997446382,2.018755604870235,1.0,0.6138750357709883,40.050000000000004
2906.579046457526,304.3762459809663,0.7,10000.0,0.9046425649873645,0.04035330758141919,0.0028823791129585137,14.411895564792568,124.52299479452078,21.13128737942899,103.39170741509179,103.39170741509172,31.469979768568074,777.6932647433205,209.51741579593607,210.42857096439516,0.11389439605738616,124.1317181430805,133.37892332390683,0.4623602590413164,3.4032246396517745,1.9795780974674033,1.0,0.6138750357709883,40.1
2906.579046457526,304.3762459809663,0.7,10000.0,0.9046425649873645,0.04035330758141919,0.0028823791129585137,14.411895564792568,124.52299479452078,21.13128737942899,103.39170741509179,103.39170741509172,31.469979768568074,777.6932647433205,209.52309275675663,210.42857096439516,0.11318477595481724,124.1548072825826,133.37892332390683,0.46120580206621187,3.403003834560487,1.8453712807389235,1.0,0.6138750357709883,40.150000000000006
2906.579046457526,304.3762459809663,0.7,10000.0,0.9046425649873645,0.04035330758141919,0.0028823791129585137,14.411895564792568,124.52299479452078,21.13128737942899,103.39170741509179,103.39170741509172,31.469979768568074,777.6932647433205,209.52873434721957,210.42857096439516,0.11247957714694934,124.1778387713294,133.37892332390683,0.4600542276288714,3.402783580792486,1.7346580315607,1.0,0.6138750357709883,40.2
2906.579046457526,304.3762459809663,0.7,10000.0,0.9046425649873645,0.04035330758141919,0.0028823791129585137,14.411895564792568,124.52299479452078,21.13128737942899,103.39170741509179,103.39170741509172,31.469979768568074,777.6932647433205,209.53434078770022,210.42857096439516,0.11177877208686837,124.2008127532678,133.37892332390683,0.45890552853195177,3.4025638769711852,1.7452132105622655,1.0,0.6138750357709883,40.25
2906.579046457526,304.3762459809663,0.7,10000.0,0.9046425649873645,0.04035330758141919,0.0028823791129585137,14.411895564792568,124.52299479452078,21.13128737942899,103.39170741509179,103.39170741509172,31.469979768568074,777.6932647433205,209.53991229720089,210.42857096439516,0.11108233339928475,124.22372937198526,133.37892332390683,0.45775969759607876,3.4023447217234355,1.8677151587410523,1.0,0.6138750357709883,40.300000000000004
2906.579046457526,304.3762459809663,0.7,10000.0,0.9046425649873645,0.04035330758141919,0.0028823791129585137,14.411895564792568,124.52299479452078,21.13128737942899,103.39170741509179,103.39170741509172,31.469979768568074,777.6932647433205,209.54544909335937,210.42857096439516,0.11039023387947466,124.24658877071072,133.37892332390683,0.4566167276598058,3.4021261136795147,1.9939779904992245,1.0,0.6138750357709883,40.35
2906.579046457526,304.3762459809663,0.7,10000.0,0.9046425649873645,0.04035330758141919,0.0028823791129585137,14.411895564792568,124.52299479452078,21.13128737942899,103.39170741509179,103.39170741509172,31.469979768568074,777.6932647433205,209.55095139245748,210.42857096439516,0.10970244649221073,124.26939109231549,133.37892332390683,0.45547661157956726,3.401908051473123,2.0124944483997305,1.0,0.6138750357709883,40.400000000000006
2906.579046457526,304.3762459809663,0.7,10000.0,0.9046425649873645,0.04035330758141919,0.0028823791129585137,14.411895564792568,124.52299479452078,21.13128737942899,103.39170741509179,103.39170741509172,31.469979768568074,777.6932647433205,209.55641940942945,210.42857096439516,0.10901894437071391,124.29213647931415,133.37892332390683,0.454339342229634,3.40169053374137,1.9069119811085973,1.0,0.6138750357709883,40.45
2906.579046457526,304.3762459809663,0.7,10000.0,0.9046425649873645,0.04035330758141919,0.0028823791129585137,14.411895564792568,124.52299479452078,21.13128737942899,103.39170741509179,103.39170741509172,31.469979768568074,777.6932647433205,209.5618533578704,210.42857096439516,0.10833970081559485,124.31482507386546,133.37892332390683,0.4532049125020684,3.40147355912477,1.7704742708487102,1.0,0.6138750357709883,40.5
2906.579046457526,304.3762459809663,0.7,10000.0,0.9046425649873645,0.04035330758141919,0.0028823791129585137,14.411895564792568,124.52299479452078,21.13128737942899,103.39170741509179,103.39170741509172,31.469979768568074,777.6932647433205,209.56725345004466,210.42857096439516,0.1076646892938129,124.3374570177732,133.37892332390683,0.45207331530668143,3.4012571262672298,1.7236743769793252,1.0,0.6138750357709883,40.550000000000004
2906.579046457526,304.3762459809663,0.7,10000.0,0.9046425649873645,0.04035330758141919,0.0028823791129585137,14.411895564792568,124.52299479452078,21.13128737942899,103.39170741509179,103.39170741509172,31.469979768568074,777.6932647433205,209.572619896894,210.42857096439516,0.10699388343764582,124.3600324524871,133.37892332390683,0.4509445435709864,3.401041233816045,1.80784297251823,1.0,0.6138750357709883,40.6
2906.579046457526,304.3762459809663,0.7,10000.0,0.9046425649873645,0.04035330758141919,0.0028823791129585137,14.411895564792568,124.52299479452078,21.13128737942899,103.39170741509179,103.39170741509172,31.469979768568074,777.6932647433205,209.57795290804592,210.42857096439516,0.10632725704365598,124.3825515191037,133.37892332390683,0.44981859024015663,3.4008258804218854,1.9486477371762096,1.0,0.6138750357709883,40.650000000000006
2906.579046457526,304.3762459809663,0.7,10000.0,0.9046425649873645,0.04035330758141919,0.0028823791129585137,14.411895564792568,124.52299479452078,21.13128737942899,103.39170741509179,103.39170741509172,31.469979768568074,777.6932647433205,209.58325269182185,210.42857096439516,0.10566478407166358,124.40501435836723,133.37892332390683,0.4486954482769804,3.4006110647387926,2.021738908460367,1.0,0.6138750357709883,40.7
2906.579046457526,304.3762459809663,0.7,10000.0,0.9046425649873645,0.04035330758141919,0.0028823791129585137,14.411895564792568,124.52299479452078,21.13128737942899,103.39170741509179,103.39170741509172,31.469979768568074,777.6932647433205,209.58851945524526,210.42857096439516,0.10500643864373771,124.42742111067051,133.37892332390683,0.4475751106618162,3.4003967854241672,1.9625670386882446,1.0,0.6138750357709883,40.75
2906.579046457526,304.3762459809663,0.7,10000.0,0.9046425649873645,0.04035330758141919,0.0028823791129585137,14.411895564792568,124.52299479452078,21.13128737942899,103.39170741509179,103.39170741509172,31.469979768568074,777.6932647433205,209.59375340404978,210.42857096439516,0.10435219504317317,124.44977191605582,133.37892332390683,0.44645757039255046,3.4001830411387637,1.8233889387035611,1.0,0.6138750357709883,40.800000000000004
2906.579046457526,304.3762459809663,0.7,10000.0,0.9046425649873645,0.04035330758141919,0.0028823791129585137,14.411895564792568,124.52299479452078,21.13128737942899,103.39170741509179,103.39170741509172,31.469979768568074,777.6932647433205,209.5989547426872,210.42857096439516,0.10370202771349568,124.47206691421577,133.37892332390683,0.445342820484553,3.3999698305466786,1.7271178047986626,1.0,0.6138750357709883,40.85
2906.579046457526,304.3762459809663,0.7,10000.0,0.9046425649873645,0.04035330758141919,0.0028823791129585137,14.411895564792568,124.52299479452078,21.13128737942899,103.39170741509179,103.39170741509172,31.469979768568074,777.6932647433205,209.60412367433545,210.42857096439516,0.1030559112574636,124.49430624449417,133.37892332390683,0.44423085397063317,3.3997571523153463,1.7587741450883256,1.0,0.6138750357709883,40.900000000000006
2906.579046457526,304.3762459809663,0.7,10000.0,0.9046425649873645,0.04035330758141919,0.0028823791129585137,14.411895564792568,124.52299479452078,21.13128737942899,103.39170741509179,103.39170741509172,31.469979768568074,777.6932647433205,209.60926040090663,210.42857096439516,0.10241382043606606,124.5164900458869,133.37892332390683,0.4431216639009968,3.3995450051155256,1.890401104518847,1.0,0.6138750357709883,40.95
2906.579046457526,304.3762459809663,0.7,10000.0,0.9046425649873645,0.04035330758141919,0.0028823791129585137,14.411895564792568,124.52299479452078,21.13128737942899,103.39170741509179,103.39170741509172,31.469979768568074,777.6932647433205,209.61436512305474,210.42857096439516,0.10177573016755304,124.53861845704279,133.37892332390683,0.44201524334320225,3.3993333876212968,2.005754171174357,1.0,0.6138750357709883,41.0
2906.579046457526,304.3762459809663,0.7,10000.0,0.9046425649873645,0.04035330758141919,0.0028823791129585137,14.411895564792568,124.52299479452078,21.13128737942899,103.39170741509179,103.39170741509172,31.469979768568074,777.6932647433205,209.61943804018364,210.42857096439516,0.10114161552644063,124.56069161626448,133.37892332390683,0.4409115853821177,3.3991222985100493,2.0029608943865944,1.0,0.6138750357709883,41.050000000000004
2906.579046457526,304.3762459809663,0.7,10000.0,0.9046425649873645,0.04035330758141919,0.0028823791129585137,14.411895564792568,124.52299479452078,21.13128737942899,103.39170741509179,103.39170741509172,31.469979768568074,777.6932647433205,209.6244793504548,210.42857096439516,0.10051145174254472,124.58270966150928,133.37892332390683,0.4398106831198774,3.3989117364624764,1.8844881175603452,1.0,0.6138750357709883,41.1
2906.579046457526,304.3762459809663,0.7,10000.0,0.9046425649873645,0.04035330758141919,0.0028823791129585137,14.411895564792568,124.52299479452078,21.13128737942899,103.39170741509179,103.39170741509172,31.469979768568074,777.6932647433205,209.62948925079505,210.42857096439516,0.09988521420001462,124.60467273039008,133.37892332390683,0.43871252967583774,3.398701700162564,1.7549634198564248,1.0,0.6138750357709883,41.150000000000006
2906.579046457526,304.3762459809663,0.7,10000.0,0.9046425649873645,0.04035330758141919,0.0028823791129585137,14.411895564792568,124.52299479452078,21.13128737942899,103.39170741509179,103.39170741509172,31.469979768568074,777.6932647433205,209.63446793690423,210.42857096439516,0.09926287843636672,124.6265809601761,133.37892332390683,0.43761711818653665,3.3984921882975843,1.7287747300893859,1.0,0.6138750357709883,41.2
2906.579046457526,304.3762459809663,0.7,10000.0,0.9046425649873645,0.04035330758141919,0.0028823791129585137,14.411895564792568,124.52299479452078,21.13128737942899,103.39170741509179,103.39170741509172,31.469979768568074,777.6932647433205,209.63941560326293,210.42857096439516,0.09864442014152885,124.64843448779385,133.37892332390683,0.43652444180564914,3.398283199558088,1.8290502240746684,1.0,0.6138750357709883,41.25
2906.579046457526,304.3762459809663,0.7,10000.0,0.9046425649873645,0.04035330758141919,0.0028823791129585137,14.411895564792568,124.52299479452078,21.13128737942899,103.39170741509179,103.39170741509172,31.469979768568074,777.6932647433205,209.64433244314,210.42857096439516,0.09802981515689524,124.67023344982796,133.37892332390683,0.43543449370394355,3.398074732637894,1.9672329989870638,1.0,0.6138750357709883,41.300000000000004
2906.579046457526,304.3762459809663,0.7,10000.0,0.9046425649873645,0.04035330758141919,0.0028823791129585137,14.411895564792568,124.52299479452078,21.13128737942899,103.39170741509179,103.39170741509172,31.469979768568074,777.6932647433205,209.6492186486001,210.42857096439516,0.09741903947438146,124.691977982522,133.37892332390683,0.43434726706924137,3.397866786234084,2.02128886597844,1.0,0.6138750357709883,41.35
2906.579046457526,304.3762459809663,0.7,10000.0,0.9046425649873645,0.04035330758141919,0.0028823791129585137,14.411895564792568,124.52299479452078,21.13128737942899,103.39170741509179,103.39170741509172,31.469979768568074,777.6932647433205,209.6540744105113,210.42857096439516,0.09681206923548302,124.71366822177939,133.37892332390683,0.4332627551063723,3.397659359046993,1.9434791406500898,1.0,0.6138750357709883,41.400000000000006
2906.579046457526,304.3762459809663,0.7,10000.0,0.9046425649873645,0.04035330758141919,0.0028823791129585137,14.411895564792568,124.52299479452078,21.13128737942899,103.39170741509179,103.39170741509172,31.469979768568074,777.6932647433205,209.65889991855235,210.42857096439516,0.09620888073035161,124.73530430316417,133.37892332390683,0.4321809510371331,3.397452449780199,1.8025203958238813,1.0,0.6138750357709883,41.45
2906.579046457526,304.3762459809663,0.7,10000.0,0.9046425649873645,0.04035330758141919,0.0028823791129585137,14.411895564792568,124.52299479452078,21.13128737942899,103.39170741509179,103.39170741509172,31.469979768568074,777.6932647433205,209.6636953612203,210.42857096439516,0.0956094503968572,124.75688636190195,133.37892332390683,0.4311018481002442,3.3972460571405194,1.7228983794300279,1.0,0.6138750357709883,41.5
2906.579046457526,304.3762459809663,0.7,10000.0,0.9046425649873645,0.04035330758141919,0.0028823791129585137,14.411895564792568,124.52299479452078,21.13128737942899,103.39170741509179,103.39170741509172,31.469979768568074,777.6932647433205,209.66846092583776,210.42857096439516,0.095013754819675,124.77841453288065,133.37892332390683,0.43002543955130934,3.3970401798379988,1.7749301638483932,1.0,0.6138750357709883,41.550000000000004
2906.579046457526,304.3762459809663,0.7,10000.0,0.9046425649873645,0.04035330758141919,0.0028823791129585137,14.411895564792568,124.52299479452078,21.13128737942899,103.39170741509179,103.39170741509172,31.469979768568074,777.6932647433205,209.67319679856018,210.42857096439516,0.09442177072937241,124.7998889506514,133.37892332390683,0.42895171866277193,3.3968348165859035,1.912664604952416,1.0,0.6138750357709883,41.6
2906.579046457526,304.3762459809663,0.7,10000.0,0.9046425649873645,0.04035330758141919,0.0028823791129585137,14.411895564792568,124.52299479452078,21.13128737942899,103.39170741509179,103.39170741509172,31.469979768568074,777.6932647433205,209.6779031643832,210.42857096439516,0.09383347500149597,124.82130974942939,133.37892332390683,0.42788067872387214,3.396629966100713,2.0144634536368478,1.0,0.6138750357709883,41.650000000000006
2906.579046457526,304.3762459809663,0.7,10000.0,0.9046425649873645,0.04035330758141919,0.0028823791129585137,14.411895564792568,124.52299479452078,21.13128737942899,103.39170741509179,103.39170741509172,31.469979768568074,777.6932647433205,209.68258020714984,210.42857096439516,0.09324884465566541,124.84267706309468,133.37892332390683,0.42681231304060746,3.396425627102111,1.9904244776394437,1.0,0.6138750357709883,41.7
2906.579046457526,304.3762459809663,0.7,10000.0,0.9046425649873645,0.04035330758141919,0.0028823791129585137,14.411895564792568,124.52299479452078,21.13128737942899,103.39170741509179,103.39170741509172,31.469979768568074,777.6932647433205,209.68722810955765,210.42857096439516,0.09266785685468903,124.86399102519306,133.37892332390683,0.42574661493568866,3.3962217983129777,1.861777363064832,1.0,0.6138750357709883,41.75
2906.579046457526,304.3762459809663,0.7,10000.0,0.9046425649873645,0.04035330758141919,0.0028823791129585137,14.411895564792568,124.52299479452078,21.13128737942899,103.39170741509179,103.39170741509172,31.469979768568074,777.6932647433205,209.69184705316593,210.42857096439516,0.09209048890365423,124.88525176893685,133.37892332390683,0.4246835777484989,3.396018478459383,1.7421350134387414,1.0,0.6138750357709883,41.800000000000004
2906.579046457526,304.3762459809663,0.7,10000.0,0.9046425649873645,0.04035330758141919,0.0028823791129585137,14.411895564792568,124.52299479452078,21.13128737942899,103.39170741509179,103.39170741509172,31.469979768568074,777.6932647433205,209.69643721840276,210.42857096439516,0.09151671824904994,124.90645942720577,133.37892332390683,0.4236231948350529,3.3958156662705767,1.737157899812948,1.0,0.6138750357709883,41.85
2906.579046457526,304.3762459809663,0.7,10000.0,0.9046425649873645,0.04035330758141919,0.0028823791129585137,14.411895564792568,124.52299479452078,21.13128737942899,103.39170741509179,103.39170741509172,31.469979768568074,777.6932647433205,209.70099878457205,210.42857096439516,0.09094652247788915,124.92761413254777,133.37892332390683,0.42256545956795294,3.395613360478982,1.8512414906134074,1.0,0.6138750357709883,41.900000000000006
2906.579046457526,304.3762459809663,0.7,10000.0,0.9046425649873645,0.04035330758141919,0.0028823791129585137,14.411895564792568,124.52299479452078,21.13128737942899,103.39170741509179,103.39170741509172,31.469979768568074,777.6932647433205,209.70553192986054,210.42857096439516,0.09037987931682778,124.9487160171798,133.37892332390683,0.42151036533635133,3.3954115598201877,1.9836344550532365,1.0,0.6138750357709883,41.95
2906.579046457526,304.3762459809663,0.7,10000.0,0.9046425649873645,0.04035330758141919,0.0028823791129585137,14.411895564792568,124.52299479452078,21.13128737942899,103.39170741509179,103.39170741509172,31.469979768568074,777.6932647433205,209.7100368313448,210.42857096439516,0.08981676663129434,124.96976521298873,133.37892332390683,0.42045790554590495,3.395210263032938,2.0174157945852094,1.0,0.6138750357709883,42.0
2906.579046457526,304.3762459809663,0.7,10000.0,0.9046425649873645,0.04035330758141919,0.0028823791129585137,14.411895564792568,124.52299479452078,21.13128737942899,103.39170741509179,103.39170741509172,31.469979768568074,777.6932647433205,209.71451366499812,210.42857096439516,0.08925716242463011,124.9907618515321,133.37892332390683,0.41940807361873667,3.395009468859128,1.9227519907364754,1.0,0.6138750357709883,42.050000000000004
2906.579046457526,304.3762459809663,0.7,10000.0,0.9046425649873645,0.04035330758141919,0.0028823791129585137,14.411895564792568,124.52299479452078,21.13128737942899,103.39170741509179,103.39170741509172,31.469979768568074,777.6932647433205,209.71896260569739,210.42857096439516,0.0887010448372223,125.01170606403895,133.37892332390683,0.41836086299339426,3.3948091760437937,1.783244060517059,1.0,0.6138750357709883,42.1
2906.579046457526,304.3762459809663,0.7,10000.0,0.9046425649873645,0.04035330758141919,0.0028823791129585137,14.411895564792568,124.52299479452078,21.13128737942899,103.39170741509179,103.39170741509172,31.469979768568074,777.6932647433205,209.72338382722992,210.42857096439516,0.08814839214565495,125.03259798141069,133.37892332390683,0.4173162671248072,3.394609383335103,1.7220964851893554,1.0,0.6138750357709883,42.150000000000006
2906.579046457526,304.3762459809663,0.7,10000.0,0.9046425649873645,0.04035330758141919,0.0028823791129585137,14.411895564792568,124.52299479452078,21.13128737942899,103.39170741509179,103.39170741509172,31.469979768568074,777.6932647433205,209.72777750230023,210.42857096439516,0.08759918276186696,125.05343773422187,133.37892332390683,0.41627427948424794,3.394410089484353,1.7933108923788268,1.0,0.6138750357709883,42.2
2906.579046457526,304.3762459809663,0.7,10000.0,0.9046425649873645,0.04035330758141919,0.0028823791129585137,14.411895564792568,124.52299479452078,21.13128737942899,103.39170741509179,103.39170741509172,31.469979768568074,777.6932647433205,209.73214380253683,210.42857096439516,0.08705339523229227,125.07422545272102,133.37892332390683,0.41523489355929044,3.394211293245954,1.9339952724184835,1.0,0.6138750357709883,42.25
2906.579046457526,304.3762459809663,0.7,10000.0,0.9046425649873645,0.04035330758141919,0.0028823791129585137,14.411895564792568,124.52299479452078,21.13128737942899,103.39170741509179,103.39170741509172,31.469979768568074,777.6932647433205,209.73648289849885,210.42857096439516,0.08651100823703928,125.09496126683145,133.37892332390683,0.41419810285376923,3.3940129933774315,2.019906178808593,1.0,0.6138750357709883,42.300000000000004
2906.579046457526,304.3762459809663,0.7,10000.0,0.9046425649873645,0.04035330758141919,0.0028823791129585137,14.411895564792568,124.52299479452078,21.13128737942899,103.39170741509179,103.39170741509172,31.469979768568074,777.6932647433205,209.7407949596828,210.42857096439516,0.0859720005890452,125.11564530615205,133.37892332390683,0.4131639008877393,3.393815188639408,1.9751725937533207,1.0,0.6138750357709883,42.35
2906.579046457526,304.3762459809663,0.7,10000.0,0.9046425649873645,0.04035330758141919,0.0028823791129585137,14.411895564792568,124.52299479452078,21.13128737942899,103.39170741509179,103.39170741509172,31.469979768568074,777.6932647433205,209.74508015452912,210.42857096439516,0.08543635123325544,125.13627769995813,133.37892332390683,0.41213228119743517,3.3936178777956054,1.8393003584830314,1.0,0.6138750357709883,42.400000000000006
2906.579046457526,304.3762459809663,0.7,10000.0,0.9046425649873645,0.04035330758141919,0.0028823791129585137,14.411895564792568,124.52299479452078,21.13128737942899,103.39170741509179,103.39170741509172,31.469979768568074,777.6932647433205,209.74933865042877,210.42857096439516,0.08490403924579937,125.15685857720223,133.37892332390683,0.4111032373352302,3.393421059612829,1.7322831410133344,1.0,0.6138750357709883,42.45
2906.579046457526,304.3762459809663,0.7,10000.0,0.9046425649873645,0.04035330758141919,0.0028823791129585137,14.411895564792568,124.52299479452078,21.13128737942899,103.39170741509179,103.39170741509172,31.469979768568074,777.6932647433205,209.75357061372978,210.42857096439516,0.08437504383317318,125.17738806651491,133.37892332390683,0.4100767628695962,3.3932247328609653,1.7486317031603575,1.0,0.6138750357709883,42.5
2906.579046457526,304.3762459809663,0.7,10000.0,0.9046425649873645,0.04035330758141919,0.0028823791129585137,14.411895564792568,124.52299479452078,21.13128737942899,103.39170741509179,103.39170741509172,31.469979768568074,777.6932647433205,209.75777620974375,210.42857096439516,0.08384934433142632,125.19786629620552,133.37892332390683,0.4090528513850657,3.393028896312971,1.8739080404635922,1.0,0.6138750357709883,42.550000000000004
2906.579046457526,304.3762459809663,0.7,10000.0,0.9046425649873645,0.04035330758141919,0.0028823791129585137,14.411895564792568,124.52299479452078,21.13128737942899,103.39170741509179,103.39170741509172,31.469979768568074,777.6932647433205,209.76195560275232,210.42857096439516,0.08332692020535504,125.21829339426309,133.37892332390683,0.40803149648218734,3.392833548744867,1.9974761042955704,1.0,0.6138750357709883,42.6
2906.579046457526,304.3762459809663,0.7,10000.0,0.9046425649873645,0.04035330758141919,0.0028823791129585137,14.411895564792568,124.52299479452078,21.13128737942899,103.39170741509179,103.39170741509172,31.469979768568074,777.6932647433205,209.76610895601357,210.42857096439516,0.08280775104769944,125.23866948835702,133.37892332390683,0.40701269177749066,3.3926386889357305,2.0102084838991776,1.0,0.6138750357709883,42.650000000000006
2906.579046457526,304.3762459809663,0.7,10000.0,0.9046425649873645,0.04035330758141919,0.0028823791129585137,14.411895564792568,124.52299479452078,21.13128737942899,103.39170741509179,103.39170741509172,31.469979768568074,777.6932647433205,209.77023643176838,210.42857096439516,0.08229181657834772,125.25899470583799,133.37892332390683,0.405996430903442,3.392444315667687,1.9008607559515418,1.0,0.6138750357709883,42.7
2906.579046457526,304.3762459809663,0.7,10000.0,0.9046425649873645,0.04035330758141919,0.0028823791129585137,14.411895564792568,124.52299479452078,21.13128737942899,103.39170741509179,103.39170741509172,31.469979768568074,777.6932647433205,209.7743381912468,210.42857096439516,0.08177909664354388,125.27926917373867,133.37892332390683,0.40498270750840815,3.3922504277259034,1.7660018400664148,1.0,0.6138750357709883,42.75
2906.579046457526,304.3762459809663,0.7,10000.0,0.9046425649873645,0.04035330758141919,0.0028823791129585137,14.411895564792568,124.52299479452078,21.13128737942899,103.39170741509179,103.39170741509172,31.469979768568074,777.6932647433205,209.77841439467434,210.42857096439516,0.08126957121510259,125.29949301877454,133.37892332390683,0.40397151525661457,3.3920570238985785,1.7247305053895663,1.0,0.6138750357709883,42.800000000000004
2906.579046457526,304.3762459809663,0.7,10000.0,0.9046425649873645,0.04035330758141919,0.0028823791129585137,14.411895564792568,124.52299479452078,21.13128737942899,103.39170741509179,103.39170741509172,31.469979768568074,777.6932647433205,209.7824652012782,210.42857096439516,0.08076322038962047,125.3196663673447,133.37892332390683,0.4029628478281069,3.3918641029769385,1.8134949550569222,1.0,0.6138750357709883,42.85
2906.579046457526,304.3762459809663,0.7,10000.0,0.9046425649873645,0.04035330758141919,0.0028823791129585137,14.411895564792568,124.52299479452078,21.13128737942899,103.39170741509179,103.39170741509172,31.469979768568074,777.6932647433205,209.78649076929352,210.42857096439516,0.08026002438770519,125.33978934553264,133.37892332390683,0.4019566989187098,3.391671663755227,1.9539041043576713,1.0,0.6138750357709883,42.900000000000006
2906.579046457526,304.3762459809663,0.7,10000.0,0.9046425649873645,0.04035330758141919,0.0028823791129585137,14.411895564792568,124.52299479452078,21.13128737942899,103.39170741509179,103.39170741509172,31.469979768568074,777.6932647433205,209.79049125596958,210.42857096439516,0.07975996355319737,125.35986207910705,133.37892332390683,0.40095306223998933,3.3914797050306977,2.02195757297841,1.0,0.6138750357709883,42.95
2906.579046457526,304.3762459809663,0.7,10000.0,0.9046425649873645,0.04035330758141919,0.0028823791129585137,14.411895564792568,124.52299479452078,21.13128737942899,103.39170741509179,103.39170741509172,31.469979768568074,777.6932647433205,209.7944668175759,210.42857096439516,0.07926301835240679,125.37988469352257,133.37892332390683,0.39995193151921316,3.3912882256036085,1.9575548900259938,1.0,0.6138750357709883,43.0
2906.579046457526,304.3762459809663,0.7,10000.0,0.9046425649873645,0.04035330758141919,0.0028823791129585137,14.411895564792568,124.52299479452078,21.13128737942899,103.39170741509179,103.39170741509172,31.469979768568074,777.6932647433205,209.79841760940835,210.42857096439516,0.0787691693733521,125.39985731392062,133.37892332390683,0.3989533004993106,3.3910972242772126,1.8175723859903317,1.0,0.6138750357709883,43.050000000000004
2906.579046457526,304.3762459809663,0.7,10000.0,0.9046425649873645,0.04035330758141919,0.0028823791129585137,14.411895564792568,124.52299479452078,21.13128737942899,103.39170741509179,103.39170741509172,31.469979768568074,777.6932647433205,209.80234378579524,210.42857096439516,0.07827839732498987,125.41978006513014,133.37892332390683,0.3979571629388346,3.39090669985775,1.7256336553733165,1.0,0.6138750357709883,43.1
2906.579046457526,304.3762459809663,0.7,10000.0,0.9046425649873645,0.04035330758141919,0.0028823791129585137,14.411895564792568,124.52299479452078,21.13128737942899,103.39170741509179,103.39170741509172,31.469979768568074,777.6932647433205,209.80624550010336,210.42857096439516,0.07779068303647563,125.43965307166837,133.37892332390683,0.3969635126119229,3.390716651154443,1.7629331047993002,1.0,0.6138750357709883,43.150000000000006
2906.579046457526,304.3762459809663,0.7,10000.0,0.9046425649873645,0.04035330758141919,0.0028823791129585137,14.411895564792568,124.52299479452078,21.13128737942899,103.39170741509179,103.39170741509172,31.469979768568074,777.6932647433205,209.81012290474388,210.42857096439516,0.0773060074564107,125.45947645774169,133.37892332390683,0.39597234330825726,3.3905270769794877,1.8965302461495512,1.0,0.6138750357709883,43.2
2906.579046457526,304.3762459809663,0.7,10000.0,0.9046425649873645,0.04035330758141919,0.0028823791129585137,14.411895564792568,124.52299479452078,21.13128737942899,103.39170741509179,103.39170741509172,31.469979768568074,777.6932647433205,209.81397615117842,210.42857096439516,0.07682435165209256,125.4792503472463,133.37892332390683,0.3949836488330263,3.390337976148043,2.008440628847425,1.0,0.6138750357709883,43.25
2906.579046457526,304.3762459809663,0.7,10000.0,0.9046425649873645,0.04035330758141919,0.0028823791129585137,14.411895564792568,124.52299479452078,21.13128737942899,103.39170741509179,103.39170741509172,31.469979768568074,777.6932647433205,209.81780538992493,210.42857096439516,0.07634569680877945,125.4989748637691,133.37892332390683,0.3939974230068863,3.390149347478229,1.999832160506274,1.0,0.6138750357709883,43.300000000000004
2906.579046457526,304.3762459809663,0.7,10000.0,0.9046425649873645,0.04035330758141919,0.0028823791129585137,14.411895564792568,124.52299479452078,21.13128737942899,103.39170741509179,103.39170741509172,31.469979768568074,777.6932647433205,209.82161077056352,210.42857096439516,0.07587002422895495,125.51865013058838,133.37892332390683,0.39301365966592244,3.389961189791116,1.8783072897813458,1.0,0.6138750357709883,43.35
2906.579046457526,304.3762459809663,0.7,10000.0,0.9046425649873645,0.04035330758141919,0.0028823791129585137,14.411895564792568,124.52299479452078,21.13128737942899,103.39170741509179,103.39170741509172,31.469979768568074,777.6932647433205,209.82539244174237,210.42857096439516,0.07539731533159966,125.53827627067461,133.37892332390683,0.39203235266161085,3.389773501910718,1.7511890099564984,1.0,0.6138750357709883,43.400000000000006
2906.579046457526,304.3762459809663,0.7,10000.0,0.9046425649873645,0.04035330758141919,0.0028823791129585137,14.411895564792568,124.52299479452078,21.13128737942899,103.39170741509179,103.39170741509172,31.469979768568074,777.6932647433205,209.82915055118346,210.42857096439516,0.07492755165146292,125.55785340669125,133.37892332390683,0.3910534958607791,3.389586282663984,1.7307400554871903,1.0,0.6138750357709883,43.45
2906.579046457526,304.3762459809663,0.7,10000.0,0.9046425649873645,0.04035330758141919,0.0028823791129585137,14.411895564792568,124.52299479452078,21.13128737942899,103.39170741509179,103.39170741509172,31.469979768568074,777.6932647433205,209.83288524568846,210.42857096439516,0.07446071483833805,125.57738166099544,133.37892332390683,0.3900770831455695,3.3893995308807945,1.835019635077652,1.0,0.6138750357709883,43.5
2906.579046457526,304.3762459809663,0.7,10000.0,0.9046425649873645,0.04035330758141919,0.0028823791129585137,14.411895564792568,124.52299479452078,21.13128737942899,103.39170741509179,103.39170741509172,31.469979768568074,777.6932647433205,209.83659667114432,210.42857096439516,0.07399678665635534,125.59686115563885,133.37892332390683,0.38910310841339923,3.3892132453939494,1.9719346935919801,1.0,0.6138750357709883,43.550000000000004
2906.579046457526,304.3762459809663,0.7,10000.0,0.9046425649873645,0.04035330758141919,0.0028823791129585137,14.411895564792568,124.52299479452078,21.13128737942899,103.39170741509179,103.39170741509172,31.469979768568074,777.6932647433205,209.84028497252908,210.42857096439516,0.07353574898326087,125.61629201236836,133.37892332390683,0.3881315655769235,3.3890274250391643,2.0205706082227706,1.0,0.6138750357709883,43.6
2906.579046457526,304.3762459809663,0.7,10000.0,0.9046425649873645,0.04035330758141919,0.0028823791129585137,14.411895564792568,124.52299479452078,21.13128737942899,103.39170741509179,103.39170741509172,31.469979768568074,777.6932647433205,209.8439502939175,210.42857096439516,0.07307758380970952,125.6356743526269,133.37892332390683,0.3871624485639963,3.388842068655061,1.9379752498449438,1.0,0.6138750357709883,43.650000000000006
2906.579046457526,304.3762459809663,0.7,10000.0,0.9046425649873645,0.04035330758141919,0.0028823791129585137,14.411895564792568,124.52299479452078,21.13128737942899,103.39170741509179,103.39170741509172,31.469979768568074,777.6932647433205,209.84759277848661,210.42857096439516,0.07262227323856862,125.65500829755418,133.37892332390683,0.38619575131763284,3.388657175083162,1.7970915563081906,1.0,0.6138750357709883,43.7
2906.579046457526,304.3762459809663,0.7,10000.0,0.9046425649873645,0.04035330758141919,0.0028823791129585137,14.411895564792568,124.52299479452078,21.13128737942899,103.39170741509179,103.39170741509172,31.469979768568074,777.6932647433205,209.85121256852148,210.42857096439516,0.07216979948421098,125.6742939679874,133.37892332390683,0.38523146779597184,3.388472743167881,1.7223389950440482,1.0,0.6138750357709883,43.75
2906.579046457526,304.3762459809663,0.7,10000.0,0.9046425649873645,0.04035330758141919,0.0028823791129585137,14.411895564792568,124.52299479452078,21.13128737942899,103.39170741509179,103.39170741509172,31.469979768568074,777.6932647433205,209.8548098054206,210.42857096439516,0.0717201448718221,125.69353148446206,133.37892332390683,0.3842695919722388,3.388288771756519,1.7797342471044062,1.0,0.6138750357709883,43.800000000000004
2906.579046457526,304.3762459809663,0.7,10000.0,0.9046425649873645,0.04035330758141919,0.0028823791129585137,14.411895564792568,124.52299479452078,21.13128737942899,103.39170741509179,103.39170741509172,31.469979768568074,777.6932647433205,209.85838462970148,210.42857096439516,0.07127329183671094,125.7127209672127,133.37892332390683,0.3833101178347064,3.388105259699253,1.9185894967798782,1.0,0.6138750357709883,43.85
2906.579046457526,304.3762459809663,0.7,10000.0,0.9046425649873645,0.04035330758141919,0.0028823791129585137,14.411895564792568,124.52299479452078,21.13128737942899,103.39170741509179,103.39170741509172,31.469979768568074,777.6932647433205,209.86193718100614,210.42857096439516,0.07082922292362781,125.73186253617367,133.37892332390683,0.3823530393866584,3.3879222058491334,2.0162766685209728,1.0,0.6138750357709883,43.900000000000006
2906.579046457526,304.3762459809663,0.7,10000.0,0.9046425649873645,0.04035330758141919,0.0028823791129585137,14.411895564792568,124.52299479452078,21.13128737942899,103.39170741509179,103.39170741509172,31.469979768568074,777.6932647433205,209.8654675981066,210.42857096439516,0.07038792078607159,125.75095631097982,133.37892332390683,0.3813983506463508,3.3877396090620713,1.9865247001645945,1.0,0.6138750357709883,43.95
2906.579046457526,304.3762459809663,0.7,10000.0,0.9046425649873645,0.04035330758141919,0.0028823791129585137,14.411895564792568,124.52299479452078,21.13128737942899,103.39170741509179,103.39170741509172,31.469979768568074,777.6932647433205,209.86897601891022,210.42857096439516,0.06994936818561825,125.7700024109673,133.37892332390683,0.3804460456469769,3.387557468196838,1.8556086272735384,1.0,0.6138750357709883,44.0
2906.579046457526,304.3762459809663,0.7,10000.0,0.9046425649873645,0.04035330758141919,0.0028823791129585137,14.411895564792568,124.52299479452078,21.13128737942899,103.39170741509179,103.39170741509172,31.469979768568074,777.6932647433205,209.8724625804651,210.42857096439516,0.06951354799125653,125.7890009551743,133.37892332390683,0.3794961184366265,3.387375782115051,1.739145152238598,1.0,0.6138750357709883,44.050000000000004
2906.579046457526,304.3762459809663,0.7,10000.0,0.9046425649873645,0.04035330758141919,0.0028823791129585137,14.411895564792568,124.52299479452078,21.13128737942899,103.39170741509179,103.39170741509172,31.469979768568074,777.6932647433205,209.87592741896555,210.42857096439516,0.06908044317870221,125.8079520623418,133.37892332390683,0.37854856307825174,3.3871945496811726,1.7399873673893924,1.0,0.6138750357709883,44.1
2906.579046457526,304.3762459809663,0.7,10000.0,0.9046425649873645,0.04035330758141919,0.0028823791129585137,14.411895564792568,124.52299479452078,21.13128737942899,103.39170741509179,103.39170741509172,31.469979768568074,777.6932647433205,209.8793706697572,210.42857096439516,0.06865003682974447,125.82685585091427,133.37892332390683,0.3776033736496281,3.3870137697624987,1.8573914821709574,1.0,0.6138750357709883,44.150000000000006
2906.579046457526,304.3762459809663,0.7,10000.0,0.9046425649873645,0.04035330758141919,0.0028823791129585137,14.411895564792568,124.52299479452078,21.13128737942899,103.39170741509179,103.39170741509172,31.469979768568074,777.6932647433205,209.88279246734254,210.42857096439516,0.06822231213157792,125.84571243904045,133.37892332390683,0.3766605442433189,3.3868334412291548,1.9876736913924478,1.0,0.6138750357709883,44.2
2906.579046457526,304.3762459809663,0.7,10000.0,0.9046425649873645,0.04035330758141919,0.0028823791129585137,14.411895564792568,124.52299479452078,21.13128737942899,103.39170741509179,103.39170741509172,31.469979768568074,777.6932647433205,209.88619294538594,210.42857096439516,0.06779725237615253,125.86452194457408,133.37892332390683,0.3757200689666377,3.3866535629540873,2.0157770805141033,1.0,0.6138750357709883,44.25
2906.579046457526,304.3762459809663,0.7,10000.0,0.9046425649873645,0.04035330758141919,0.0028823791129585137,14.411895564792568,124.52299479452078,21.13128737942899,103.39170741509179,103.39170741509172,31.469979768568074,777.6932647433205,209.889572236719,210.42857096439516,0.06737484095951984,125.88328448507463,133.37892332390683,0.37478194194161035,3.386474133813056,1.9168825337129214,1.0,0.6138750357709883,44.300000000000004
2906.579046457526,304.3762459809663,0.7,10000.0,0.9046425649873645,0.04035330758141919,0.0028823791129585137,14.411895564792568,124.52299479452078,21.13128737942899,103.39170741509179,103.39170741509172,31.469979768568074,777.6932647433205,209.89293047334573,210.42857096439516,0.06695506138117935,125.90200017780803,133.37892332390683,0.3738461573049399,3.3862951526846277,1.7783273895835658,1.0,0.6138750357709883,44.35
2906.579046457526,304.3762459809663,0.7,10000.0,0.9046425649873645,0.04035330758141919,0.0028823791129585137,14.411895564792568,124.52299479452078,21.13128737942899,103.39170741509179,103.39170741509172,31.469979768568074,777.6932647433205,209.89626778644765,210.42857096439516,0.06653789724343895,125.92066913974743,133.37892332390683,0.37291270920797004,3.386116618450171,1.722474689651285,1.0,0.6138750357709883,44.400000000000006
2906.579046457526,304.3762459809663,0.7,10000.0,0.9046425649873645,0.04035330758141919,0.0028823791129585137,14.411895564792568,124.52299479452078,21.13128737942899,103.39170741509179,103.39170741509172,31.469979768568074,777.6932647433205,209.89958430638902,210.42857096439516,0.06612333225076839,125.9392914875739,133.37892332390683,0.3719815918166468,3.385938529993845,1.798649966245257,1.0,0.6138750357709883,44.45
2906.579046457526,304.3762459809663,0.7,10000.0,0.9046425649873645,0.04035330758141919,0.0028823791129585137,14.411895564792568,124.52299479452078,21.13128737942899,103.39170741509179,103.39170741509172,31.469979768568074,777.6932647433205,209.90288016272177,210.42857096439516,0.06571135020917396,125.95786733767717,133.37892332390683,0.37105279931148305,3.3857608862025974,1.939580087128834,1.0,0.6138750357709883,44.5
2906.579046457526,304.3762459809663,0.7,10000.0,0.9046425649873645,0.04035330758141919,0.0028823791129585137,14.411895564792568,124.52299479452078,21.13128737942899,103.39170741509179,103.39170741509172,31.469979768568074,777.6932647433205,209.90615548419075,210.42857096439516,0.06530193502555193,125.97639680615637,133.37892332390683,0.370126325887523,3.385583685966153,2.0208045832072288,1.0,0.6138750357709883,44.550000000000004
2906.579046457526,304.3762459809663,0.7,10000.0,0.9046425649873645,0.04035330758141919,0.0028823791129585137,14.411895564792568,124.52299479452078,21.13128737942899,103.39170741509179,103.39170741509172,31.469979768568074,777.6932647433205,209.9094103987386,210.42857096439516,0.06489507070707035,125.99488000882074,133.37892332390683,0.3692021657543044,3.38540692817701,1.970591174535406,1.0,0.6138750357709883,44.6
2906.579046457526,304.3762459809663,0.7,10000.0,0.9046425649873645,0.04035330758141919,0.0028823791129585137,14.411895564792568,124.52299479452078,21.13128737942899,103.39170741509179,103.39170741509172,31.469979768568074,777.6932647433205,209.91264503351084,210.42857096439516,0.06449074136054023,126.01331706119036,133.37892332390683,0.36828031313582343,3.385230611730432,1.8332851320819668,1.0,0.6138750357709883,44.650000000000006
2906.579046457526,304.3762459809663,0.7,10000.0,0.9046425649873645,0.04035330758141919,0.0028823791129585137,14.411895564792568,124.52299479452078,21.13128737942899,103.39170741509179,103.39170741509172,31.469979768568074,777.6932647433205,209.9158595148608,210.42857096439516,0.06408893119179382,126.03170807849686,133.37892332390683,0.3673607622704985,3.3850547355244403,1.7301463706615028,1.0,0.6138750357709883,44.7
2906.579046457526,304.3762459809663,0.7,10000.0,0.9046425649873645,0.04035330758141919,0.0028823791129585137,14.411895564792568,124.52299479452078,21.13128737942899,103.39170741509179,103.39170741509172,31.469979768568074,777.6932647433205,209.91905396835458,210.42857096439516,0.06368962450507354,126.05005317568416,133.37892332390683,0.36644350741113385,3.3848792984598086,1.7522604477682324,1.0,0.6138750357709883,44.75
2906.579046457526,304.3762459809663,0.7,10000.0,0.9046425649873645,0.04035330758141919,0.0028823791129585137,14.411895564792568,124.52299479452078,21.13128737942899,103.39170741509179,103.39170741509172,31.469979768568074,777.6932647433205,209.9222285187759,210.42857096439516,0.0632928057024067,126.06835246740917,133.37892332390683,0.3655285428248831,3.384704299440054,1.8800976248821153,1.0,0.6138750357709883,44.800000000000004
2906.579046457526,304.3762459809663,0.7,10000.0,0.9046425649873645,0.04035330758141919,0.0028823791129585137,14.411895564792568,124.52299479452078,21.13128737942899,103.39170741509179,103.39170741509172,31.469979768568074,777.6932647433205,209.92538329013107,210.42857096439516,0.06289845928301219,126.08660606804253,133.37892332390683,0.36461586279321523,3.384529737371432,2.000760283442714,1.0,0.6138750357709883,44.85
2906.579046457526,304.3762459809663,0.7,10000.0,0.9046425649873645,0.04035330758141919,0.0028823791129585137,14.411895564792568,124.52299479452078,21.13128737942899,103.39170741509179,103.39170741509172,31.469979768568074,777.6932647433205,209.92851840565373,210.42857096439516,0.06250656984267877,126.10481409166931,133.37892332390683,0.36370546161187606,3.3843556111629294,2.00768688080282,1.0,0.6138750357709883,44.900000000000006
2906.579046457526,304.3762459809663,0.7,10000.0,0.9046425649873645,0.04035330758141919,0.0028823791129585137,14.411895564792568,124.52299479452078,21.13128737942899,103.39170741509179,103.39170741509172,31.469979768568074,777.6932647433205,209.93163398780973,210.42857096439516,0.062117122073178876,126.1229766520897,133.37892332390683,0.3627973335908564,3.3841819197262577,1.894760289188347,1.0,0.6138750357709883,44.95
2906.579046457526,304.3762459809663,0.7,10000.0,0.9046425649873645,0.04035330758141919,0.0028823791129585137,14.411895564792568,124.52299479452078,21.13128737942899,103.39170741509179,103.39170741509172,31.469979768568074,777.6932647433205,209.9347301583019,210.42857096439516,0.061730100761657525,126.14109386281979,133.37892332390683,0.36189147305435226,3.384008661975843,1.7617100517059665,1.0,0.6138750357709883,45.0
2906.579046457526,304.3762459809663,0.7,10000.0,0.9046425649873645,0.04035330758141919,0.0028823791129585137,14.411895564792568,124.52299479452078,21.13128737942899,103.39170741509179,103.39170741509172,31.469979768568074,777.6932647433205,209.93780703807477,210.42857096439516,0.061345490790049695,126.15916583709217,133.37892332390683,0.3609878743407329,3.3838358368288253,1.7260376284152013,1.0,0.6138750357709883,45.050000000000004
2906.579046457526,304.3762459809663,0.7,10000.0,0.9046425649873645,0.04035330758141919,0.0028823791129585137,14.411895564792568,124.52299479452078,21.13128737942899,103.39170741509179,103.39170741509172,31.469979768568074,777.6932647433205,209.94086474731935,210.42857096439516,0.06096327713447636,126.17719268785676,133.37892332390683,0.3600865318025036,3.3836634432050463,1.8192466220144656,1.0,0.6138750357709883,45.1
2906.579046457526,304.3762459809663,0.7,10000.0,0.9046425649873645,0.04035330758141919,0.0028823791129585137,14.411895564792568,124.52299479452078,21.13128737942899,103.39170741509179,103.39170741509172,31.469979768568074,777.6932647433205,209.94390340547784,210.42857096439516,0.06058344486466538,126.19517452778143,133.37892332390683,0.35918743980627,3.3834914800270446,1.95902081085725,1.0,0.6138750357709883,45.150000000000006
2906.579046457526,304.3762459809663,0.7,10000.0,0.9046425649873645,0.04035330758141919,0.0028823791129585137,14.411895564792568,124.52299479452078,21.13128737942899,103.39170741509179,103.39170741509172,31.469979768568074,777.6932647433205,209.94692313124818,210.42857096439516,0.060205979143372446,126.21311146925275,133.37892332390683,0.358290592732704,3.383319946220051,2.0219205710966164,1.0,0.6138750357709883,45.2
2906.579046457526,304.3762459809663,0.7,10000.0,0.9046425649873645,0.04035330758141919,0.0028823791129585137,14.411895564792568,124.52299479452078,21.13128737942899,103.39170741509179,103.39170741509172,31.469979768568074,777.6932647433205,209.94992404258878,210.42857096439516,0.05983086522579839,126.23100362437664,133.37892332390683,0.3573959849765096,3.383148840711978,1.9523968574582495,1.0,0.6138750357709883,45.25
2906.579046457526,304.3762459809663,0.7,10000.0,0.9046425649873645,0.04035330758141919,0.0028823791129585137,14.411895564792568,124.52299479452078,21.13128737942899,103.39170741509179,103.39170741509172,31.469979768568074,777.6932647433205,209.95290625672314,210.42857096439516,0.05945808845900302,126.24885110497914,133.37892332390683,0.3565036109463847,3.3829781624334165,1.811848567200793,1.0,0.6138750357709883,45.300000000000004
2906.579046457526,304.3762459809663,0.7,10000.0,0.9046425649873645,0.04035330758141919,0.0028823791129585137,14.411895564792568,124.52299479452078,21.13128737942899,103.39170741509179,103.39170741509172,31.469979768568074,777.6932647433205,209.95586989014438,210.42857096439516,0.059087634281347334,126.26665402260707,133.37892332390683,0.3556134650649881,3.382807910317626,1.7243989610303192,1.0,0.6138750357709883,45.35
2906.579046457526,304.3762459809663,0.7,10000.0,0.9046425649873645,0.04035330758141919,0.0028823791129585137,14.411895564792568,124.52299479452078,21.13128737942899,103.39170741509179,103.39170741509172,31.469979768568074,777.6932647433205,209.9588150586198,210.42857096439516,0.05871948822192152,126.28441248852872,133.37892332390683,0.3547255417689058,3.382638083300529,1.7672779379775747,1.0,0.6138750357709883,45.400000000000006
2906.579046457526,304.3762459809663,0.7,10000.0,0.9046425649873645,0.04035330758141919,0.0028823791129585137,14.411895564792568,124.52299479452078,21.13128737942899,103.39170741509179,103.39170741509172,31.469979768568074,777.6932647433205,209.9617418771954,210.42857096439516,0.05835363589996945,126.30212661373454,133.37892332390683,0.3538398355086144,3.382468680320708,1.902617528075199,1.0,0.6138750357709883,45.45
2906.579046457526,304.3762459809663,0.7,10000.0,0.9046425649873645,0.04035330758141919,0.0028823791129585137,14.411895564792568,124.52299479452078,21.13128737942899,103.39170741509179,103.39170741509172,31.469979768568074,777.6932647433205,209.96465046020043,210.42857096439516,0.05799006302434151,126.3197965089379,133.37892332390683,0.35295634074844673,3.382299700319393,2.0108944614561035,1.0,0.6138750357709883,45.5
2906.579046457526,304.3762459809663,0.7,10000.0,0.9046425649873645,0.04035330758141919,0.0028823791129585137,14.411895564792568,124.52299479452078,21.13128737942899,103.39170741509179,103.39170741509172,31.469979768568074,777.6932647433205,209.96754092125178,210.42857096439516,0.05762875539292267,126.33742228457568,133.37892332390683,0.3520750519665576,3.3821311422404587,1.9964854757818415,1.0,0.6138750357709883,45.550000000000004
2906.579046457526,304.3762459809663,0.7,10000.0,0.9046425649873645,0.04035330758141919,0.0028823791129585137,14.411895564792568,124.52299479452078,21.13128737942899,103.39170741509179,103.39170741509172,31.469979768568074,777.6932647433205,209.97041337325845,210.42857096439516,0.05726969889208888,126.35500405080904,133.37892332390683,0.3511959636548895,3.381963005030417,1.8721156656231477,1.0,0.6138750357709883,45.6
2906.579046457526,304.3762459809663,0.7,10000.0,0.9046425649873645,0.04035330758141919,0.0028823791129585137,14.411895564792568,124.52299479452078,21.13128737942899,103.39170741509179,103.39170741509172,31.469979768568074,777.6932647433205,209.97326792842597,210.42857096439516,0.056912879496149316,126.37254191752409,133.37892332390683,0.35031907031913717,3.381795287638408,1.7476204928150927,1.0,0.6138750357709883,45.650000000000006
2906.579046457526,304.3762459809663,0.7,10000.0,0.9046425649873645,0.04035330758141919,0.0028823791129585137,14.411895564792568,124.52299479452078,21.13128737942899,103.39170741509179,103.39170741509172,31.469979768568074,777.6932647433205,209.97610469826074,210.42857096439516,0.05655828326680279,126.39003599433254,133.37892332390683,0.34944436647871485,3.381627989016199,1.732946131464765,1.0,0.6138750357709883,45.7
2906.579046457526,304.3762459809663,0.7,10000.0,0.9046425649873645,0.04035330758141919,0.0028823791129585137,14.411895564792568,124.52299479452078,21.13128737942899,103.39170741509179,103.39170741509172,31.469979768568074,777.6932647433205,209.97892379357447,210.42857096439516,0.056205896352587104,126.40748639057242,133.37892332390683,0.3485718466667208,3.3814611081181734,1.8410520389682785,1.0,0.6138750357709883,45.75
2906.579046457526,304.3762459809663,0.7,10000.0,0.9046425649873645,0.04035330758141919,0.0028823791129585137,14.411895564792568,124.52299479452078,21.13128737942899,103.39170741509179,103.39170741509172,31.469979768568074,777.6932647433205,209.9817253244884,210.42857096439516,0.05585570498834613,126.42489321530877,133.37892332390683,0.3477015054299031,3.381294643901324,1.9764659921021595,1.0,0.6138750357709883,45.800000000000004
2906.579046457526,304.3762459809663,0.7,10000.0,0.9046425649873645,0.04035330758141919,0.0028823791129585137,14.411895564792568,124.52299479452078,21.13128737942899,103.39170741509179,103.39170741509172,31.469979768568074,777.6932647433205,209.9845094004377,210.42857096439516,0.05550769549468271,126.4422565773343,133.37892332390683,0.34683333732862637,3.381128595325249,2.0195990483234967,1.0,0.6138750357709883,45.85
2906.579046457526,304.3762459809663,0.7,10000.0,0.9046425649873645,0.04035330758141919,0.0028823791129585137,14.411895564792568,124.52299479452078,21.13128737942899,103.39170741509179,103.39170741509172,31.469979768568074,777.6932647433205,209.9872761301757,210.42857096439516,0.05516185427743281,126.4595765851701,133.37892332390683,0.34596733693683673,3.3809629613521452,1.932358851099916,1.0,0.6138750357709883,45.900000000000006
2906.579046457526,304.3762459809663,0.7,10000.0,0.9046425649873645,0.04035330758141919,0.0028823791129585137,14.411895564792568,124.52299479452078,21.13128737942899,103.39170741509179,103.39170741509172,31.469979768568074,777.6932647433205,209.99002562177813,210.42857096439516,0.054818167827129116,126.47685334706625,133.37892332390683,0.34510349884202896,3.3807977409467984,1.7917903628728635,1.0,0.6138750357709883,45.95
2906.579046457526,304.3762459809663,0.7,10000.0,0.9046425649873645,0.04035330758141919,0.0028823791129585137,14.411895564792568,124.52299479452078,21.13128737942899,103.39170741509179,103.39170741509172,31.469979768568074,777.6932647433205,209.99275798264733,210.42857096439516,0.05447662271847875,126.49408697100259,133.37892332390683,0.3442418176452122,3.380632933076581,1.7220346819044678,1.0,0.6138750357709883,46.0
2906.579046457526,304.3762459809663,0.7,10000.0,0.9046425649873645,0.04035330758141919,0.0028823791129585137,14.411895564792568,124.52299479452078,21.13128737942899,103.39170741509179,103.39170741509172,31.469979768568074,777.6932647433205,209.99547331951652,210.42857096439516,0.054137205609830374,126.5112775646893,133.37892332390683,0.3433822879608769,3.380468536711444,1.7846955641620759,1.0,0.6138750357709883,46.050000000000004
2906.579046457526,304.3762459809663,0.7,10000.0,0.9046425649873645,0.04035330758141919,0.0028823791129585137,14.411895564792568,124.52299479452078,21.13128737942899,103.39170741509179,103.39170741509172,31.469979768568074,777.6932647433205,209.9981717384539,210.42857096439516,0.05379990324265904,126.52842523556765,133.37892332390683,0.342524904416959,3.3803045508239093,1.9244349261280191,1.0,0.6138750357709883,46.1
2906.579046457526,304.3762459809663,0.7,10000.0,0.9046425649873645,0.04035330758141919,0.0028823791129585137,14.411895564792568,124.52299479452078,21.13128737942899,103.39170741509179,103.39170741509172,31.469979768568074,777.6932647433205,210.00085334486675,210.42857096439516,0.05346470244105106,126.54553009081066,133.37892332390683,0.3416696616548087,3.380140974389064,2.01784390082338,1.0,0.6138750357709883,46.150000000000006
2906.579046457526,304.3762459809663,0.7,10000.0,0.9046425649873645,0.04035330758141919,0.0028823791129585137,14.411895564792568,124.52299479452078,21.13128737942899,103.39170741509179,103.39170741509172,31.469979768568074,777.6932647433205,210.00351824350574,210.42857096439516,0.053131590111178184,126.56259223732371,133.37892332390683,0.340816554329156,3.3799778063845554,1.9824296560898471,1.0,0.6138750357709883,46.2
2906.579046457526,304.3762459809663,0.7,10000.0,0.9046425649873645,0.04035330758141919,0.0028823791129585137,14.411895564792568,124.52299479452078,21.13128737942899,103.39170741509179,103.39170741509172,31.469979768568074,777.6932647433205,210.00616653846876,210.42857096439516,0.05280055324080024,126.5796117817453,133.37892332390683,0.3399655771080766,3.3798150457905822,1.8494677878354653,1.0,0.6138750357709883,46.25
2906.579046457526,304.3762459809663,0.7,10000.0,0.9046425649873645,0.04035330758141919,0.0028823791129585137,14.411895564792568,124.52299479452078,21.13128737942899,103.39170741509179,103.39170741509172,31.469979768568074,777.6932647433205,210.0087983332052,210.42857096439516,0.05247157889874643,126.5965888304476,133.37892332390683,0.33911672467296156,3.3796526915898912,1.7363817140710467,1.0,0.6138750357709883,46.300000000000004
2906.579046457526,304.3762459809663,0.7,10000.0,0.9046425649873645,0.04035330758141919,0.0028823791129585137,14.411895564792568,124.52299479452078,21.13128737942899,103.39170741509179,103.39170741509172,31.469979768568074,777.6932647433205,210.01141373051982,210.42857096439516,0.05214465423441794,126.61352348953724,133.37892332390683,0.33826999171847943,3.379490742767767,1.7430418223365118,1.0,0.6138750357709883,46.35
2906.579046457526,304.3762459809663,0.7,10000.0,0.9046425649873645,0.04035330758141919,0.0028823791129585137,14.411895564792568,124.52299479452078,21.13128737942899,103.39170741509179,103.39170741509172,31.469979768568074,777.6932647433205,210.01401283257695,210.42857096439516,0.051819766477276374,126.6304158648559,133.37892332390683,0.3374253729525464,3.3793291983120297,1.863566330981832,1.0,0.6138750357709883,46.400000000000006
2906.579046457526,304.3762459809663,0.7,10000.0,0.9046425649873645,0.04035330758141919,0.0028823791129585137,14.411895564792568,124.52299479452078,21.13128737942899,103.39170741509179,103.39170741509172,31.469979768568074,777.6932647433205,210.01659574090436,210.42857096439516,0.0514969029363499,126.64726606198097,133.37892332390683,0.33658286309629304,3.379168057213026,1.9915157025306327,1.0,0.6138750357709883,46.45
2906.579046457526,304.3762459809663,0.7,10000.0,0.9046425649873645,0.04035330758141919,0.0028823791129585137,14.411895564792568,124.52299479452078,21.13128737942899,103.39170741509179,103.39170741509172,31.469979768568074,777.6932647433205,210.01916255639722,210.42857096439516,0.051176050999742984,126.66407418622624,133.37892332390683,0.33574245688402937,3.3790073184636236,2.0138932354717283,1.0,0.6138750357709883,46.5
2906.579046457526,304.3762459809663,0.7,10000.0,0.9046425649873645,0.04035330758141919,0.0028823791129585137,14.411895564792568,124.52299479452078,21.13128737942899,103.39170741509179,103.39170741509172,31.469979768568074,777.6932647433205,210.02171337932208,210.42857096439516,0.05085719813413547,126.68084034264255,133.37892332390683,0.3349041490632139,3.3788469810592034,1.910936523943834,1.0,0.6138750357709883,46.550000000000004
2906.579046457526,304.3762459809663,0.7,10000.0,0.9046425649873645,0.04035330758141919,0.0028823791129585137,14.411895564792568,124.52299479452078,21.13128737942899,103.39170741509179,103.39170741509172,31.469979768568074,777.6932647433205,210.0242483093208,210.42857096439516,0.05054033188429585,126.69756463601843,133.37892332390683,0.3340679343944203,3.3786870439976577,1.773570350617775,1.0,0.6138750357709883,46.6
2906.579046457526,304.3762459809663,0.7,10000.0,0.9046425649873645,0.04035330758141919,0.0028823791129585137,14.411895564792568,124.52299479452078,21.13128737942899,103.39170741509179,103.39170741509172,31.469979768568074,777.6932647433205,210.02676744541438,210.42857096439516,0.05022543987259809,126.71424717088074,133.37892332390683,0.33323380765130467,3.378527506279379,1.7231077340511285,1.0,0.6138750357709883,46.650000000000006
2906.579046457526,304.3762459809663,0.7,10000.0,0.9046425649873645,0.04035330758141919,0.0028823791129585137,14.411895564792568,124.52299479452078,21.13128737942899,103.39170741509179,103.39170741509172,31.469979768568074,777.6932647433205,210.0292708860069,210.42857096439516,0.049912509798531346,126.73088805149541,133.37892332390683,0.332401763620571,3.3783683669072553,1.804114029684859,1.0,0.6138750357709883,46.7
2906.579046457526,304.3762459809663,0.7,10000.0,0.9046425649873645,0.04035330758141919,0.0028823791129585137,14.411895564792568,124.52299479452078,21.13128737942899,103.39170741509179,103.39170741509172,31.469979768568074,777.6932647433205,210.03175872888937,210.42857096439516,0.049601529438223935,126.74748738186798,133.37892332390683,0.3315717971019424,3.378209624886666,1.9450496582517887,1.0,0.6138750357709883,46.75
2906.579046457526,304.3762459809663,0.7,10000.0,0.9046425649873645,0.04035330758141919,0.0028823791129585137,14.411895564792568,124.52299479452078,21.13128737942899,103.39170741509179,103.39170741509172,31.469979768568074,777.6932647433205,210.0342310712434,210.42857096439516,0.04929248664397079,126.76404526574433,133.37892332390683,0.33074390290812516,3.378051279225472,2.0214492866224028,1.0,0.6138750357709883,46.800000000000004
2906.579046457526,304.3762459809663,0.7,10000.0,0.9046425649873645,0.04035330758141919,0.0028823791129585137,14.411895564792568,124.52299479452078,21.13128737942899,103.39170741509179,103.39170741509172,31.469979768568074,777.6932647433205,210.03668800964522,210.42857096439516,0.0489853693437432,126.78056180661129,133.37892332390683,0.32991807586477717,3.3778933289340136,1.9658416494207882,1.0,0.6138750357709883,46.85
2906.579046457526,304.3762459809663,0.7,10000.0,0.9046425649873645,0.04035330758141919,0.0028823791129585137,14.411895564792568,124.52299479452078,21.13128737942899,103.39170741509179,103.39170741509172,31.469979768568074,777.6932647433205,210.0391296400693,210.42857096439516,0.048680165540734066,126.79703710769728,133.37892332390683,0.3290943108104777,3.3777357730251,1.827335855246557,1.0,0.6138750357709883,46.900000000000006
2906.579046457526,304.3762459809663,0.7,10000.0,0.9046425649873645,0.04035330758141919,0.0028823791129585137,14.411895564792568,124.52299479452078,21.13128737942899,103.39170741509179,103.39170741509172,31.469979768568074,777.6932647433205,210.0415560578921,210.42857096439516,0.048376863312881824,126.81347127197299,133.37892332390683,0.32827260259669233,3.377578610514006,1.7282513629000809,1.0,0.6138750357709883,46.95
2906.579046457526,304.3762459809663,0.7,10000.0,0.9046425649873645,0.04035330758141919,0.0028823791129585137,14.411895564792568,124.52299479452078,21.13128737942899,103.39170741509179,103.39170741509172,31.469979768568074,777.6932647433205,210.04396735789592,210.42857096439516,0.04807545081240505,126.829864402152,133.37892332390683,0.3274529460877417,3.377421840418467,1.7560932587337805,1.0,0.6138750357709883,47.0
2906.579046457526,304.3762459809663,0.7,10000.0,0.9046425649873645,0.04035330758141919,0.0028823791129585137,14.411895564792568,124.52299479452078,21.13128737942899,103.39170741509179,103.39170741509172,31.469979768568074,777.6932647433205,210.04636363427247,210.42857096439516,0.04777591626533706,126.84621660069143,133.37892332390683,0.3266353361607699,3.3772654617586673,1.8862733610705984,1.0,0.6138750357709883,47.050000000000004
2906.579046457526,304.3762459809663,0.7,10000.0,0.9046425649873645,0.04035330758141919,0.0028823791129585137,14.411895564792568,124.52299479452078,21.13128737942899,103.39170741509179,103.39170741509172,31.469979768568074,777.6932647433205,210.04874498062657,210.42857096439516,0.047478247971074694,126.86252796979258,133.37892332390683,0.3258197677057126,3.377109473557241,2.0038249296426045,1.0,0.6138750357709883,47.1
2906.579046457526,304.3762459809663,0.7,10000.0,0.9046425649873645,0.04035330758141919,0.0028823791129585137,14.411895564792568,124.52299479452078,21.13128737942899,103.39170741509179,103.39170741509172,31.469979768568074,777.6932647433205,210.0511114899799,210.42857096439516,0.04718243430190938,126.87879861140156,133.37892332390683,0.32500623562526343,3.3769538748392613,2.0049339375006525,1.0,0.6138750357709883,47.150000000000006
2906.579046457526,304.3762459809663,0.7,10000.0,0.9046425649873645,0.04035330758141919,0.0028823791129585137,14.411895564792568,124.52299479452078,21.13128737942899,103.39170741509179,103.39170741509172,31.469979768568074,777.6932647433205,210.0534632547745,210.42857096439516,0.04688846370258304,126.89502862720992,133.37892332390683,0.3241947348348454,3.3767986646322354,1.8886209798349185,1.0,0.6138750357709883,47.2
2906.579046457526,304.3762459809663,0.7,10000.0,0.9046425649873645,0.04035330758141919,0.0028823791129585137,14.411895564792568,124.52299479452078,21.13128737942899,103.39170741509179,103.39170741509172,31.469979768568074,777.6932647433205,210.0558003668765,210.42857096439516,0.046596324689833324,126.91121811865533,133.37892332390683,0.32338526026257525,3.376643841966099,1.7576062216610402,1.0,0.6138750357709883,47.25
2906.579046457526,304.3762459809663,0.7,10000.0,0.9046425649873645,0.04035330758141919,0.0028823791129585137,14.411895564792568,124.52299479452078,21.13128737942899,103.39170741509179,103.39170741509172,31.469979768568074,777.6932647433205,210.05812291757962,210.42857096439516,0.046306005851942444,126.92736718692214,133.37892332390683,0.3225778068492346,3.3764894058732104,1.7275935179004422,1.0,0.6138750357709883,47.300000000000004
2906.579046457526,304.3762459809663,0.7,10000.0,0.9046425649873645,0.04035330758141919,0.0028823791129585137,14.411895564792568,124.52299479452078,21.13128737942899,103.39170741509179,103.39170741509172,31.469979768568074,777.6932647433205,210.06043099760882,210.42857096439516,0.046017495848293066,126.9434759329421,133.37892332390683,0.3217723695482363,3.376335355388343,1.8250881689482665,1.0,0.6138750357709883,47.35
2906.579046457526,304.3762459809663,0.7,10000.0,0.9046425649873645,0.04035330758141919,0.0028823791129585137,14.411895564792568,124.52299479452078,21.13128737942899,103.39170741509179,103.39170741509172,31.469979768568074,777.6932647433205,210.06272469712374,210.42857096439516,0.04573078340892778,126.95954445739493,133.37892332390683,0.3209689433255953,3.3761816895486807,1.9639891346044305,1.0,0.6138750357709883,47.400000000000006
2906.579046457526,304.3762459809663,0.7,10000.0,0.9046425649873645,0.04035330758141919,0.0028823791129585137,14.411895564792568,124.52299479452078,21.13128737942899,103.39170741509179,103.39170741509172,31.469979768568074,777.6932647433205,210.06500410572235,210.42857096439516,0.04544585733410145,126.97557286070894,133.37892332390683,0.3201675231598948,3.376028407393812,2.0216279658893668,1.0,0.6138750357709883,47.45
2906.579046457526,304.3762459809663,0.7,10000.0,0.9046425649873645,0.04035330758141919,0.0028823791129585137,14.411895564792568,124.52299479452078,21.13128737942899,103.39170741509179,103.39170741509172,31.469979768568074,777.6932647433205,210.0672693124443,210.42857096439516,0.04516270649385845,126.99156124306171,133.37892332390683,0.31936810404225613,3.375875507965722,1.9471017335010141,1.0,0.6138750357709883,47.5
2906.579046457526,304.3762459809663,0.7,10000.0,0.9046425649873645,0.04035330758141919,0.0028823791129585137,14.411895564792568,124.52299479452078,21.13128737942899,103.39170741509179,103.39170741509172,31.469979768568074,777.6932647433205,210.06952040577454,210.42857096439516,0.044881319827577926,127.00750970438068,133.37892332390683,0.3185706809763076,3.37572299030879,1.8062272393048049,1.0,0.6138750357709883,47.550000000000004
2906.579046457526,304.3762459809663,0.7,10000.0,0.9046425649873645,0.04035330758141919,0.0028823791129585137,14.411895564792568,124.52299479452078,21.13128737942899,103.39170741509179,103.39170741509172,31.469979768568074,777.6932647433205,210.07175747364667,210.42857096439516,0.04460168634356165,127.02341834434378,133.37892332390683,0.31777524897815257,3.37557085346978,1.7234158264620834,1.0,0.6138750357709883,47.6
2906.579046457526,304.3762459809663,0.7,10000.0,0.9046425649873645,0.04035330758141919,0.0028823791129585137,14.411895564792568,124.52299479452078,21.13128737942899,103.39170741509179,103.39170741509172,31.469979768568074,777.6932647433205,210.07398060344644,210.42857096439516,0.04432379511858997,127.03928726238007,133.37892332390683,0.31698180307633805,3.375419096497835,1.7718012383079025,1.0,0.6138750357709883,47.650000000000006
2906.579046457526,304.3762459809663,0.7,10000.0,0.9046425649873645,0.04035330758141919,0.0028823791129585137,14.411895564792568,124.52299479452078,21.13128737942899,103.39170741509179,103.39170741509172,31.469979768568074,777.6932647433205,210.07618988201517,210.42857096439516,0.044047635297499,127.05511655767035,133.37892332390683,0.31619033831182436,3.375267718444475,1.9086525737551048,1.0,0.6138750357709883,47.7
2906.579046457526,304.3762459809663,0.7,10000.0,0.9046425649873645,0.04035330758141919,0.0028823791129585137,14.411895564792568,124.52299479452078,21.13128737942899,103.39170741509179,103.39170741509172,31.469979768568074,777.6932647433205,210.07838539565304,210.42857096439516,0.04377319609276498,127.07090632914775,133.37892332390683,0.3154008497379543,3.3751167183635853,2.0131114861337283,1.0,0.6138750357709883,47.75
2906.579046457526,304.3762459809663,0.7,10000.0,0.9046425649873645,0.04035330758141919,0.0028823791129585137,14.411895564792568,124.52299479452078,21.13128737942899,103.39170741509179,103.39170741509172,31.469979768568074,777.6932647433205,210.08056723012263,210.42857096439516,0.04350046678406727,127.08665667549839,133.37892332390683,0.31461333242042216,3.3749660953114162,1.9929265450588183,1.0,0.6138750357709883,47.800000000000004
2906.579046457526,304.3762459809663,0.7,10000.0,0.9046425649873645,0.04035330758141919,0.0028823791129585137,14.411895564792568,124.52299479452078,21.13128737942899,103.39170741509179,103.39170741509172,31.469979768568074,777.6932647433205,210.08273547065207,210.42857096439516,0.04322943671788693,127.102367695162,133.37892332390683,0.31382778143724155,3.3748158483465724,1.8659237994909468,1.0,0.6138750357709883,47.85
2906.579046457526,304.3762459809663,0.7,10000.0,0.9046425649873645,0.04035330758141919,0.0028823791129585137,14.411895564792568,124.52299479452078,21.13128737942899,103.39170741509179,103.39170741509172,31.469979768568074,777.6932647433205,210.08489020193858,210.42857096439516,0.04296009530707323,127.1180394863325,133.37892332390683,0.3130441918787163,3.3746659765300095,1.744263951419016,1.0,0.6138750357709883,47.900000000000006
2906.579046457526,304.3762459809663,0.7,10000.0,0.9046425649873645,0.04035330758141919,0.0028823791129585137,14.411895564792568,124.52299479452078,21.13128737942899,103.39170741509179,103.39170741509172,31.469979768568074,777.6932647433205,210.0870315081516,210.42857096439516,0.042692432030445815,127.13367214695865,133.37892332390683,0.3122625588474094,3.374516478925029,1.735389197487044,1.0,0.6138750357709883,47.95
2906.579046457526,304.3762459809663,0.7,10000.0,0.9046425649873645,0.04035330758141919,0.0028823791129585137,14.411895564792568,124.52299479452078,21.13128737942899,103.39170741509179,103.39170741509172,31.469979768568074,777.6932647433205,210.0891594729362,210.42857096439516,0.04242643643237187,127.14926577474459,133.37892332390683,0.31148287745811204,3.3743673545972697,1.847137152752941,1.0,0.6138750357709883,48.0
2906.579046457526,304.3762459809663,0.7,10000.0,0.9046425649873645,0.04035330758141919,0.0028823791129585137,14.411895564792568,124.52299479452078,21.13128737942899,103.39170741509179,103.39170741509172,31.469979768568074,777.6932647433205,210.09127417941622,210.42857096439516,0.04216209812236826,127.16482046715058,133.37892332390683,0.3107051428378128,3.3742186026147047,1.980819170348718,1.0,0.6138750357709883,48.050000000000004
2906.579046457526,304.3762459809663,0.7,10000.0,0.9046425649873645,0.04035330758141919,0.0028823791129585137,14.411895564792568,124.52299479452078,21.13128737942899,103.39170741509179,103.39170741509172,31.469979768568074,777.6932647433205,210.0933757101977,210.42857096439516,0.04189940677468229,127.18033632139348,133.37892332390683,0.30992935012566747,3.374070222047633,2.018375842427146,1.0,0.6138750357709883,48.1
2906.579046457526,304.3762459809663,0.7,10000.0,0.9046425649873645,0.04035330758141919,0.0028823791129585137,14.411895564792568,124.52299479452078,21.13128737942899,103.39170741509179,103.39170741509172,31.469979768568074,777.6932647433205,210.09546414737196,210.42857096439516,0.0416383521279009,127.19581343444744,133.37892332390683,0.3091554944729694,3.373922211968676,1.926639518273874,1.0,0.6138750357709883,48.150000000000006
2906.579046457526,304.3762459809663,0.7,10000.0,0.9046425649873645,0.04035330758141919,0.0028823791129585137,14.411895564792568,124.52299479452078,21.13128737942899,103.39170741509179,103.39170741509172,31.469979768568074,777.6932647433205,210.0975395725188,210.42857096439516,0.04137892398454568,127.21125190304447,133.37892332390683,0.3083835710431181,3.3737745714527705,1.786625852069628,1.0,0.6138750357709883,48.2
2906.579046457526,304.3762459809663,0.7,10000.0,0.9046425649873645,0.04035330758141919,0.0028823791129585137,14.411895564792568,124.52299479452078,21.13128737942899,103.39170741509179,103.39170741509172,31.469979768568074,777.6932647433205,210.09960206670982,210.42857096439516,0.04112111221066783,127.22665182367504,133.37892332390683,0.30761357501158954,3.3736272995771617,1.7219859587514592,1.0,0.6138750357709883,48.25
2906.579046457526,304.3762459809663,0.7,10000.0,0.9046425649873645,0.04035330758141919,0.0028823791129585137,14.411895564792568,124.52299479452078,21.13128737942899,103.39170741509179,103.39170741509172,31.469979768568074,777.6932647433205,210.10165171051145,210.42857096439516,0.0408649067354645,127.24201329258871,133.37892332390683,0.3068455015659062,3.3734803954214008,1.7898056578317576,1.0,0.6138750357709883,48.300000000000004
2906.579046457526,304.3762459809663,0.7,10000.0,0.9046425649873645,0.04035330758141919,0.0028823791129585137,14.411895564792568,124.52299479452078,21.13128737942899,103.39170741509179,103.39170741509172,31.469979768568074,777.6932647433205,210.10368858398814,210.42857096439516,0.040610297550877306,127.2573364057947,133.37892332390683,0.3060793459056065,3.3733338580673364,1.9301909287244108,1.0,0.6138750357709883,48.35
2906.579046457526,304.3762459809663,0.7,10000.0,0.9046425649873645,0.04035330758141919,0.0028823791129585137,14.411895564792568,124.52299479452078,21.13128737942899,103.39170741509179,103.39170741509172,31.469979768568074,777.6932647433205,210.10571276670555,210.42857096439516,0.04035727471120154,127.27262125906253,133.37892332390683,0.305315103242215,3.3731876865991093,2.019162478998714,1.0,0.6138750357709883,48.400000000000006
2906.579046457526,304.3762459809663,0.7,10000.0,0.9046425649873645,0.04035330758141919,0.0028823791129585137,14.411895564792568,124.52299479452078,21.13128737942899,103.39170741509179,103.39170741509172,31.469979768568074,777.6932647433205,210.10772433773354,210.42857096439516,0.04010582833270249,127.28786794792258,133.37892332390683,0.3045527687992127,3.373041880103147,1.9781463259334677,1.0,0.6138750357709883,48.45
2906.579046457526,304.3762459809663,0.7,10000.0,0.9046425649873645,0.04035330758141919,0.0028823791129585137,14.411895564792568,124.52299479452078,21.13128737942899,103.39170741509179,103.39170741509172,31.469979768568074,777.6932647433205,210.1097233756494,210.42857096439516,0.03985594859322106,127.3030765676667,133.37892332390683,0.303792337812007,3.372896437668159,1.8433653125868406,1.0,0.6138750357709883,48.5
2906.579046457526,304.3762459809663,0.7,10000.0,0.9046425649873645,0.04035330758141919,0.0028823791129585137,14.411895564792568,124.52299479452078,21.13128737942899,103.39170741509179,103.39170741509172,31.469979768568074,777.6932647433205,210.11170995854076,210.42857096439516,0.039607625731800766,127.31824721334881,133.37892332390683,0.30303380552790105,3.372751358385129,1.7338494095644115,1.0,0.6138750357709883,48.550000000000004
2906.579046457526,304.3762459809663,0.7,10000.0,0.9046425649873645,0.04035330758141919,0.0028823791129585137,14.411895564792568,124.52299479452078,21.13128737942899,103.39170741509179,103.39170741509172,31.469979768568074,777.6932647433205,210.1136841640088,210.42857096439516,0.039360850048296925,127.3333799797855,133.37892332390683,0.30227716720606634,3.3726066413473124,1.7463160579501615,1.0,0.6138750357709883,48.6
2906.579046457526,304.3762459809663,0.7,10000.0,0.9046425649873645,0.04035330758141919,0.0028823791129585137,14.411895564792568,124.52299479452078,21.13128737942899,103.39170741509179,103.39170741509172,31.469979768568074,777.6932647433205,210.11564606917113,210.42857096439516,0.03911561190300361,127.34847496155662,133.37892332390683,0.3015224181175107,3.3724622856502253,1.8697555112365327,1.0,0.6138750357709883,48.650000000000006
2906.579046457526,304.3762459809663,0.7,10000.0,0.9046425649873645,0.04035330758141919,0.0028823791129585137,14.411895564792568,124.52299479452078,21.13128737942899,103.39170741509179,103.39170741509172,31.469979768568074,777.6932647433205,210.11759575066498,210.42857096439516,0.03887190171627353,127.36353225300584,133.37892332390683,0.3007695535450495,3.3723182903916453,1.9951539392760274,1.0,0.6138750357709883,48.7
2906.579046457526,304.3762459809663,0.7,10000.0,0.9046425649873645,0.04035330758141919,0.0028823791129585137,14.411895564792568,124.52299479452078,21.13128737942899,103.39170741509179,103.39170741509172,31.469979768568074,777.6932647433205,210.11953328464998,210.42857096439516,0.03862970996814852,127.3785519482413,133.37892332390683,0.3000185687832769,3.372174654671601,2.0117674707098323,1.0,0.6138750357709883,48.75
2906.579046457526,304.3762459809663,0.7,10000.0,0.9046425649873645,0.04035330758141919,0.0028823791129585137,14.411895564792568,124.52299479452078,21.13128737942899,103.39170741509179,103.39170741509172,31.469979768568074,777.6932647433205,210.12145874681133,210.42857096439516,0.03838902719797943,127.39353414113612,133.37892332390683,0.29926945913853586,3.372031377592369,1.9049240971515762,1.0,0.6138750357709883,48.800000000000004
2906.579046457526,304.3762459809663,0.7,10000.0,0.9046425649873645,0.04035330758141919,0.0028823791129585137,14.411895564792568,124.52299479452078,21.13128737942899,103.39170741509179,103.39170741509172,31.469979768568074,777.6932647433205,210.12337221236263,210.42857096439516,0.03814984400406729,127.40847892532905,133.37892332390683,0.29852221992888917,3.371888458258468,1.7689810525932759,1.0,0.6138750357709883,48.85
2906.579046457526,304.3762459809663,0.7,10000.0,0.9046425649873645,0.04035330758141919,0.0028823791129585137,14.411895564792568,124.52299479452078,21.13128737942899,103.39170741509179,103.39170741509172,31.469979768568074,777.6932647433205,210.12527375604887,210.42857096439516,0.03791215104328671,127.42338639422506,133.37892332390683,0.29777684648408853,3.3717458957766504,1.7239945392847715,1.0,0.6138750357709883,48.900000000000006
2906.579046457526,304.3762459809663,0.7,10000.0,0.9046425649873645,0.04035330758141919,0.0028823791129585137,14.411895564792568,124.52299479452078,21.13128737942899,103.39170741509179,103.39170741509172,31.469979768568074,777.6932647433205,210.12716345214935,210.42857096439516,0.03767593903072708,127.43825664099587,133.37892332390683,0.2970333341455479,3.3716036892559003,1.8096937685134742,1.0,0.6138750357709883,48.95
2906.579046457526,304.3762459809663,0.7,10000.0,0.9046425649873645,0.04035330758141919,0.0028823791129585137,14.411895564792568,124.52299479452078,21.13128737942899,103.39170741509179,103.39170741509172,31.469979768568074,777.6932647433205,210.12904137448055,210.42857096439516,0.03744119873932661,127.45308975858059,133.37892332390683,0.2962916782663122,3.371461837807427,1.9503946622127233,1.0,0.6138750357709883,49.0
2906.579046457526,304.3762459809663,0.7,10000.0,0.9046425649873645,0.04035330758141919,0.0028823791129585137,14.411895564792568,124.52299479452078,21.13128737942899,103.39170741509179,103.39170741509172,31.469979768568074,777.6932647433205,210.13090759639906,210.42857096439516,0.03720792099951353,127.46788583968623,133.37892332390683,0.29555187421103,3.3713203405446577,2.0218391900759634,1.0,0.6138750357709883,49.050000000000004
2906.579046457526,304.3762459809663,0.7,10000.0,0.9046425649873645,0.04035330758141919,0.0028823791129585137,14.411895564792568,124.52299479452078,21.13128737942899,103.39170741509179,103.39170741509172,31.469979768568074,777.6932647433205,210.1327621908044,210.42857096439516,0.03697609669884372,127.48264497678835,133.37892332390683,0.2948139173559241,3.371179196583235,1.9609321145743528,1.0,0.6138750357709883,49.1
2906.579046457526,304.3762459809663,0.7,10000.0,0.9046425649873645,0.04035330758141919,0.0028823791129585137,14.411895564792568,124.52299479452078,21.13128737942899,103.39170741509179,103.39170741509172,31.469979768568074,777.6932647433205,210.13460523014194,210.42857096439516,0.036745716781652504,127.4973672621316,133.37892332390683,0.2940778030887614,3.3710384050410087,1.8214626692703852,1.0,0.6138750357709883,49.150000000000006
2906.579046457526,304.3762459809663,0.7,10000.0,0.9046425649873645,0.04035330758141919,0.0028823791129585137,14.411895564792568,124.52299479452078,21.13128737942899,103.39170741509179,103.39170741509172,31.469979768568074,777.6932647433205,210.1364367864056,210.42857096439516,0.03651677224869587,127.51205278773033,133.37892332390683,0.2933435268088253,3.3708979650380306,1.726601348008414,1.0,0.6138750357709883,49.2
2906.579046457526,304.3762459809663,0.7,10000.0,0.9046425649873645,0.04035330758141919,0.0028823791129585137,14.411895564792568,124.52299479452078,21.13128737942899,103.39170741509179,103.39170741509172,31.469979768568074,777.6932647433205,210.13825693114077,210.42857096439516,0.036289254156798734,127.5267016453691,133.37892332390683,0.29261108392688656,3.3707578756965506,1.7601236025467408,1.0,0.6138750357709883,49.25
2906.579046457526,304.3762459809663,0.7,10000.0,0.9046425649873645,0.04035330758141919,0.0028823791129585137,14.411895564792568,124.52299479452078,21.13128737942899,103.39170741509179,103.39170741509172,31.469979768568074,777.6932647433205,210.1400657354471,210.42857096439516,0.03606315361850676,127.54131392660334,133.37892332390683,0.2918804698651748,3.370618136141009,1.8924247217074368,1.0,0.6138750357709883,49.300000000000004
2906.579046457526,304.3762459809663,0.7,10000.0,0.9046425649873645,0.04035330758141919,0.0028823791129585137,14.411895564792568,124.52299479452078,21.13128737942899,103.39170741509179,103.39170741509172,31.469979768568074,777.6932647433205,210.14186326998126,210.42857096439516,0.03583846180173822,127.55588972275983,133.37892332390683,0.29115168005735015,3.3704787454980347,2.006664818819899,1.0,0.6138750357709883,49.35
2906.579046457526,304.3762459809663,0.7,10000.0,0.9046425649873645,0.04035330758141919,0.0028823791129585137,14.411895564792568,124.52299479452078,21.13128737942899,103.39170741509179,103.39170741509172,31.469979768568074,777.6932647433205,210.14364960495962,210.42857096439516,0.035615169929442914,127.57042912493736,133.37892332390683,0.29042470994847347,3.370339702896435,2.001954346732148,1.0,0.6138750357709883,49.400000000000006
2906.579046457526,304.3762459809663,0.7,10000.0,0.9046425649873645,0.04035330758141919,0.0028823791129585137,14.411895564792568,124.52299479452078,21.13128737942899,103.39170741509179,103.39170741509172,31.469979768568074,777.6932647433205,210.14542481016116,210.42857096439516,0.03539326927925046,127.58493222400725,133.37892332390683,0.2896995549949793,3.370201007467192,1.8824532931171003,1.0,0.6138750357709883,49.45
2906.579046457526,304.3762459809663,0.7,10000.0,0.9046425649873645,0.04035330758141919,0.0028823791129585137,14.411895564792568,124.52299479452078,21.13128737942899,103.39170741509179,103.39170741509172,31.469979768568074,777.6932647433205,210.14718895493004,210.42857096439516,0.035172751183139894,127.5993991106139,133.37892332390683,0.2889762106646465,3.37006265834346,1.7536973454281397,1.0,0.6138750357709883,49.5
2906.579046457526,304.3762459809663,0.7,10000.0,0.9046425649873645,0.04035330758141919,0.0028823791129585137,14.411895564792568,124.52299479452078,21.13128737942899,103.39170741509179,103.39170741509172,31.469979768568074,777.6932647433205,210.1489421081784,210.42857096439516,0.034953607027095046,127.61382987517541,133.37892332390683,0.288254672436571,3.369924654660557,1.7293955216351988,1.0,0.6138750357709883,49.550000000000004
2906.579046457526,304.3762459809663,0.7,10000.0,0.9046425649873645,0.04035330758141919,0.0028823791129585137,14.411895564792568,124.52299479452078,21.13128737942899,103.39170741509179,103.39170741509172,31.469979768568074,777.6932647433205,210.150684338389,210.42857096439516,0.034735828250770595,127.62822460788409,133.37892332390683,0.287534935801137,3.369786995555958,1.8310096382060188,1.0,0.6138750357709883,49.6
2906.579046457526,304.3762459809663,0.7,10000.0,0.9046425649873645,0.04035330758141919,0.0028823791129585137,14.411895564792568,124.52299479452078,21.13128737942899,103.39170741509179,103.39170741509172,31.469979768568074,777.6932647433205,210.15241571361796,210.42857096439516,0.034519406347151005,127.64258339870707,133.37892332390683,0.2868169962599879,3.369649680169295,1.9688006064640338,1.0,0.6138750357709883,49.650000000000006
2906.579046457526,304.3762459809663,0.7,10000.0,0.9046425649873645,0.04035330758141919,0.0028823791129585137,14.411895564792568,124.52299479452078,21.13128737942899,103.39170741509179,103.39170741509172,31.469979768568074,777.6932647433205,210.1541363014973,210.42857096439516,0.03430433286223433,127.65690633738686,133.37892332390683,0.2861008493259988,3.3695127076423455,2.02108025613908,1.0,0.6138750357709883,49.7
2906.579046457526,304.3762459809663,0.7,10000.0,0.9046425649873645,0.04035330758141919,0.0028823791129585137,14.411895564792568,124.52299479452078,21.13128737942899,103.39170741509179,103.39170741509172,31.469979768568074,777.6932647433205,210.15584616923772,210.42857096439516,0.03409059939468051,127.67119351344185,133.37892332390683,0.28538649052324916,3.3693760771190298,1.9416785443616897,1.0,0.6138750357709883,49.75
2906.579046457526,304.3762459809663,0.7,10000.0,0.9046425649873645,0.04035330758141919,0.0028823791129585137,14.411895564792568,124.52299479452078,21.13128737942899,103.39170741509179,103.39170741509172,31.469979768568074,777.6932647433205,210.15754538363115,210.42857096439516,0.03387819759550226,127.68544501616694,133.37892332390683,0.2846739153869947,3.3692397877454088,1.800717984565573,1.0,0.6138750357709883,49.800000000000004
2906.579046457526,304.3762459809663,0.7,10000.0,0.9046425649873645,0.04035330758141919,0.0028823791129585137,14.411895564792568,124.52299479452078,21.13128737942899,103.39170741509179,103.39170741509172,31.469979768568074,777.6932647433205,210.15923401105337,210.42857096439516,0.033667119167724024,127.69966093463408,133.37892332390683,0.2839631194636375,3.3691038386696714,1.7226859275452755,1.0,0.6138750357709883,49.85
2906.579046457526,304.3762459809663,0.7,10000.0,0.9046425649873645,0.04035330758141919,0.0028823791129585137,14.411895564792568,124.52299479452078,21.13128737942899,103.39170741509179,103.39170741509172,31.469979768568074,777.6932647433205,210.1609121174666,210.42857096439516,0.03345735586606935,127.7138413576928,133.37892332390683,0.2832540983107016,3.3689682290421366,1.7764952952537123,1.0,0.6138750357709883,49.900000000000006
2906.579046457526,304.3762459809663,0.7,10000.0,0.9046425649873645,0.04035330758141919,0.0028823791129585137,14.411895564792568,124.52299479452078,21.13128737942899,103.39170741509179,103.39170741509172,31.469979768568074,777.6932647433205,210.16257976842212,210.42857096439516,0.03324889949663046,127.7279863739708,133.37892332390683,0.2825468474968019,3.368832958015243,1.9146250956939848,1.0,0.6138750357709883,49.95
2906.579046457526,304.3762459809663,0.7,10000.0,0.9046425649873645,0.04035330758141919,0.0028823791129585137,14.411895564792568,124.52299479452078,21.13128737942899,103.39170741509179,103.39170741509172,31.469979768568074,777.6932647433205,210.1642370290627,210.42857096439516,0.033041741916559175,127.74209607187444,133.37892332390683,0.2818413626016195,3.368698024743547,2.015087923681792,1.0,0.6138750357709883,50.0
2906.579046457526,304.3762459809663,0.7,10000.0,0.9046425649873645,0.04035330758141919,0.0028823791129585137,14.411895564792568,124.52299479452078,21.13128737942899,103.39170741509179,103.39170741509172,31.469979768568074,777.6932647433205,210.1658839641253,210.42857096439516,0.032835875033732975,127.75617053958942,133.37892332390683,0.28113763921587065,3.368563428383715,1.989161434984009,1.0,0.6138750357709883,50.050000000000004
2906.579046457526,304.3762459809663,0.7,10000.0,0.9046425649873645,0.04035330758141919,0.0028823791129585137,14.411895564792568,124.52299479452078,21.13128737942899,103.39170741509179,103.39170741509172,31.469979768568074,777.6932647433205,210.16752063794357,210.42857096439516,0.03263129080644944,127.7702098650812,133.37892332390683,0.2804356729412817,3.3684291680945195,1.8597422462002346,1.0,0.6138750357709883,50.1
2906.579046457526,304.3762459809663,0.7,10000.0,0.9046425649873645,0.04035330758141919,0.0028823791129585137,14.411895564792568,124.52299479452078,21.13128737942899,103.39170741509179,103.39170741509172,31.469979768568074,777.6932647433205,210.16914711445028,210.42857096439516,0.03242798124311008,127.7842141360956,133.37892332390683,0.27973545939056166,3.3682952430368323,1.7411251074169098,1.0,0.6138750357709883,50.150000000000006
2906.579046457526,304.3762459809663,0.7,10000.0,0.9046425649873645,0.04035330758141919,0.0028823791129585137,14.411895564792568,124.52299479452078,21.13128737942899,103.39170741509179,103.39170741509172,31.469979768568074,777.6932647433205,210.17076345717985,210.42857096439516,0.03222593840191479,127.79818344015936,133.37892332390683,0.2790369941873735,3.368161652373623,1.7380650890403655,1.0,0.6138750357709883,50.2
2906.579046457526,304.3762459809663,0.7,10000.0,0.9046425649873645,0.04035330758141919,0.0028823791129585137,14.411895564792568,124.52299479452078,21.13128737942899,103.39170741509179,103.39170741509172,31.469979768568074,777.6932647433205,210.17236972927088,210.42857096439516,0.03202515439053499,127.81211786458069,133.37892332390683,0.27834027296630737,3.368028395269948,1.8532646035873532,1.0,0.6138750357709883,50.25
2906.579046457526,304.3762459809663,0.7,10000.0,0.9046425649873645,0.04035330758141919,0.0028823791129585137,14.411895564792568,124.52299479452078,21.13128737942899,103.39170741509179,103.39170741509172,31.469979768568074,777.6932647433205,210.1739659934686,210.42857096439516,0.03182562136581879,127.82601749644977,133.37892332390683,0.2776452913728534,3.3678954708929507,1.984986807789657,1.0,0.6138750357709883,50.300000000000004
2906.579046457526,304.3762459809663,0.7,10000.0,0.9046425649873645,0.04035330758141919,0.0028823791129585137,14.411895564792568,124.52299479452078,21.13128737942899,103.39170741509179,103.39170741509172,31.469979768568074,777.6932647433205,210.17555231212728,210.42857096439516,0.0316273315334854,127.83988242263935,133.37892332390683,0.2769520450633742,3.367762878411853,2.016903075642193,1.0,0.6138750357709883,50.35
2906.579046457526,304.3762459809663,0.7,10000.0,0.9046425649873645,0.04035330758141919,0.0028823791129585137,14.411895564792568,124.52299479452078,21.13128737942899,103.39170741509179,103.39170741509172,31.469979768568074,777.6932647433205,210.17712874721266,210.42857096439516,0.031430277147812546,127.85371272980527,133.37892332390683,0.2762605297050783,3.3676306169979515,1.9208270006918022,1.0,0.6138750357709883,50.400000000000006
2906.579046457526,304.3762459809663,0.7,10000.0,0.9046425649873645,0.04035330758141919,0.0028823791129585137,14.411895564792568,124.52299479452078,21.13128737942899,103.39170741509179,103.39170741509172,31.469979768568074,777.6932647433205,210.17869536030446,210.42857096439516,0.031234450511337997,127.86750850438699,133.37892332390683,0.2755707409759921,3.367498685824613,1.7816068274592727,1.0,0.6138750357709883,50.45
2906.579046457526,304.3762459809663,0.7,10000.0,0.9046425649873645,0.04035330758141919,0.0028823791129585137,14.411895564792568,124.52299479452078,21.13128737942899,103.39170741509179,103.39170741509172,31.469979768568074,777.6932647433205,210.1802522125987,210.42857096439516,0.031039843974557613,127.88126983260815,133.37892332390683,0.27488267456493387,3.3673670840672654,1.7221929086397718,1.0,0.6138750357709883,50.5
2906.579046457526,304.3762459809663,0.7,10000.0,0.9046425649873645,0.04035330758141919,0.0028823791129585137,14.411895564792568,124.52299479452078,21.13128737942899,103.39170741509179,103.39170741509172,31.469979768568074,777.6932647433205,210.18179936491015,210.42857096439516,0.030846449935626907,127.8949968004771,133.37892332390683,0.2741963261714865,3.3672358109033977,1.795055817313538,1.0,0.6138750357709883,50.550000000000004
2906.579046457526,304.3762459809663,0.7,10000.0,0.9046425649873645,0.04035330758141919,0.0028823791129585137,14.411895564792568,124.52299479452078,21.13128737942899,103.39170741509179,103.39170741509172,31.469979768568074,777.6932647433205,210.1833368776746,210.42857096439516,0.030654260840069725,127.90868949378742,133.37892332390683,0.2735116915059706,3.3671048655125535,1.9358476927378414,1.0,0.6138750357709883,50.6
2906.579046457526,304.3762459809663,0.7,10000.0,0.9046425649873645,0.04035330758141919,0.0028823791129585137,14.411895564792568,124.52299479452078,21.13128737942899,103.39170741509179,103.39170741509172,31.469979768568074,777.6932647433205,210.18486481095135,210.42857096439516,0.03046326918047626,127.9223479981185,133.37892332390683,0.27282876628941677,3.366974247076323,2.0202301553644433,1.0,0.6138750357709883,50.650000000000006
2906.579046457526,304.3762459809663,0.7,10000.0,0.9046425649873645,0.04035330758141919,0.0028823791129585137,14.411895564792568,124.52299479452078,21.13128737942899,103.39170741509179,103.39170741509172,31.469979768568074,777.6932647433205,210.1863832244255,210.42857096439516,0.030273467496208184,127.93597239883603,133.37892332390683,0.2721475462535402,3.3668439547783398,1.9736820111725655,1.0,0.6138750357709883,50.7
2906.579046457526,304.3762459809663,0.7,10000.0,0.9046425649873645,0.04035330758141919,0.0028823791129585137,14.411895564792568,124.52299479452078,21.13128737942899,103.39170741509179,103.39170741509172,31.469979768568074,777.6932647433205,210.18789217741025,210.42857096439516,0.030084848373114426,127.94956278109255,133.37892332390683,0.271468027140714,3.3667139878042773,1.8373116039651385,1.0,0.6138750357709883,50.75
2906.579046457526,304.3762459809663,0.7,10000.0,0.9046425649873645,0.04035330758141919,0.0028823791129585137,14.411895564792568,124.52299479452078,21.13128737942899,103.39170741509179,103.39170741509172,31.469979768568074,777.6932647433205,210.1893917288493,210.42857096439516,0.029897404443232745,127.96311922982801,133.37892332390683,0.2707902047039411,3.366584345341842,1.731552555351479,1.0,0.6138750357709883,50.800000000000004
2906.579046457526,304.3762459809663,0.7,10000.0,0.9046425649873645,0.04035330758141919,0.0028823791129585137,14.411895564792568,124.52299479452078,21.13128737942899,103.39170741509179,103.39170741509172,31.469979768568074,777.6932647433205,210.19088193731903,210.42857096439516,0.029711128384516172,127.97664182977026,133.37892332390683,0.2701140747068287,3.3664550265807667,1.7498044928834524,1.0,0.6138750357709883,50.85
2906.579046457526,304.3762459809663,0.7,10000.0,0.9046425649873645,0.04035330758141919,0.0028823791129585137,14.411895564792568,124.52299479452078,21.13128737942899,103.39170741509179,103.39170741509172,31.469979768568074,777.6932647433205,210.19236286103092,210.42857096439516,0.02952601292053103,127.99013066543559,133.37892332390683,0.2694396329235623,3.3663260307128096,1.8759484726979847,1.0,0.6138750357709883,50.900000000000006
2906.579046457526,304.3762459809663,0.7,10000.0,0.9046425649873645,0.04035330758141919,0.0028823791129585137,14.411895564792568,124.52299479452078,21.13128737942899,103.39170741509179,103.39170741509172,31.469979768568074,777.6932647433205,210.19383455783372,210.42857096439516,0.02934205082017982,128.00358582112926,133.37892332390683,0.2687668751388784,3.3661973569317465,1.9985821997946973,1.0,0.6138750357709883,50.95
2906.579046457526,304.3762459809663,0.7,10000.0,0.9046425649873645,0.04035330758141919,0.0028823791129585137,14.411895564792568,124.52299479452078,21.13128737942899,103.39170741509179,103.39170741509172,31.469979768568074,777.6932647433205,210.19529708521583,210.42857096439516,0.029159234897417008,128.01700738094604,133.37892332390683,0.2680957971480396,3.366069004433365,2.009403409862125,1.0,0.6138750357709883,51.0
2906.579046457526,304.3762459809663,0.7,10000.0,0.9046425649873645,0.04035330758141919,0.0028823791129585137,14.411895564792568,124.52299479452078,21.13128737942899,103.39170741509179,103.39170741509172,31.469979768568074,777.6932647433205,210.19675050030736,210.42857096439516,0.028977558010975457,128.0303954287707,133.37892332390683,0.26742639475680646,3.365940972415462,1.8988555022768059,1.0,0.6138750357709883,51.050000000000004
2906.579046457526,304.3762459809663,0.7,10000.0,0.9046425649873645,0.04035330758141919,0.0028823791129585137,14.411895564792568,124.52299479452078,21.13128737942899,103.39170741509179,103.39170741509172,31.469979768568074,777.6932647433205,210.19819485988253,210.42857096439516,0.02879701306407867,128.0437500482786,133.37892332390683,0.2667586637814111,3.3658132600778377,1.7645673185464281,1.0,0.6138750357709883,51.1
2906.579046457526,304.3762459809663,0.7,10000.0,0.9046425649873645,0.04035330758141919,0.0028823791129585137,14.411895564792568,124.52299479452078,21.13128737942899,103.39170741509179,103.39170741509172,31.469979768568074,777.6932647433205,210.19963022036183,210.42857096439516,0.02861759300416722,128.0570713229362,133.37892332390683,0.26609260004853186,3.3656858666222877,1.7251335936810284,1.0,0.6138750357709883,51.150000000000006
2906.579046457526,304.3762459809663,0.7,10000.0,0.9046425649873645,0.04035330758141919,0.0028823791129585137,14.411895564792568,124.52299479452078,21.13128737942899,103.39170741509179,103.39170741509172,31.469979768568074,777.6932647433205,210.2010566378142,210.42857096439516,0.028439290822621643,128.07035933600145,133.37892332390683,0.26542819939526935,3.365558791252604,1.8153796713617139,1.0,0.6138750357709883,51.2
2906.579046457526,304.3762459809663,0.7,10000.0,0.9046425649873645,0.04035330758141919,0.0028823791129585137,14.411895564792568,124.52299479452078,21.13128737942899,103.39170741509179,103.39170741509172,31.469979768568074,777.6932647433205,210.20247416795925,210.42857096439516,0.028262099554488884,128.0836141705245,133.37892332390683,0.2647654576691167,3.365432033174565,1.9556059877793532,1.0,0.6138750357709883,51.25
2906.579046457526,304.3762459809663,0.7,10000.0,0.9046425649873645,0.04035330758141919,0.0028823791129585137,14.411895564792568,124.52299479452078,21.13128737942899,103.39170741509179,103.39170741509172,31.469979768568074,777.6932647433205,210.20388286616944,210.42857096439516,0.028086012278215833,128.0968359093481,133.37892332390683,0.2641043707279366,3.3653055915959316,2.0219736289282415,1.0,0.6138750357709883,51.300000000000004
2906.579046457526,304.3762459809663,0.7,10000.0,0.9046425649873645,0.04035330758141919,0.0028823791129585137,14.411895564792568,124.52299479452078,21.13128737942899,103.39170741509179,103.39170741509172,31.469979768568074,777.6932647433205,210.2052827874722,210.42857096439516,0.027911022115368667,128.11002463510818,133.37892332390683,0.2634449344399329,3.3651794657264436,1.955870938916446,1.0,0.6138750357709883,51.35
2906.579046457526,304.3762459809663,0.7,10000.0,0.9046425649873645,0.04035330758141919,0.0028823791129585137,14.411895564792568,124.52299479452078,21.13128737942899,103.39170741509179,103.39170741509172,31.469979768568074,777.6932647433205,210.2066739865522,210.42857096439516,0.02773712223036995,128.12318043023427,133.37892332390683,0.26278714468362807,3.365053654777815,1.8156755857384894,1.0,0.6138750357709883,51.400000000000006
2906.579046457526,304.3762459809663,0.7,10000.0,0.9046425649873645,0.04035330758141919,0.0028823791129585137,14.411895564792568,124.52299479452078,21.13128737942899,103.39170741509179,103.39170741509172,31.469979768568074,777.6932647433205,210.20805651775328,210.42857096439516,0.027564305830235725,128.1363033769502,133.37892332390683,0.26213099734783185,3.3649281579637256,1.7251991386452328,1.0,0.6138750357709883,51.45
2906.579046457526,304.3762459809663,0.7,10000.0,0.9046425649873645,0.04035330758141919,0.0028823791129585137,14.411895564792568,124.52299479452078,21.13128737942899,103.39170741509179,103.39170741509172,31.469979768568074,777.6932647433205,210.20943043508075,210.42857096439516,0.027392566164301968,128.14939355727438,133.37892332390683,0.2614764883316226,3.364802974499821,1.7643446089785901,1.0,0.6138750357709883,51.5
2906.579046457526,304.3762459809663,0.7,10000.0,0.9046425649873645,0.04035330758141919,0.0028823791129585137,14.411895564792568,124.52299479452078,21.13128737942899,103.39170741509179,103.39170741509172,31.469979768568074,777.6932647433205,210.2107957922034,210.42857096439516,0.02722189652396878,128.1624510530205,133.37892332390683,0.2608236135443164,3.364678103603703,1.8985412210222354,1.0,0.6138750357709883,51.550000000000004
2906.579046457526,304.3762459809663,0.7,10000.0,0.9046425649873645,0.04035330758141919,0.0028823791129585137,14.411895564792568,124.52299479452078,21.13128737942899,103.39170741509179,103.39170741509172,31.469979768568074,777.6932647433205,210.21215264245572,210.42857096439516,0.027052290242430388,128.17547594579796,133.37892332390683,0.2601723689054438,3.364553544494929,2.009275110024902,1.0,0.6138750357709883,51.6
2906.579046457526,304.3762459809663,0.7,10000.0,0.9046425649873645,0.04035330758141919,0.0028823791129585137,14.411895564792568,124.52299479452078,21.13128737942899,103.39170741509179,103.39170741509172,31.469979768568074,777.6932647433205,210.2135010388398,210.42857096439516,0.026883740694419345,128.18846831701234,133.37892332390683,0.2595227503447248,3.364429296395004,1.9987531875849567,1.0,0.6138750357709883,51.650000000000006
2906.579046457526,304.3762459809663,0.7,10000.0,0.9046425649873645,0.04035330758141919,0.0028823791129585137,14.411895564792568,124.52299479452078,21.13128737942899,103.39170741509179,103.39170741509172,31.469979768568074,777.6932647433205,210.2148410340276,210.42857096439516,0.026716241295947185,128.20142824786603,133.37892332390683,0.25887475380203995,3.3643053585273766,1.8762677426356988,1.0,0.6138750357709883,51.7
2906.579046457526,304.3762459809663,0.7,10000.0,0.9046425649873645,0.04035330758141919,0.0028823791129585137,14.411895564792568,124.52299479452078,21.13128737942899,103.39170741509179,103.39170741509172,31.469979768568074,777.6932647433205,210.21617268036277,210.42857096439516,0.02654978550404863,128.21435581935864,133.37892332390683,0.2582283752274094,3.3641817301174357,1.7499900861790028,1.0,0.6138750357709883,51.75
2906.579046457526,304.3762459809663,0.7,10000.0,0.9046425649873645,0.04035330758141919,0.0028823791129585137,14.411895564792568,124.52299479452078,21.13128737942899,103.39170741509179,103.39170741509172,31.469979768568074,777.6932647433205,210.21749602986299,210.42857096439516,0.02638436681652223,128.22725111228755,133.37892332390683,0.25758361058096424,3.3640584103925018,1.7314405678771998,1.0,0.6138750357709883,51.800000000000004
2906.579046457526,304.3762459809663,0.7,10000.0,0.9046425649873645,0.04035330758141919,0.0028823791129585137,14.411895564792568,124.52299479452078,21.13128737942899,103.39170741509179,103.39170741509172,31.469979768568074,777.6932647433205,210.21881113422174,210.42857096439516,0.026219978771678143,128.24011420724835,133.37892332390683,0.2569404558329239,3.3639353985818277,1.8370009358956667,1.0,0.6138750357709883,51.85
2906.579046457526,304.3762459809663,0.7,10000.0,0.9046425649873645,0.04035330758141919,0.0028823791129585137,14.411895564792568,124.52299479452078,21.13128737942899,103.39170741509179,103.39170741509172,31.469979768568074,777.6932647433205,210.22011804481045,210.42857096439516,0.026056614948089418,128.25294518463545,133.37892332390683,0.2562989069635691,3.363812693916588,1.973447024676423,1.0,0.6138750357709883,51.900000000000006
2906.579046457526,304.3762459809663,0.7,10000.0,0.9046425649873645,0.04035330758141919,0.0028823791129585137,14.411895564792568,124.52299479452078,21.13128737942899,103.39170741509179,103.39170741509172,31.469979768568074,777.6932647433205,210.22141681268047,210.42857096439516,0.02589426896433622,128.2657441246425,133.37892332390683,0.25565895996321614,3.363690295629879,2.0202783754861864,1.0,0.6138750357709883,51.95
2906.579046457526,304.3762459809663,0.7,10000.0,0.9046425649873645,0.04035330758141919,0.0028823791129585137,14.411895564792568,124.52299479452078,21.13128737942899,103.39170741509179,103.39170741509172,31.469979768568074,777.6932647433205,210.2227074885651,210.42857096439516,0.02573293447875713,128.27851110726291,133.37892332390683,0.25502061083219585,3.3635682029567104,1.9361365345490429,1.0,0.6138750357709883,52.0
2906.579046457526,304.3762459809663,0.7,10000.0,0.9046425649873645,0.04035330758141919,0.0028823791129585137,14.411895564792568,124.52299479452078,21.13128737942899,103.39170741509179,103.39170741509172,31.469979768568074,777.6932647433205,210.22399012288156,210.42857096439516,0.02557260518920046,128.29124621229036,133.37892332390683,0.2543838555808236,3.363446415134003,1.7953301942015163,1.0,0.6138750357709883,52.050000000000004
2906.579046457526,304.3762459809663,0.7,10000.0,0.9046425649873645,0.04035330758141919,0.0028823791129585137,14.411895564792568,124.52299479452078,21.13128737942899,103.39170741509179,103.39170741509172,31.469979768568074,777.6932647433205,210.22526476573287,210.42857096439516,0.025413274832786215,128.3039495193193,133.37892332390683,0.25374869022937646,3.363324931400583,1.7222105084847636,1.0,0.6138750357709883,52.1
2906.579046457526,304.3762459809663,0.7,10000.0,0.9046425649873645,0.04035330758141919,0.0028823791129585137,14.411895564792568,124.52299479452078,21.13128737942899,103.39170741509179,103.39170741509172,31.469979768568074,777.6932647433205,210.22653146690993,210.42857096439516,0.02525493718565386,128.31662110774545,133.37892332390683,0.25311511080806925,3.363203750997175,1.7813521072038725,1.0,0.6138750357709883,52.150000000000006
2906.579046457526,304.3762459809663,0.7,10000.0,0.9046425649873645,0.04035330758141919,0.0028823791129585137,14.411895564792568,124.52299479452078,21.13128737942899,103.39170741509179,103.39170741509172,31.469979768568074,777.6932647433205,210.22779027589345,210.42857096439516,0.025097586062713617,128.32926105676626,133.37892332390683,0.2524831133570288,3.3630828731664026,1.9205249129740418,1.0,0.6138750357709883,52.2
2906.579046457526,304.3762459809663,0.7,10000.0,0.9046425649873645,0.04035330758141919,0.0028823791129585137,14.411895564792568,124.52299479452078,21.13128737942899,103.39170741509179,103.39170741509172,31.469979768568074,777.6932647433205,210.22904124185578,210.42857096439516,0.02494121531742266,128.34186944538146,133.37892332390683,0.2518526939262685,3.3629622971527784,2.016820405013624,1.0,0.6138750357709883,52.25
2906.579046457526,304.3762459809663,0.7,10000.0,0.9046425649873645,0.04035330758141919,0.0028823791129585137,14.411895564792568,124.52299479452078,21.13128737942899,103.39170741509179,103.39170741509172,31.469979768568074,777.6932647433205,210.23028441366296,210.42857096439516,0.024785818841525753,128.35444635239352,133.37892332390683,0.25122384857566543,3.362842022202702,1.9851965636616324,1.0,0.6138750357709883,52.300000000000004
2906.579046457526,304.3762459809663,0.7,10000.0,0.9046425649873645,0.04035330758141919,0.0028823791129585137,14.411895564792568,124.52299479452078,21.13128737942899,103.39170741509179,103.39170741509172,31.469979768568074,777.6932647433205,210.23151983987654,210.42857096439516,0.024631390564827882,128.36699185640816,133.37892332390683,0.25059657337493346,3.362722047564455,1.8535815429891418,1.0,0.6138750357709883,52.35
2906.579046457526,304.3762459809663,0.7,10000.0,0.9046425649873645,0.04035330758141919,0.0028823791129585137,14.411895564792568,124.52299479452078,21.13128737942899,103.39170741509179,103.39170741509172,31.469979768568074,777.6932647433205,210.2327475687555,210.42857096439516,0.024477924454956224,128.37950603583482,133.37892332390683,0.2499708644036005,3.362602372488195,1.7382093113636137,1.0,0.6138750357709883,52.400000000000006
2906.579046457526,304.3762459809663,0.7,10000.0,0.9046425649873645,0.04035330758141919,0.0028823791129585137,14.411895564792568,124.52299479452078,21.13128737942899,103.39170741509179,103.39170741509172,31.469979768568074,777.6932647433205,210.2339676482582,210.42857096439516,0.024325414517122113,128.39198896888715,133.37892332390683,0.24934671775098421,3.362482996225952,1.7409692447296918,1.0,0.6138750357709883,52.45
2906.579046457526,304.3762459809663,0.7,10000.0,0.9046425649873645,0.04035330758141919,0.0028823791129585137,14.411895564792568,124.52299479452078,21.13128737942899,103.39170741509179,103.39170741509172,31.469979768568074,777.6932647433205,210.23518012604407,210.42857096439516,0.024173854793886562,128.40444073358353,133.37892332390683,0.24872412951616524,3.3623639180316247,1.8594239464600097,1.0,0.6138750357709883,52.5
2906.579046457526,304.3762459809663,0.7,10000.0,0.9046425649873645,0.04035330758141919,0.0028823791129585137,14.411895564792568,124.52299479452078,21.13128737942899,103.39170741509179,103.39170741509172,31.469979768568074,777.6932647433205,210.23638504947576,210.42857096439516,0.024023239364925786,128.41686140774752,133.37892332390683,0.2481030958079657,3.3622451371609743,1.9889618001621772,1.0,0.6138750357709883,52.550000000000004
2906.579046457526,304.3762459809663,0.7,10000.0,0.9046425649873645,0.04035330758141919,0.0028823791129585137,14.411895564792568,124.52299479452078,21.13128737942899,103.39170741509179,103.39170741509172,31.469979768568074,777.6932647433205,210.2375824656207,210.42857096439516,0.023873562346807375,128.4292510690084,133.37892332390683,0.24748361274492225,3.3621266528716185,2.015183258485589,1.0,0.6138750357709883,52.6
2906.579046457526,304.3762459809663,0.7,10000.0,0.9046425649873645,0.04035330758141919,0.0028823791129585137,14.411895564792568,124.52299479452078,21.13128737942899,103.39170741509179,103.39170741509172,31.469979768568074,777.6932647433205,210.23877242125312,210.42857096439516,0.023724817892755823,128.44160979480156,133.37892332390683,0.2468656764552634,3.3620084644230315,1.914931206521821,1.0,0.6138750357709883,52.650000000000006
2906.579046457526,304.3762459809663,0.7,10000.0,0.9046425649873645,0.04035330758141919,0.0028823791129585137,14.411895564792568,124.52299479452078,21.13128737942899,103.39170741509179,103.39170741509172,31.469979768568074,777.6932647433205,210.23995496285582,210.42857096439516,0.02357700019241804,128.4539376623691,133.37892332390683,0.24624928307688662,3.3618905710765343,1.7767418446012324,1.0,0.6138750357709883,52.7
2906.579046457526,304.3762459809663,0.7,10000.0,0.9046425649873645,0.04035330758141919,0.0028823791129585137,14.411895564792568,124.52299479452078,21.13128737942899,103.39170741509179,103.39170741509172,31.469979768568074,777.6932647433205,210.24113013662196,210.42857096439516,0.0234301034716502,128.46623474876023,133.37892332390683,0.24563442875733016,3.361772972095294,1.722655178797189,1.0,0.6138750357709883,52.75
2906.579046457526,304.3762459809663,0.7,10000.0,0.9046425649873645,0.04035330758141919,0.0028823791129585137,14.411895564792568,124.52299479452078,21.13128737942899,103.39170741509179,103.39170741509172,31.469979768568074,777.6932647433205,210.24229798845695,210.42857096439516,0.02328412199227614,128.47850113083177,133.37892332390683,0.24502110965375296,3.3616556667443156,1.8004370930494893,1.0,0.6138750357709883,52.800000000000004
2906.579046457526,304.3762459809663,0.7,10000.0,0.9046425649873645,0.04035330758141919,0.0028823791129585137,14.411895564792568,124.52299479452078,21.13128737942899,103.39170741509179,103.39170741509172,31.469979768568074,777.6932647433205,210.24345856398014,210.42857096439516,0.023139050051877774,128.49073688524865,133.37892332390683,0.24440932193290904,3.361538654290441,1.9413955754997692,1.0,0.6138750357709883,52.85
2906.579046457526,304.3762459809663,0.7,10000.0,0.9046425649873645,0.04035330758141919,0.0028823791129585137,14.411895564792568,124.52299479452078,21.13128737942899,103.39170741509179,103.39170741509172,31.469979768568074,777.6932647433205,210.24461190852665,210.42857096439516,0.02299488198356414,128.50294208848436,133.37892332390683,0.2437990617711236,3.3614219340023417,2.0210451099313858,1.0,0.6138750357709883,52.900000000000006
2906.579046457526,304.3762459809663,0.7,10000.0,0.9046425649873645,0.04035330758141919,0.0028823791129585137,14.411895564792568,124.52299479452078,21.13128737942899,103.39170741509179,103.39170741509172,31.469979768568074,777.6932647433205,210.24575806714913,210.42857096439516,0.022851612155754708,128.5151168168215,133.37892332390683,0.24319032535426716,3.3613055051505154,1.9690443217937892,1.0,0.6138750357709883,52.95
2906.579046457526,304.3762459809663,0.7,10000.0,0.9046425649873645,0.04035330758141919,0.0028823791129585137,14.411895564792568,124.52299479452078,21.13128737942899,103.39170741509179,103.39170741509172,31.469979768568074,777.6932647433205,210.24689708461958,210.42857096439516,0.022709234971948433,128.52726114635212,133.37892332390683,0.24258310887773576,3.3611893670072814,1.8313169812811085,1.0,0.6138750357709883,53.0
2906.579046457526,304.3762459809663,0.7,10000.0,0.9046425649873645,0.04035330758141919,0.0028823791129585137,14.411895564792568,124.52299479452078,21.13128737942899,103.39170741509179,103.39170741509172,31.469979768568074,777.6932647433205,210.248029005431,210.42857096439516,0.022567744870521267,128.53937515297835,133.37892332390683,0.24197740854642405,3.3610735188467764,1.7294950667094708,1.0,0.6138750357709883,53.050000000000004
2906.579046457526,304.3762459809663,0.7,10000.0,0.9046425649873645,0.04035330758141919,0.0028823791129585137,14.411895564792568,124.52299479452078,21.13128737942899,103.39170741509179,103.39170741509172,31.469979768568074,777.6932647433205,210.24915387379917,210.42857096439516,0.022427136324498775,128.55145891241276,133.37892332390683,0.24137322057470384,3.3609579599449484,1.7535011806585548,1.0,0.6138750357709883,53.1
2906.579046457526,304.3762459809663,0.7,10000.0,0.9046425649873645,0.04035330758141919,0.0028823791129585137,14.411895564792568,124.52299479452078,21.13128737942899,103.39170741509179,103.39170741509172,31.469979768568074,777.6932647433205,210.25027173366445,210.42857096439516,0.022287403841339426,128.56351250017886,133.37892332390683,0.24077054118639865,3.3608426895795542,1.8821346586813896,1.0,0.6138750357709883,53.150000000000006
2906.579046457526,304.3762459809663,0.7,10000.0,0.9046425649873645,0.04035330758141919,0.0028823791129585137,14.411895564792568,124.52299479452078,21.13128737942899,103.39170741509179,103.39170741509172,31.469979768568074,777.6932647433205,210.25138262869334,210.42857096439516,0.02214854196272853,128.57553599161164,133.37892332390683,0.24016936661475938,3.3607277070301538,2.001794640184908,1.0,0.6138750357709883,53.2
2906.579046457526,304.3762459809663,0.7,10000.0,0.9046425649873645,0.04035330758141919,0.0028823791129585137,14.411895564792568,124.52299479452078,21.13128737942899,103.39170741509179,103.39170741509172,31.469979768568074,777.6932647433205,210.25248660228033,210.42857096439516,0.02201054526435442,128.58752946185797,133.37892332390683,0.2395696931024432,3.3606130115781054,2.0068050827688317,1.0,0.6138750357709883,53.25
2906.579046457526,304.3762459809663,0.7,10000.0,0.9046425649873645,0.04035330758141919,0.0028823791129585137,14.411895564792568,124.52299479452078,21.13128737942899,103.39170741509179,103.39170741509172,31.469979768568074,777.6932647433205,210.25358369754954,210.42857096439516,0.021873408355702395,128.59949298587705,133.37892332390683,0.23897151690148916,3.3604986025065626,1.8927410840036345,1.0,0.6138750357709883,53.300000000000004
2906.579046457526,304.3762459809663,0.7,10000.0,0.9046425649873645,0.04035330758141919,0.0028823791129585137,14.411895564792568,124.52299479452078,21.13128737942899,103.39170741509179,103.39170741509172,31.469979768568074,777.6932647433205,210.2546739573564,210.42857096439516,0.02173712587984511,128.61142663844097,133.37892332390683,0.2383748342732929,3.360384479100468,1.7603366722442382,1.0,0.6138750357709883,53.35
2906.579046457526,304.3762459809663,0.7,10000.0,0.9046425649873645,0.04035330758141919,0.0028823791129585137,14.411895564792568,124.52299479452078,21.13128737942899,103.39170741509179,103.39170741509172,31.469979768568074,777.6932647433205,210.2557574242893,210.42857096439516,0.021601692513232962,128.6233304941351,133.37892332390683,0.23777964148858644,3.3602706406465495,1.7265229555778516,1.0,0.6138750357709883,53.400000000000006
2906.579046457526,304.3762459809663,0.7,10000.0,0.9046425649873645,0.04035330758141919,0.0028823791129585137,14.411895564792568,124.52299479452078,21.13128737942899,103.39170741509179,103.39170741509172,31.469979768568074,777.6932647433205,210.25683414067132,210.42857096439516,0.021467102965480933,128.63520462735855,133.37892332390683,0.23718593482741426,3.3601570864333175,1.8211620458922142,1.0,0.6138750357709883,53.45
2906.579046457526,304.3762459809663,0.7,10000.0,0.9046425649873645,0.04035330758141919,0.0028823791129585137,14.411895564792568,124.52299479452078,21.13128737942899,103.39170741509179,103.39170741509172,31.469979768568074,777.6932647433205,210.25790414856183,210.42857096439516,0.021333351979166082,128.6470491123247,133.37892332390683,0.2365937105791062,3.360043815751057,1.9606747515892142,1.0,0.6138750357709883,53.5
2906.579046457526,304.3762459809663,0.7,10000.0,0.9046425649873645,0.04035330758141919,0.0028823791129585137,14.411895564792568,124.52299479452078,21.13128737942899,103.39170741509179,103.39170741509172,31.469979768568074,777.6932647433205,210.25896748975813,210.42857096439516,0.021200434329628592,128.65886402306165,133.37892332390683,0.23600296504225896,3.359930827891826,2.021852374011285,1.0,0.6138750357709883,53.550000000000004
2906.579046457526,304.3762459809663,0.7,10000.0,0.9046425649873645,0.04035330758141919,0.0028823791129585137,14.411895564792568,124.52299479452078,21.13128737942899,103.39170741509179,103.39170741509172,31.469979768568074,777.6932647433205,210.26002420579715,210.42857096439516,0.021068344824751506,128.6706494334126,133.37892332390683,0.235413694524712,3.35981812214945,1.9506667498600527,1.0,0.6138750357709883,53.6
2906.579046457526,304.3762459809663,0.7,10000.0,0.9046425649873645,0.04035330758141919,0.0028823791129585137,14.411895564792568,124.52299479452078,21.13128737942899,103.39170741509179,103.39170741509172,31.469979768568074,777.6932647433205,210.26107433795698,210.42857096439516,0.020937078304772427,128.6824054170364,133.37892332390683,0.234825895343522,3.3597056978195177,1.8099844694654863,1.0,0.6138750357709883,53.650000000000006
2906.579046457526,304.3762459809663,0.7,10000.0,0.9046425649873645,0.04035330758141919,0.0028823791129585137,14.411895564792568,124.52299479452078,21.13128737942899,103.39170741509179,103.39170741509172,31.469979768568074,777.6932647433205,210.26211792725854,210.42857096439516,0.020806629642077468,128.69413204740798,133.37892332390683,0.23423956382494282,3.359593554199377,1.7240471250529608,1.0,0.6138750357709883,53.7
2906.579046457526,304.3762459809663,0.7,10000.0,0.9046425649873645,0.04035330758141919,0.0028823791129585137,14.411895564792568,124.52299479452078,21.13128737942899,103.39170741509179,103.39170741509172,31.469979768568074,777.6932647433205,210.26315501446717,210.42857096439516,0.02067699374099874,128.70582939781883,133.37892332390683,0.23365469630440003,3.35948169058813,1.7687490827908776,1.0,0.6138750357709883,53.75
2906.579046457526,304.3762459809663,0.7,10000.0,0.9046425649873645,0.04035330758141919,0.0028823791129585137,14.411895564792568,124.52299479452078,21.13128737942899,103.39170741509179,103.39170741509172,31.469979768568074,777.6932647433205,210.26418564009424,210.42857096439516,0.020548165537615404,128.71749754137744,133.37892332390683,0.2330712891264696,3.3593701062866286,1.904612432671733,1.0,0.6138750357709883,53.800000000000004
2906.579046457526,304.3762459809663,0.7,10000.0,0.9046425649873645,0.04035330758141919,0.0028823791129585137,14.411895564792568,124.52299479452078,21.13128737942899,103.39170741509179,103.39170741509172,31.469979768568074,777.6932647433205,210.26520984439867,210.42857096439516,0.020420139999561826,128.72913655100973,133.37892332390683,0.23248933864485508,3.3592588005974697,2.0116513536875704,1.0,0.6138750357709883,53.85
2906.579046457526,304.3762459809663,0.7,10000.0,0.9046425649873645,0.04035330758141919,0.0028823791129585137,14.411895564792568,124.52299479452078,21.13128737942899,103.39170741509179,103.39170741509172,31.469979768568074,777.6932647433205,210.26622766738856,210.42857096439516,0.02029291212582507,128.74074649945956,133.37892332390683,0.23190884122236355,3.359147772824993,1.9953359168387454,1.0,0.6138750357709883,53.900000000000006
2906.579046457526,304.3762459809663,0.7,10000.0,0.9046425649873645,0.04035330758141919,0.0028823791129585137,14.411895564792568,124.52299479452078,21.13128737942899,103.39170741509179,103.39170741509172,31.469979768568074,777.6932647433205,210.26723914882277,210.42857096439516,0.020166476946549494,128.75232745928915,133.37892332390683,0.2313297932308842,3.3590370222752752,1.8700748724403835,1.0,0.6138750357709883,53.95
2906.579046457526,304.3762459809663,0.7,10000.0,0.9046425649873645,0.04035330758141919,0.0028823791129585137,14.411895564792568,124.52299479452078,21.13128737942899,103.39170741509179,103.39170741509172,31.469979768568074,777.6932647433205,210.26824432821243,210.42857096439516,0.020040829522841364,128.76387950287952,133.37892332390683,0.23075219105136568,3.3589265482561244,1.7464907634051363,1.0,0.6138750357709883,54.0
2906.579046457526,304.3762459809663,0.7,10000.0,0.9046425649873645,0.04035330758141919,0.0028823791129585137,14.411895564792568,124.52299479452078,21.13128737942899,103.39170741509179,103.39170741509172,31.469979768568074,777.6932647433205,210.26924324482246,210.42857096439516,0.01991596494658765,128.77540270243097,133.37892332390683,0.2301760310737933,3.3588163500770776,1.733725170587109,1.0,0.6138750357709883,54.050000000000004
2906.579046457526,304.3762459809663,0.7,10000.0,0.9046425649873645,0.04035330758141919,0.0028823791129585137,14.411895564792568,124.52299479452078,21.13128737942899,103.39170741509179,103.39170741509172,31.469979768568074,777.6932647433205,210.2702359376732,210.42857096439516,0.019791878340246427,128.78689712996356,133.37892332390683,0.22960130969716347,3.358706427049396,1.8430518490958843,1.0,0.6138750357709883,54.1
2906.579046457526,304.3762459809663,0.7,10000.0,0.9046425649873645,0.04035330758141919,0.0028823791129585137,14.411895564792568,124.52299479452078,21.13128737942899,103.39170741509179,103.39170741509172,31.469979768568074,777.6932647433205,210.2712224455418,210.42857096439516,0.019668564856669235,128.7983628573175,133.37892332390683,0.22902802332946665,3.35859677848606,1.9779204688354368,1.0,0.6138750357709883,54.150000000000006
2906.579046457526,304.3762459809663,0.7,10000.0,0.9046425649873645,0.04035330758141919,0.0028823791129585137,14.411895564792568,124.52299479452078,21.13128737942899,103.39170741509179,103.39170741509172,31.469979768568074,777.6932647433205,210.27220280696392,210.42857096439516,0.01954601967890568,128.8097999561536,133.37892332390683,0.22845616838766175,3.358487403701766,2.019223690837229,1.0,0.6138750357709883,54.2
2906.579046457526,304.3762459809663,0.7,10000.0,0.9046425649873645,0.04035330758141919,0.0028823791129585137,14.411895564792568,124.52299479452078,21.13128737942899,103.39170741509179,103.39170741509172,31.469979768568074,777.6932647433205,210.27317706023499,210.42857096439516,0.019424238020022244,128.8212084979538,133.37892332390683,0.2278857412976521,3.358378302012921,1.9304851511185905,1.0,0.6138750357709883,54.25
2906.579046457526,304.3762459809663,0.7,10000.0,0.9046425649873645,0.04035330758141919,0.0028823791129585137,14.411895564792568,124.52299479452078,21.13128737942899,103.39170741509179,103.39170741509172,31.469979768568074,777.6932647433205,210.2741452434119,210.42857096439516,0.01930321512290689,128.83258855402147,133.37892332390683,0.22731673849426812,3.3582694727376396,1.7900730523811712,1.0,0.6138750357709883,54.300000000000004
2906.579046457526,304.3762459809663,0.7,10000.0,0.9046425649873645,0.04035330758141919,0.0028823791129585137,14.411895564792568,124.52299479452078,21.13128737942899,103.39170741509179,103.39170741509172,31.469979768568074,777.6932647433205,210.27510739431446,210.42857096439516,0.019182946260087874,128.84394019548205,133.37892332390683,0.22674915642123922,3.358160915195738,1.7219903796922005,1.0,0.6138750357709883,54.35
2906.579046457526,304.3762459809663,0.7,10000.0,0.9046425649873645,0.04035330758141919,0.0028823791129585137,14.411895564792568,124.52299479452078,21.13128737942899,103.39170741509179,103.39170741509172,31.469979768568074,777.6932647433205,210.2760635505268,210.42857096439516,0.01906342673354544,128.8552634932833,133.37892332390683,0.22618299153117646,3.3580526287087316,1.7863633951095907,1.0,0.6138750357709883,54.400000000000006
2906.579046457526,304.3762459809663,0.7,10000.0,0.9046425649873645,0.04035330758141919,0.0028823791129585137,14.411895564792568,124.52299479452078,21.13128737942899,103.39170741509179,103.39170741509172,31.469979768568074,777.6932647433205,210.2770137493989,210.42857096439516,0.018944651874534202,128.8665585181959,133.37892332390683,0.22561824028554725,3.357944612599829,1.9263419686138277,1.0,0.6138750357709883,54.45
2906.579046457526,304.3762459809663,0.7,10000.0,0.9046425649873645,0.04035330758141919,0.0028823791129585137,14.411895564792568,124.52299479452078,21.13128737942899,103.39170741509179,103.39170741509172,31.469979768568074,777.6932647433205,210.277958028048,210.42857096439516,0.018826617043394833,128.87782534081376,133.37892332390683,0.22505489915465376,3.3578368661939297,2.0183059768960336,1.0,0.6138750357709883,54.5
2906.579046457526,304.3762459809663,0.7,10000.0,0.9046425649873645,0.04035330758141919,0.0028823791129585137,14.411895564792568,124.52299479452078,21.13128737942899,103.39170741509179,103.39170741509172,31.469979768568074,777.6932647433205,210.27889642336015,210.42857096439516,0.018709317629376443,128.88906403155457,133.37892332390683,0.2244929646176132,3.357729388817618,1.9810386897151284,1.0,0.6138750357709883,54.550000000000004
2906.579046457526,304.3762459809663,0.7,10000.0,0.9046425649873645,0.04035330758141919,0.0028823791129585137,14.411895564792568,124.52299479452078,21.13128737942899,103.39170741509179,103.39170741509172,31.469979768568074,777.6932647433205,210.2798289719915,210.42857096439516,0.018592749050458934,128.9002746606602,133.37892332390683,0.22393243316233225,3.3576221797991597,1.8474521915520368,1.0,0.6138750357709883,54.6
2906.579046457526,304.3762459809663,0.7,10000.0,0.9046425649873645,0.04035330758141919,0.0028823791129585137,14.411895564792568,124.52299479452078,21.13128737942899,103.39170741509179,103.39170741509172,31.469979768568074,777.6932647433205,210.28075571036985,210.42857096439516,0.018476906753164712,128.9114572981971,133.37892332390683,0.223373301285487,3.3575152384684985,1.7355215336014522,1.0,0.6138750357709883,54.650000000000006
2906.579046457526,304.3762459809663,0.7,10000.0,0.9046425649873645,0.04035330758141919,0.0028823791129585137,14.411895564792568,124.52299479452078,21.13128737942899,103.39170741509179,103.39170741509172,31.469979768568074,777.6932647433205,210.28167667469606,210.42857096439516,0.018361786212388154,128.9226120140568,133.37892332390683,0.22281556549250184,3.3574085641572506,1.7440967140559636,1.0,0.6138750357709883,54.7
2906.579046457526,304.3762459809663,0.7,10000.0,0.9046425649873645,0.04035330758141919,0.0028823791129585137,14.411895564792568,124.52299479452078,21.13128737942899,103.39170741509179,103.39170741509172,31.469979768568074,777.6932647433205,210.2825919009454,210.42857096439516,0.018247382931221523,128.9337388779563,133.37892332390683,0.22225922229752654,3.3573021561987013,1.8656046819932421,1.0,0.6138750357709883,54.75
2906.579046457526,304.3762459809663,0.7,10000.0,0.9046425649873645,0.04035330758141919,0.0028823791129585137,14.411895564792568,124.52299479452078,21.13128737942899,103.39170741509179,103.39170741509172,31.469979768568074,777.6932647433205,210.283501424869,210.42857096439516,0.018133692440770233,128.94483795943856,133.37892332390683,0.2217042682234137,3.3571960139278003,1.9927373715901793,1.0,0.6138750357709883,54.800000000000004
2906.579046457526,304.3762459809663,0.7,10000.0,0.9046425649873645,0.04035330758141919,0.0028823791129585137,14.411895564792568,124.52299479452078,21.13128737942899,103.39170741509179,103.39170741509172,31.469979768568074,777.6932647433205,210.28440528199528,210.42857096439516,0.018020710299985865,128.95590932787286,133.37892332390683,0.22115069980169863,3.3570901366811583,2.0132193226022337,1.0,0.6138750357709883,54.85
2906.579046457526,304.3762459809663,0.7,10000.0,0.9046425649873645,0.04035330758141919,0.0028823791129585137,14.411895564792568,124.52299479452078,21.13128737942899,103.39170741509179,103.39170741509172,31.469979768568074,777.6932647433205,210.28530350763126,210.42857096439516,0.017908432095488536,128.96695305245527,133.37892332390683,0.22059851357257826,3.356984523797042,1.9089621858890284,1.0,0.6138750357709883,54.900000000000006
2906.579046457526,304.3762459809663,0.7,10000.0,0.9046425649873645,0.04035330758141919,0.0028823791129585137,14.411895564792568,124.52299479452078,21.13128737942899,103.39170741509179,103.39170741509172,31.469979768568074,777.6932647433205,210.28619613686396,210.42857096439516,0.017796853441399918,128.97796920220912,133.37892332390683,0.2200477060848854,3.3568791746153708,1.772039196472685,1.0,0.6138750357709883,54.95
2906.579046457526,304.3762459809663,0.7,10000.0,0.9046425649873645,0.04035330758141919,0.0028823791129585137,14.411895564792568,124.52299479452078,21.13128737942899,103.39170741509179,103.39170741509172,31.469979768568074,777.6932647433205,210.28708320456187,210.42857096439516,0.017685969979162053,128.9889578459854,133.37892332390683,0.2194982738960718,3.3567740884777115,1.7233719812260198,1.0,0.6138750357709883,55.0
2906.579046457526,304.3762459809663,0.7,10000.0,0.9046425649873645,0.04035330758141919,0.0028823791129585137,14.411895564792568,124.52299479452078,21.13128737942899,103.39170741509179,103.39170741509172,31.469979768568074,777.6932647433205,210.28796474537617,210.42857096439516,0.017575777377373925,128.99991905246313,133.37892332390683,0.21895021357218525,3.356669264727276,1.8059403119761142,1.0,0.6138750357709883,55.050000000000004
2906.579046457526,304.3762459809663,0.7,10000.0,0.9046425649873645,0.04035330758141919,0.0028823791129585137,14.411895564792568,124.52299479452078,21.13128737942899,103.39170741509179,103.39170741509172,31.469979768568074,777.6932647433205,210.28884079374217,210.42857096439516,0.017466271331624483,129.01085289014992,133.37892332390683,0.21840352168784563,3.3565647027089147,1.9468251199454463,1.0,0.6138750357709883,55.1
2906.579046457526,304.3762459809663,0.7,10000.0,0.9046425649873645,0.04035330758141919,0.0028823791129585137,14.411895564792568,124.52299479452078,21.13128737942899,103.39170741509179,103.39170741509172,31.469979768568074,777.6932647433205,210.28971138388061,210.42857096439516,0.017357447564318562,129.02175942738228,133.37892332390683,0.2178581948262277,3.3564604017691155,2.021605953506826,1.0,0.6138750357709883,55.150000000000006
2906.579046457526,304.3762459809663,0.7,10000.0,0.9046425649873645,0.04035330758141919,0.0028823791129585137,14.411895564792568,124.52299479452078,21.13128737942899,103.39170741509179,103.39170741509172,31.469979768568074,777.6932647433205,210.29057654979903,210.42857096439516,0.017249301824517005,129.0326387323261,133.37892332390683,0.21731422957903704,3.3563563612559966,1.9642411633238572,1.0,0.6138750357709883,55.2
2906.579046457526,304.3762459809663,0.7,10000.0,0.9046425649873645,0.04035330758141919,0.0028823791129585137,14.411895564792568,124.52299479452078,21.13128737942899,103.39170741509179,103.39170741509172,31.469979768568074,777.6932647433205,210.29143632529306,210.42857096439516,0.017141829887762583,129.04349087297706,133.37892332390683,0.21677162254648863,3.356252580519305,1.8253916631239482,1.0,0.6138750357709883,55.25
2906.579046457526,304.3762459809663,0.7,10000.0,0.9046425649873645,0.04035330758141919,0.0028823791129585137,14.411895564792568,124.52299479452078,21.13128737942899,103.39170741509179,103.39170741509172,31.469979768568074,777.6932647433205,210.29229074394783,210.42857096439516,0.01703502755591657,129.05431591716112,133.37892332390683,0.21623037033728565,3.35614905891041,1.7276804508874284,1.0,0.6138750357709883,55.300000000000004
2906.579046457526,304.3762459809663,0.7,10000.0,0.9046425649873645,0.04035330758141919,0.0028823791129585137,14.411895564792568,124.52299479452078,21.13128737942899,103.39170741509179,103.39170741509172,31.469979768568074,777.6932647433205,210.29313983913917,210.42857096439516,0.016928890656998874,129.06511393253479,133.37892332390683,0.21569046956860233,3.3560457957823018,1.7573998198056753,1.0,0.6138750357709883,55.35
2906.579046457526,304.3762459809663,0.7,10000.0,0.9046425649873645,0.04035330758141919,0.0028823791129585137,14.411895564792568,124.52299479452078,21.13128737942899,103.39170741509179,103.39170741509172,31.469979768568074,777.6932647433205,210.29398364403497,210.42857096439516,0.016823415045024603,129.07588498658572,133.37892332390683,0.21515191686605561,3.3559427904895855,1.8883035240532426,1.0,0.6138750357709883,55.400000000000006
2906.579046457526,304.3762459809663,0.7,10000.0,0.9046425649873645,0.04035330758141919,0.0028823791129585137,14.411895564792568,124.52299479452078,21.13128737942899,103.39170741509179,103.39170741509172,31.469979768568074,777.6932647433205,210.29482219159644,210.42857096439516,0.01671859659984065,129.08662914663304,133.37892332390683,0.21461470886368944,3.3558400423884773,2.0047857844366326,1.0,0.6138750357709883,55.45
2906.579046457526,304.3762459809663,0.7,10000.0,0.9046425649873645,0.04035330758141919,0.0028823791129585137,14.411895564792568,124.52299479452078,21.13128737942899,103.39170741509179,103.39170741509172,31.469979768568074,777.6932647433205,210.29565551457947,210.42857096439516,0.016614431226962267,129.0973464798278,133.37892332390683,0.21407884220395204,3.3557375508368015,2.00397691860566,1.0,0.6138750357709883,55.5
2906.579046457526,304.3762459809663,0.7,10000.0,0.9046425649873645,0.04035330758141919,0.0028823791129585137,14.411895564792568,124.52299479452078,21.13128737942899,103.39170741509179,103.39170741509172,31.469979768568074,777.6932647433205,210.29648364553583,210.42857096439516,0.016510914857416736,129.1080370531533,133.37892332390683,0.21354431353767608,3.3556353151939855,1.886591265129535,1.0,0.6138750357709883,55.550000000000004
2906.579046457526,304.3762459809663,0.7,10000.0,0.9046425649873645,0.04035330758141919,0.0028823791129585137,14.411895564792568,124.52299479452078,21.13128737942899,103.39170741509179,103.39170741509172,31.469979768568074,777.6932647433205,210.2973066168145,210.42857096439516,0.01640804344758351,129.11870093342574,133.37892332390683,0.2130111195240545,3.3555333348210565,1.7562963253560435,1.0,0.6138750357709883,55.6
2906.579046457526,304.3762459809663,0.7,10000.0,0.9046425649873645,0.04035330758141919,0.0028823791129585137,14.411895564792568,124.52299479452078,21.13128737942899,103.39170741509179,103.39170741509172,31.469979768568074,777.6932647433205,210.2981244605629,210.42857096439516,0.01630581297903433,129.12933818729437,133.37892332390683,0.21247925683062335,3.3554316090806364,1.7281602566327872,1.0,0.6138750357709883,55.650000000000006
2906.579046457526,304.3762459809663,0.7,10000.0,0.9046425649873645,0.04035330758141919,0.0028823791129585137,14.411895564792568,124.52299479452078,21.13128737942899,103.39170741509179,103.39170741509172,31.469979768568074,777.6932647433205,210.29893720872815,210.42857096439516,0.01620421945837691,129.13994888124205,133.37892332390683,0.21194872213323918,3.355330137336939,1.8270310353179664,1.0,0.6138750357709883,55.7
2906.579046457526,304.3762459809663,0.7,10000.0,0.9046425649873645,0.04035330758141919,0.0028823791129585137,14.411895564792568,124.52299479452078,21.13128737942899,103.39170741509179,103.39170741509172,31.469979768568074,777.6932647433205,210.29974489305835,210.42857096439516,0.01610325891710218,129.15053308158568,133.37892332390683,0.21141951211605772,3.355228918955766,1.9655923132961426,1.0,0.6138750357709883,55.75
2906.579046457526,304.3762459809663,0.7,10000.0,0.9046425649873645,0.04035330758141919,0.0028823791129585137,14.411895564792568,124.52299479452078,21.13128737942899,103.39170741509179,103.39170741509172,31.469979768568074,777.6932647433205,210.30054754510374,210.42857096439516,0.016002927411427947,129.16109085447653,133.37892332390683,0.2108916234715153,3.3551279533045015,2.021475632019366,1.0,0.6138750357709883,55.800000000000004
2906.579046457526,304.3762459809663,0.7,10000.0,0.9046425649873645,0.04035330758141919,0.0028823791129585137,14.411895564792568,124.52299479452078,21.13128737942899,103.39170741509179,103.39170741509172,31.469979768568074,777.6932647433205,210.30134519621805,210.42857096439516,0.015903221022139036,129.1716222659007,133.37892332390683,0.2103650529003062,3.355027239752111,1.9453284186007223,1.0,0.6138750357709883,55.85
2906.579046457526,304.3762459809663,0.7,10000.0,0.9046425649873645,0.04035330758141919,0.0028823791129585137,14.411895564792568,124.52299479452078,21.13128737942899,103.39170741509179,103.39170741509172,31.469979768568074,777.6932647433205,210.3021378775596,210.42857096439516,0.015804135854445178,129.18212738167958,133.37892332390683,0.20983979711136272,3.354926777669133,1.804399021676166,1.0,0.6138750357709883,55.900000000000006
2906.579046457526,304.3762459809663,0.7,10000.0,0.9046425649873645,0.04035330758141919,0.0028823791129585137,14.411895564792568,124.52299479452078,21.13128737942899,103.39170741509179,103.39170741509172,31.469979768568074,777.6932647433205,210.30292562009262,210.42857096439516,0.01570566803781759,129.19260626747015,133.37892332390683,0.2093158528218339,3.35482656642768,1.7231472709841629,1.0,0.6138750357709883,55.95
2906.579046457526,304.3762459809663,0.7,10000.0,0.9046425649873645,0.04035330758141919,0.0028823791129585137,14.411895564792568,124.52299479452078,21.13128737942899,103.39170741509179,103.39170741509172,31.469979768568074,777.6932647433205,210.30370845458842,210.42857096439516,0.0156078137258433,129.2030589887655,133.37892332390683,0.20879321675706705,3.3547266054014315,1.7733295160033868,1.0,0.6138750357709883,56.0
2906.579046457526,304.3762459809663,0.7,10000.0,0.9046425649873645,0.04035330758141919,0.0028823791129585137,14.411895564792568,124.52299479452078,21.13128737942899,103.39170741509179,103.39170741509172,31.469979768568074,777.6932647433205,210.30448641162656,210.42857096439516,0.015510569096075955,129.21348561089513,133.37892332390683,0.2082718856505849,3.354626893965631,1.910628007509587,1.0,0.6138750357709883,56.050000000000004
2906.579046457526,304.3762459809663,0.7,10000.0,0.9046425649873645,0.04035330758141919,0.0028823791129585137,14.411895564792568,124.52299479452078,21.13128737942899,103.39170741509179,103.39170741509172,31.469979768568074,777.6932647433205,210.30525952159607,210.42857096439516,0.015413930349886584,129.22388619902551,133.37892332390683,0.2077518562440659,3.3545274314970808,2.01378949920071,1.0,0.6138750357709883,56.1
2906.579046457526,304.3762459809663,0.7,10000.0,0.9046425649873645,0.04035330758141919,0.0028823791129585137,14.411895564792568,124.52299479452078,21.13128737942899,103.39170741509179,103.39170741509172,31.469979768568074,777.6932647433205,210.30602781469668,210.42857096439516,0.015317893712310848,129.23426081816035,133.37892332390683,0.20723312528732407,3.3544282173741404,1.991708359663058,1.0,0.6138750357709883,56.150000000000006
2906.579046457526,304.3762459809663,0.7,10000.0,0.9046425649873645,0.04035330758141919,0.0028823791129585137,14.411895564792568,124.52299479452078,21.13128737942899,103.39170741509179,103.39170741509172,31.469979768568074,777.6932647433205,210.3067913209399,210.42857096439516,0.015222455431906923,129.24460953314104,133.37892332390683,0.2067156895382894,3.3543292509767215,1.8638852390598328,1.0,0.6138750357709883,56.2
2906.579046457526,304.3762459809663,0.7,10000.0,0.9046425649873645,0.04035330758141919,0.0028823791129585137,14.411895564792568,124.52299479452078,21.13128737942899,103.39170741509179,103.39170741509172,31.469979768568074,777.6932647433205,210.3075500701503,210.42857096439516,0.015127611780606287,129.25493240864708,133.37892332390683,0.20619954576298766,3.3542305316862837,1.743205342142837,1.0,0.6138750357709883,56.25
2906.579046457526,304.3762459809663,0.7,10000.0,0.9046425649873645,0.04035330758141919,0.0028823791129585137,14.411895564792568,124.52299479452078,21.13128737942899,103.39170741509179,103.39170741509172,31.469979768568074,777.6932647433205,210.30830409196665,210.42857096439516,0.01503335905356451,129.26522950919647,133.37892332390683,0.20568469073551796,3.354132058885831,1.7362454353710672,1.0,0.6138750357709883,56.300000000000004
2906.579046457526,304.3762459809663,0.7,10000.0,0.9046425649873645,0.04035330758141919,0.0028823791129585137,14.411895564792568,124.52299479452078,21.13128737942899,103.39170741509179,103.39170741509172,31.469979768568074,777.6932647433205,210.309053415843,210.42857096439516,0.014939693569019141,129.27550089914612,133.37892332390683,0.20517112123803544,3.354033831959909,1.8491520632616105,1.0,0.6138750357709883,56.35
2906.579046457526,304.3762459809663,0.7,10000.0,0.9046425649873645,0.04035330758141919,0.0028823791129585137,14.411895564792568,124.52299479452078,21.13128737942899,103.39170741509179,103.39170741509172,31.469979768568074,777.6932647433205,210.30979807104993,210.42857096439516,0.014846611668154708,129.28574664269226,133.37892332390683,0.20465883406072863,3.3539358502945977,1.9822133133906896,1.0,0.6138750357709883,56.400000000000006
2906.579046457526,304.3762459809663,0.7,10000.0,0.9046425649873645,0.04035330758141919,0.0028823791129585137,14.411895564792568,124.52299479452078,21.13128737942899,103.39170741509179,103.39170741509172,31.469979768568074,777.6932647433205,210.3105380866756,210.42857096439516,0.014754109714946395,129.2959668038708,133.37892332390683,0.20414782600180104,3.353838113277512,2.017918000035242,1.0,0.6138750357709883,56.45
2906.579046457526,304.3762459809663,0.7,10000.0,0.9046425649873645,0.04035330758141919,0.0028823791129585137,14.411895564792568,124.52299479452078,21.13128737942899,103.39170741509179,103.39170741509172,31.469979768568074,777.6932647433205,210.31127349162696,210.42857096439516,0.014662184096025044,129.30616144655784,133.37892332390683,0.20363809386744974,3.3537406202977955,1.9247340275650022,1.0,0.6138750357709883,56.5
2906.579046457526,304.3762459809663,0.7,10000.0,0.9046425649873645,0.04035330758141919,0.0028823791129585137,14.411895564792568,124.52299479452078,21.13128737942899,103.39170741509179,103.39170741509172,31.469979768568074,777.6932647433205,210.31200431463088,210.42857096439516,0.014570831220535041,129.31633063446986,133.37892332390683,0.20312963447184842,3.3536433707461164,1.7849555205665555,1.0,0.6138750357709883,56.550000000000004
2906.579046457526,304.3762459809663,0.7,10000.0,0.9046425649873645,0.04035330758141919,0.0028823791129585137,14.411895564792568,124.52299479452078,21.13128737942899,103.39170741509179,103.39170741509172,31.469979768568074,777.6932647433205,210.31273058423523,210.42857096439516,0.014480047519992212,129.32647443116437,133.37892332390683,0.20262244463712306,3.353546364014664,1.722025916404923,1.0,0.6138750357709883,56.6
2906.579046457526,304.3762459809663,0.7,10000.0,0.9046425649873645,0.04035330758141919,0.0028823791129585137,14.411895564792568,124.52299479452078,21.13128737942899,103.39170741509179,103.39170741509172,31.469979768568074,777.6932647433205,210.31345232881,210.42857096439516,0.014389829448145264,129.3365929000401,133.37892332390683,0.2021165211933365,3.3534495994971474,1.7915206165978153,1.0,0.6138750357709883,56.650000000000006
2906.579046457526,304.3762459809663,0.7,10000.0,0.9046425649873645,0.04035330758141919,0.0028823791129585137,14.411895564792568,124.52299479452078,21.13128737942899,103.39170741509179,103.39170741509172,31.469979768568074,777.6932647433205,210.31416957654844,210.42857096439516,0.014300173480840783,129.34668610433752,133.37892332390683,0.20161186097846553,3.353353076588787,1.9320663467079824,1.0,0.6138750357709883,56.7
2906.579046457526,304.3762459809663,0.7,10000.0,0.9046425649873645,0.04035330758141919,0.0028823791129585137,14.411895564792568,124.52299479452078,21.13128737942899,103.39170741509179,103.39170741509172,31.469979768568074,777.6932647433205,210.31488235546811,210.42857096439516,0.014211076115881127,129.35675410713918,133.37892332390683,0.20110846083838255,3.353256794686315,2.019542106984687,1.0,0.6138750357709883,56.75
2906.579046457526,304.3762459809663,0.7,10000.0,0.9046425649873645,0.04035330758141919,0.0028823791129585137,14.411895564792568,124.52299479452078,21.13128737942899,103.39170741509179,103.39170741509172,31.469979768568074,777.6932647433205,210.31559069341205,210.42857096439516,0.01412253387288942,129.36679697137015,133.37892332390683,0.20060631762683415,3.3531607531879684,1.976694900765705,1.0,0.6138750357709883,56.800000000000004
2906.579046457526,304.3762459809663,0.7,10000.0,0.9046425649873645,0.04035330758141919,0.0028823791129585137,14.411895564792568,124.52299479452078,21.13128737942899,103.39170741509179,103.39170741509172,31.469979768568074,777.6932647433205,210.31629461804977,210.42857096439516,0.01403454329317455,129.37681475979835,133.37892332390683,0.20010542820542412,3.3530649514934883,1.841364640141865,1.0,0.6138750357709883,56.85
2906.579046457526,304.3762459809663,0.7,10000.0,0.9046425649873645,0.04035330758141919,0.0028823791129585137,14.411895564792568,124.52299479452078,21.13128737942899,103.39170741509179,103.39170741509172,31.469979768568074,777.6932647433205,210.31699415687842,210.42857096439516,0.013947100939592616,129.386807535035,133.37892332390683,0.19960578944359214,3.3529693890041132,1.7330663557869466,1.0,0.6138750357709883,56.900000000000006
2906.579046457526,304.3762459809663,0.7,10000.0,0.9046425649873645,0.04035330758141919,0.0028823791129585137,14.411895564792568,124.52299479452078,21.13128737942899,103.39170741509179,103.39170741509172,31.469979768568074,777.6932647433205,210.31768933722387,210.42857096439516,0.013860203396411919,129.39677535953496,133.37892332390683,0.1991073982185938,3.3528740651225775,1.7474421658531123,1.0,0.6138750357709883,56.95
2906.579046457526,304.3762459809663,0.7,10000.0,0.9046425649873645,0.04035330758141919,0.0028823791129585137,14.411895564792568,124.52299479452078,21.13128737942899,103.39170741509179,103.39170741509172,31.469979768568074,777.6932647433205,210.31838018624165,210.42857096439516,0.013773847269188622,129.4067182955972,133.37892332390683,0.19861025141548225,3.3527789792531064,1.8717962743450662,1.0,0.6138750357709883,57.0
2906.579046457526,304.3762459809663,0.7,10000.0,0.9046425649873645,0.04035330758141919,0.0028823791129585137,14.411895564792568,124.52299479452078,21.13128737942899,103.39170741509179,103.39170741509172,31.469979768568074,777.6932647433205,210.31906673091814,210.42857096439516,0.013688029184628192,129.41663640536507,133.37892332390683,0.1981143459270882,3.3526841308014137,1.9963070861354753,1.0,0.6138750357709883,57.050000000000004
2906.579046457526,304.3762459809663,0.7,10000.0,0.9046425649873645,0.04035330758141919,0.0028823791129585137,14.411895564792568,124.52299479452078,21.13128737942899,103.39170741509179,103.39170741509172,31.469979768568074,777.6932647433205,210.3197489980716,210.42857096439516,0.013602745790446846,129.4265297508268,133.37892332390683,0.1976196786540015,3.352589519174695,2.0110146157686226,1.0,0.6138750357709883,57.1
2906.579046457526,304.3762459809663,0.7,10000.0,0.9046425649873645,0.04035330758141919,0.0028823791129585137,14.411895564792568,124.52299479452078,21.13128737942899,103.39170741509179,103.39170741509172,31.469979768568074,777.6932647433205,210.32042701435313,210.42857096439516,0.01351799375525431,129.43639839381584,133.37892332390683,0.19712624650454985,3.3524951437816286,1.902930113742821,1.0,0.6138750357709883,57.150000000000006
2906.579046457526,304.3762459809663,0.7,10000.0,0.9046425649873645,0.04035330758141919,0.0028823791129585137,14.411895564792568,124.52299479452078,21.13128737942899,103.39170741509179,103.39170741509172,31.469979768568074,777.6932647433205,210.32110080624787,210.42857096439516,0.013433769768411707,129.44624239601123,133.37892332390683,0.19663404639478016,3.352401004032367,1.767506899330343,1.0,0.6138750357709883,57.2
2906.579046457526,304.3762459809663,0.7,10000.0,0.9046425649873645,0.04035330758141919,0.0028823791129585137,14.411895564792568,124.52299479452078,21.13128737942899,103.39170741509179,103.39170741509172,31.469979768568074,777.6932647433205,210.3217704000759,210.42857096439516,0.013350070539907222,129.45606181893802,133.37892332390683,0.19614307524844038,3.3523070993385367,1.7243420940461094,1.0,0.6138750357709883,57.25
2906.579046457526,304.3762459809663,0.7,10000.0,0.9046425649873645,0.04035330758141919,0.0028823791129585137,14.411895564792568,124.52299479452078,21.13128737942899,103.39170741509179,103.39170741509172,31.469979768568074,777.6932647433205,210.3224358219933,210.42857096439516,0.013266892800231744,129.46585672396765,133.37892332390683,0.19565332999695925,3.3522134291132337,1.8115560931618278,1.0,0.6138750357709883,57.300000000000004
2906.579046457526,304.3762459809663,0.7,10000.0,0.9046425649873645,0.04035330758141919,0.0028823791129585137,14.411895564792568,124.52299479452078,21.13128737942899,103.39170741509179,103.39170741509172,31.469979768568074,777.6932647433205,210.3230970979932,210.42857096439516,0.013184233300243875,129.47562717231827,133.37892332390683,0.19516480757942817,3.3521199927710175,1.9521270707312361,1.0,0.6138750357709883,57.35
2906.579046457526,304.3762459809663,0.7,10000.0,0.9046425649873645,0.04035330758141919,0.0028823791129585137,14.411895564792568,124.52299479452078,21.13128737942899,103.39170741509179,103.39170741509172,31.469979768568074,777.6932647433205,210.3237542539068,210.42857096439516,0.013102088811045576,129.48537322505524,133.37892332390683,0.19467750494257957,3.352026789727912,2.021911730062187,1.0,0.6138750357709883,57.400000000000006
2906.579046457526,304.3762459809663,0.7,10000.0,0.9046425649873645,0.04035330758141919,0.0028823791129585137,14.411895564792568,124.52299479452078,21.13128737942899,103.39170741509179,103.39170741509172,31.469979768568074,777.6932647433205,210.3244073154043,210.42857096439516,0.013020456123857826,129.49509494309143,133.37892332390683,0.19419141904077009,3.3519338194013972,1.9592807233529206,1.0,0.6138750357709883,57.45
2906.579046457526,304.3762459809663,0.7,10000.0,0.9046425649873645,0.04035330758141919,0.0028823791129585137,14.411895564792568,124.52299479452078,21.13128737942899,103.39170741509179,103.39170741509172,31.469979768568074,777.6932647433205,210.32505630799602,210.42857096439516,0.012939332049892727,129.5047923871876,133.37892332390683,0.193706546835962,3.3518410812104085,1.819545749946137,1.0,0.6138750357709883,57.5
2906.579046457526,304.3762459809663,0.7,10000.0,0.9046425649873645,0.04035330758141919,0.0028823791129585137,14.411895564792568,124.52299479452078,21.13128737942899,103.39170741509179,103.39170741509172,31.469979768568074,777.6932647433205,210.32570125703333,210.42857096439516,0.012858713420229151,129.5144656179528,133.37892332390683,0.1932228852977019,3.351748574575332,1.7261118011270873,1.0,0.6138750357709883,57.550000000000004
2906.579046457526,304.3762459809663,0.7,10000.0,0.9046425649873645,0.04035330758141919,0.0028823791129585137,14.411895564792568,124.52299479452078,21.13128737942899,103.39170741509179,103.39170741509172,31.469979768568074,777.6932647433205,210.3263421877096,210.42857096439516,0.012778597085695509,129.52411469584476,133.37892332390683,0.19274043140310368,3.351656298918,1.7614937646024746,1.0,0.6138750357709883,57.6
2906.579046457526,304.3762459809663,0.7,10000.0,0.9046425649873645,0.04035330758141919,0.0028823791129585137,14.411895564792568,124.52299479452078,21.13128737942899,103.39170741509179,103.39170741509172,31.469979768568074,777.6932647433205,210.32697912506129,210.42857096439516,0.012698979916734743,129.53373968117023,133.37892332390683,0.19225918213683002,3.3515642536616905,1.894444553205199,1.0,0.6138750357709883,57.650000000000006
2906.579046457526,304.3762459809663,0.7,10000.0,0.9046425649873645,0.04035330758141919,0.0028823791129585137,14.411895564792568,124.52299479452078,21.13128737942899,103.39170741509179,103.39170741509172,31.469979768568074,777.6932647433205,210.32761209396884,210.42857096439516,0.01261985880329064,129.54334063408544,133.37892332390683,0.19177913449106967,3.3514724382311196,2.0075505337668598,1.0,0.6138750357709883,57.7
2906.579046457526,304.3762459809663,0.7,10000.0,0.9046425649873645,0.04035330758141919,0.0028823791129585137,14.411895564792568,124.52299479452078,21.13128737942899,103.39170741509179,103.39170741509172,31.469979768568074,777.6932647433205,210.32824111915767,210.42857096439516,0.012541230654687041,129.55291761459634,133.37892332390683,0.19130028546552466,3.3513808520524413,2.0009237383352607,1.0,0.6138750357709883,57.75
2906.579046457526,304.3762459809663,0.7,10000.0,0.9046425649873645,0.04035330758141919,0.0028823791129585137,14.411895564792568,124.52299479452078,21.13128737942899,103.39170741509179,103.39170741509172,31.469979768568074,777.6932647433205,210.32886622519916,210.42857096439516,0.012463092399499942,129.5624706825591,133.37892332390683,0.19082263206738617,3.351289494553241,1.8804165287973258,1.0,0.6138750357709883,57.800000000000004
2906.579046457526,304.3762459809663,0.7,10000.0,0.9046425649873645,0.04035330758141919,0.0028823791129585137,14.411895564792568,124.52299479452078,21.13128737942899,103.39170741509179,103.39170741509172,31.469979768568074,777.6932647433205,210.3294874365116,210.42857096439516,0.012385440985443807,129.57199989768043,133.37892332390683,0.19034617131132023,3.3511983651625346,1.7524531651629616,1.0,0.6138750357709883,57.85
2906.579046457526,304.3762459809663,0.7,10000.0,0.9046425649873645,0.04035330758141919,0.0028823791129585137,14.411895564792568,124.52299479452078,21.13128737942899,103.39170741509179,103.39170741509172,31.469979768568074,777.6932647433205,210.33010477736116,210.42857096439516,0.012308273379250778,129.58150531951796,133.37892332390683,0.1898709002194437,3.351107463310762,1.7300427058599095,1.0,0.6138750357709883,57.900000000000006
2906.579046457526,304.3762459809663,0.7,10000.0,0.9046425649873645,0.04035330758141919,0.0028823791129585137,14.411895564792568,124.52299479452078,21.13128737942899,103.39170741509179,103.39170741509172,31.469979768568074,777.6932647433205,210.33071827186274,210.42857096439516,0.012231586566553432,129.5909870074806,133.37892332390683,0.1893968158213113,3.3510167884297877,1.8329766352053933,1.0,0.6138750357709883,57.95
2906.579046457526,304.3762459809663,0.7,10000.0,0.9046425649873645,0.04035330758141919,0.0028823791129585137,14.411895564792568,124.52299479452078,21.13128737942899,103.39170741509179,103.39170741509172,31.469979768568074,777.6932647433205,210.33132794398108,210.42857096439516,0.012155377551760438,129.60044502082894,133.37892332390683,0.18892391515389448,3.350926339952893,1.9703502902956784,1.0,0.6138750357709883,58.0
2906.579046457526,304.3762459809663,0.7,10000.0,0.9046425649873645,0.04035330758141919,0.0028823791129585137,14.411895564792568,124.52299479452078,21.13128737942899,103.39170741509179,103.39170741509172,31.469979768568074,777.6932647433205,210.33193381753156,210.42857096439516,0.012079643357949976,129.60987941867558,133.37892332390683,0.18845219526156284,3.3508361173147736,2.020844045156849,1.0,0.6138750357709883,58.050000000000004
2906.579046457526,304.3762459809663,0.7,10000.0,0.9046425649873645,0.04035330758141919,0.0028823791129585137,14.411895564792568,124.52299479452078,21.13128737942899,103.39170741509179,103.39170741509172,31.469979768568074,777.6932647433205,210.33253591618123,210.42857096439516,0.01200438102674184,129.61929025998555,133.37892332390683,0.18798165319606425,3.3507461199515394,1.9398650449976724,1.0,0.6138750357709883,58.1
2906.579046457526,304.3762459809663,0.7,10000.0,0.9046425649873645,0.04035330758141919,0.0028823791129585137,14.411895564792568,124.52299479452078,21.13128737942899,103.39170741509179,103.39170741509172,31.469979768568074,777.6932647433205,210.3331342634496,210.42857096439516,0.011929587618194404,129.62867760357662,133.37892332390683,0.18751228601651065,3.3506563473007054,1.798928763470101,1.0,0.6138750357709883,58.150000000000006
2906.579046457526,304.3762459809663,0.7,10000.0,0.9046425649873645,0.04035330758141919,0.0028823791129585137,14.411895564792568,124.52299479452078,21.13128737942899,103.39170741509179,103.39170741509172,31.469979768568074,777.6932647433205,210.33372888270972,210.42857096439516,0.011855260210680285,129.63804150811973,133.37892332390683,0.18704409078935527,3.3505667988011925,1.7225011103536574,1.0,0.6138750357709883,58.2
2906.579046457526,304.3762459809663,0.7,10000.0,0.9046425649873645,0.04035330758141919,0.0028823791129585137,14.411895564792568,124.52299479452078,21.13128737942899,103.39170741509179,103.39170741509172,31.469979768568074,777.6932647433205,210.33431979718895,210.42857096439516,0.011781395900776204,129.64738203213932,133.37892332390683,0.18657706458837567,3.350477473893323,1.7780781006897592,1.0,0.6138750357709883,58.25
2906.579046457526,304.3762459809663,0.7,10000.0,0.9046425649873645,0.04035330758141919,0.0028823791129585137,14.411895564792568,124.52299479452078,21.13128737942899,103.39170741509179,103.39170741509172,31.469979768568074,777.6932647433205,210.33490702996997,210.42857096439516,0.011707991803149298,129.65669923401367,133.37892332390683,0.186111204494658,3.3503883720188146,1.9165776912289132,1.0,0.6138750357709883,58.300000000000004
2906.579046457526,304.3762459809663,0.7,10000.0,0.9046425649873645,0.04035330758141919,0.0028823791129585137,14.411895564792568,124.52299479452078,21.13128737942899,103.39170741509179,103.39170741509172,31.469979768568074,777.6932647433205,210.33549060399164,210.42857096439516,0.011635045050439885,129.66599317197534,133.37892332390683,0.1856465075965744,3.350299492620781,2.0156859018253734,1.0,0.6138750357709883,58.35
2906.579046457526,304.3762459809663,0.7,10000.0,0.9046425649873645,0.04035330758141919,0.0028823791129585137,14.411895564792568,124.52299479452078,21.13128737942899,103.39170741509179,103.39170741509172,31.469979768568074,777.6932647433205,210.3360705420499,210.42857096439516,0.011562552793158432,129.6752639041115,133.37892332390683,0.18518297098976716,3.3502108351437263,1.9878766996852364,1.0,0.6138750357709883,58.400000000000006
2906.579046457526,304.3762459809663,0.7,10000.0,0.9046425649873645,0.04035330758141919,0.0028823791129585137,14.411895564792568,124.52299479452078,21.13128737942899,103.39170741509179,103.39170741509172,31.469979768568074,777.6932647433205,210.33664686679865,210.42857096439516,0.011490512199564762,129.68451148836422,133.37892332390683,0.1847205917771305,3.35012239903354,1.857709393505709,1.0,0.6138750357709883,58.45
2906.579046457526,304.3762459809663,0.7,10000.0,0.9046425649873645,0.04035330758141919,0.0028823791129585137,14.411895564792568,124.52299479452078,21.13128737942899,103.39170741509179,103.39170741509172,31.469979768568074,777.6932647433205,210.33721960075064,210.42857096439516,0.01141892045556503,129.69373598253094,133.37892332390683,0.1842593670687947,3.3500341837374963,1.7401394228072375,1.0,0.6138750357709883,58.5
2906.579046457526,304.3762459809663,0.7,10000.0,0.9046425649873645,0.04035330758141919,0.0028823791129585137,14.411895564792568,124.52299479452078,21.13128737942899,103.39170741509179,103.39170741509172,31.469979768568074,777.6932647433205,210.33778876627838,210.42857096439516,0.011347774764598029,129.7029374442648,133.37892332390683,0.1837992939821021,3.3499461887042496,1.7389970661208465,1.0,0.6138750357709883,58.550000000000004
2906.579046457526,304.3762459809663,0.7,10000.0,0.9046425649873645,0.04035330758141919,0.0028823791129585137,14.411895564792568,124.52299479452078,21.13128737942899,103.39170741509179,103.39170741509172,31.469979768568074,777.6932647433205,210.33835438561496,210.42857096439516,0.011277072347525063,129.71211593107492,133.37892332390683,0.18334036964159567,3.3498584133838305,1.855291179807512,1.0,0.6138750357709883,58.6
2906.579046457526,304.3762459809663,0.7,10000.0,0.9046425649873645,0.04035330758141919,0.0028823791129585137,14.411895564792568,124.52299479452078,21.13128737942899,103.39170741509179,103.39170741509172,31.469979768568074,777.6932647433205,210.33891648085498,210.42857096439516,0.011206810442523363,129.7212715003269,133.37892332390683,0.18288259117899627,3.349770857227643,1.9863182406488455,1.0,0.6138750357709883,58.650000000000006
2906.579046457526,304.3762459809663,0.7,10000.0,0.9046425649873645,0.04035330758141919,0.0028823791129585137,14.411895564792568,124.52299479452078,21.13128737942899,103.39170741509179,103.39170741509172,31.469979768568074,777.6932647433205,210.33947507395533,210.42857096439516,0.011136986304979501,129.7304042092431,133.37892332390683,0.1824259557331871,3.349683519688461,2.0163635287951327,1.0,0.6138750357709883,58.7
2906.579046457526,304.3762459809663,0.7,10000.0,0.9046425649873645,0.04035330758141919,0.0028823791129585137,14.411895564792568,124.52299479452078,21.13128737942899,103.39170741509179,103.39170741509172,31.469979768568074,777.6932647433205,210.34003018673613,210.42857096439516,0.011067597207379265,129.73951411490293,133.37892332390683,0.18197046045019505,3.3495964002204244,1.9188929674040531,1.0,0.6138750357709883,58.75
2906.579046457526,304.3762459809663,0.7,10000.0,0.9046425649873645,0.04035330758141919,0.0028823791129585137,14.411895564792568,124.52299479452078,21.13128737942899,103.39170741509179,103.39170741509172,31.469979768568074,777.6932647433205,210.34058184088153,210.42857096439516,0.010998640439204621,129.74860127424336,133.37892332390683,0.18151610248317382,3.3495094982790365,1.7799863222341366,1.0,0.6138750357709883,58.800000000000004
2906.579046457526,304.3762459809663,0.7,10000.0,0.9046425649873645,0.04035330758141919,0.0028823791129585137,14.411895564792568,124.52299479452078,21.13128737942899,103.39170741509179,103.39170741509172,31.469979768568074,777.6932647433205,210.3411300579406,210.42857096439516,0.010930113306820033,129.75766574405915,133.37892332390683,0.18106287899238396,3.34942281332116,1.7223170580460496,1.0,0.6138750357709883,58.85
2906.579046457526,304.3762459809663,0.7,10000.0,0.9046425649873645,0.04035330758141919,0.0028823791129585137,14.411895564792568,124.52299479452078,21.13128737942899,103.39170741509179,103.39170741509172,31.469979768568074,777.6932647433205,210.34167485932815,210.42857096439516,0.010862013133376536,129.7667075810033,133.37892332390683,0.1806107871451772,3.3493363448050126,1.7968149805360394,1.0,0.6138750357709883,58.900000000000006
2906.579046457526,304.3762459809663,0.7,10000.0,0.9046425649873645,0.04035330758141919,0.0028823791129585137,14.411895564792568,124.52299479452078,21.13128737942899,103.39170741509179,103.39170741509172,31.469979768568074,777.6932647433205,210.34221626632555,210.42857096439516,0.010794337258701603,129.77572684158727,133.37892332390683,0.18015982411597803,3.3492500921901667,1.9376882893312513,1.0,0.6138750357709883,58.95
2906.579046457526,304.3762459809663,0.7,10000.0,0.9046425649873645,0.04035330758141919,0.0028823791129585137,14.411895564792568,124.52299479452078,21.13128737942899,103.39170741509179,103.39170741509172,31.469979768568074,777.6932647433205,210.3427543000816,210.42857096439516,0.010727083039196117,129.78472358218153,133.37892332390683,0.17970998708626523,3.349164054937543,2.0205266881398365,1.0,0.6138750357709883,59.0
2906.579046457526,304.3762459809663,0.7,10000.0,0.9046425649873645,0.04035330758141919,0.0028823791129585137,14.411895564792568,124.52299479452078,21.13128737942899,103.39170741509179,103.39170741509172,31.469979768568074,777.6932647433205,210.34328898161326,210.42857096439516,0.010660247847738447,129.79369785901568,133.37892332390683,0.17926127324455762,3.3490782325094086,1.9721726013478236,1.0,0.6138750357709883,59.050000000000004
2906.579046457526,304.3762459809663,0.7,10000.0,0.9046425649873645,0.04035330758141919,0.0028823791129585137,14.411895564792568,124.52299479452078,21.13128737942899,103.39170741509179,103.39170741509172,31.469979768568074,777.6932647433205,210.34382033180663,210.42857096439516,0.010593829073567207,129.802649728179,133.37892332390683,0.17881367978639134,3.348992624369372,1.8353292657586702,1.0,0.6138750357709883,59.1
2906.579046457526,304.3762459809663,0.7,10000.0,0.9046425649873645,0.04035330758141919,0.0028823791129585137,14.411895564792568,124.52299479452078,21.13128737942899,103.39170741509179,103.39170741509172,31.469979768568074,777.6932647433205,210.34434837141762,210.42857096439516,0.010527824122192442,129.81157924562072,133.37892332390683,0.1783672039143056,3.348907229982384,1.730847963079401,1.0,0.6138750357709883,59.150000000000006
2906.579046457526,304.3762459809663,0.7,10000.0,0.9046425649873645,0.04035330758141919,0.0028823791129585137,14.411895564792568,124.52299479452078,21.13128737942899,103.39170741509179,103.39170741509172,31.469979768568074,777.6932647433205,210.34487312107288,210.42857096439516,0.01046223041528549,129.82048646715035,133.37892332390683,0.17792184283782433,3.348822048814727,1.7509998973760614,1.0,0.6138750357709883,59.2
2906.579046457526,304.3762459809663,0.7,10000.0,0.9046425649873645,0.04035330758141919,0.0028823791129585137,14.411895564792568,124.52299479452078,21.13128737942899,103.39170741509179,103.39170741509172,31.469979768568074,777.6932647433205,210.3453946012705,210.42857096439516,0.01039704539058306,129.82937144843802,133.37892332390683,0.17747759377344038,3.3487370803340206,1.8779881691650495,1.0,0.6138750357709883,59.25
2906.579046457526,304.3762459809663,0.7,10000.0,0.9046425649873645,0.04035330758141919,0.0028823791129585137,14.411895564792568,124.52299479452078,21.13128737942899,103.39170741509179,103.39170741509172,31.469979768568074,777.6932647433205,210.34591283238086,210.42857096439516,0.010332266501787757,129.83823424501495,133.37892332390683,0.17703445394459436,3.3486523240092105,1.9996648587707593,1.0,0.6138750357709883,59.300000000000004
2906.579046457526,304.3762459809663,0.7,10000.0,0.9046425649873645,0.04035330758141919,0.0028823791129585137,14.411895564792568,124.52299479452078,21.13128737942899,103.39170741509179,103.39170741509172,31.469979768568074,777.6932647433205,210.34642783464741,210.42857096439516,0.010267891218468606,129.8470749122736,133.37892332390683,0.17659242058166172,3.348567779310569,2.008572896186006,1.0,0.6138750357709883,59.35
2906.579046457526,304.3762459809663,0.7,10000.0,0.9046425649873645,0.04035330758141919,0.0028823791129585137,14.411895564792568,124.52299479452078,21.13128737942899,103.39170741509179,103.39170741509172,31.469979768568074,777.6932647433205,210.34693962818753,210.42857096439516,0.010203917025954468,129.85589350546817,133.37892332390683,0.1761514909219329,3.348483445709692,1.8968452725086575,1.0,0.6138750357709883,59.400000000000006
2906.579046457526,304.3762459809663,0.7,10000.0,0.9046425649873645,0.04035330758141919,0.0028823791129585137,14.411895564792568,124.52299479452078,21.13128737942899,103.39170741509179,103.39170741509172,31.469979768568074,777.6932647433205,210.3474482329932,210.42857096439516,0.010140341425245225,129.8646900797149,133.37892332390683,0.1757116622095964,3.3483993226794944,1.7631526790469347,1.0,0.6138750357709883,59.45
2906.579046457526,304.3762459809663,0.7,10000.0,0.9046425649873645,0.04035330758141919,0.0028823791129585137,14.411895564792568,124.52299479452078,21.13128737942899,103.39170741509179,103.39170741509172,31.469979768568074,777.6932647433205,210.34795366893186,210.42857096439516,0.010077161932912304,129.87346468999243,133.37892332390683,0.17527293169572006,3.3483154096942065,1.7255638635775932,1.0,0.6138750357709883,59.5
2906.579046457526,304.3762459809663,0.7,10000.0,0.9046425649873645,0.04035330758141919,0.0028823791129585137,14.411895564792568,124.52299479452078,21.13128737942899,103.39170741509179,103.39170741509172,31.469979768568074,777.6932647433205,210.34845595574717,210.42857096439516,0.010014376080999199,129.8822173911421,133.37892332390683,0.17483529663823702,3.3482317062293725,1.8172748638014595,1.0,0.6138750357709883,59.550000000000004
2906.579046457526,304.3762459809663,0.7,10000.0,0.9046425649873645,0.04035330758141919,0.0028823791129585137,14.411895564792568,124.52299479452078,21.13128737942899,103.39170741509179,103.39170741509172,31.469979768568074,777.6932647433205,210.34895511305976,210.42857096439516,0.009951981416925548,129.8909482378683,133.37892332390683,0.17439875430192728,3.348148211761845,1.95729239001258,1.0,0.6138750357709883,59.6
2906.579046457526,304.3762459809663,0.7,10000.0,0.9046425649873645,0.04035330758141919,0.0028823791129585137,14.411895564792568,124.52299479452078,21.13128737942899,103.39170741509179,103.39170741509172,31.469979768568074,777.6932647433205,210.34945116036803,210.42857096439516,0.009889975503391213,129.89965728473882,133.37892332390683,0.1739633019584005,3.3480649257697834,2.021961918362712,1.0,0.6138750357709883,59.650000000000006
2906.579046457526,304.3762459809663,0.7,10000.0,0.9046425649873645,0.04035330758141919,0.0028823791129585137,14.411895564792568,124.52299479452078,21.13128737942899,103.39170741509179,103.39170741509172,31.469979768568074,777.6932647433205,210.3499441170489,210.42857096439516,0.009828355918283904,129.9083445861853,133.37892332390683,0.17352893688607623,3.34798184773265,1.9541714575746456,1.0,0.6138750357709883,59.7
2906.579046457526,304.3762459809663,0.7,10000.0,0.9046425649873645,0.04035330758141919,0.0028823791129585137,14.411895564792568,124.52299479452078,21.13128737942899,103.39170741509179,103.39170741509172,31.469979768568074,777.6932647433205,210.35043400235853,210.42857096439516,0.009767120254579709,129.91701019650338,133.37892332390683,0.17309565637017243,3.3478989771312064,1.8137892068448294,1.0,0.6138750357709883,59.75
2906.579046457526,304.3762459809663,0.7,10000.0,0.9046425649873645,0.04035330758141919,0.0028823791129585137,14.411895564792568,124.52299479452078,21.13128737942899,103.39170741509179,103.39170741509172,31.469979768568074,777.6932647433205,210.35092083543316,210.42857096439516,0.009706266120250717,129.92565416985315,133.37892332390683,0.1726634577026843,3.347816313447512,1.72479179138921,1.0,0.6138750357709883,59.800000000000004
2906.579046457526,304.3762459809663,0.7,10000.0,0.9046425649873645,0.04035330758141919,0.0028823791129585137,14.411895564792568,124.52299479452078,21.13128737942899,103.39170741509179,103.39170741509172,31.469979768568074,777.6932647433205,210.35140463528975,210.42857096439516,0.009645791138176207,129.93427656025943,133.37892332390683,0.1722323381823699,3.347733856164918,1.765776036403052,1.0,0.6138750357709883,59.85
2906.579046457526,304.3762459809663,0.7,10000.0,0.9046425649873645,0.04035330758141919,0.0028823791129585137,14.411895564792568,124.52299479452078,21.13128737942899,103.39170741509179,103.39170741509172,31.469979768568074,777.6932647433205,210.3518854208268,210.42857096439516,0.00958569294604672,129.94287742161225,133.37892332390683,0.17180229511472903,3.347651604768066,1.9005472779781751,1.0,0.6138750357709883,59.900000000000006
2906.579046457526,304.3762459809663,0.7,10000.0,0.9046425649873645,0.04035330758141919,0.0028823791129585137,14.411895564792568,124.52299479452078,21.13128737942899,103.39170741509179,103.39170741509172,31.469979768568074,777.6932647433205,210.35236321082505,210.42857096439516,0.009525969196264583,129.951456807667,133.37892332390683,0.1713733258119916,3.3475695587428835,2.010084175312711,1.0,0.6138750357709883,59.95
2906.579046457526,304.3762459809663,0.7,10000.0,0.9046425649873645,0.04035330758141919,0.0028823791129585137,14.411895564792568,124.52299479452078,21.13128737942899,103.39170741509179,103.39170741509172,31.469979768568074,777.6932647433205,210.35283802394824,210.42857096439516,0.009466617555865753,129.96001477204484,133.37892332390683,0.17094542759309944,3.347487717576585,1.997650746488989,1.0,0.6138750357709883,60.0
