rpm,omega,throttle,altitude_ft,air_density,air_flow_kg_s,fuel_flow_kg_s,fuel_flow_l_hr,torque_gross_nm,torque_friction_nm,torque_net_nm,torque_load_nm,power_kw,egt_c,volumetric_efficiency,time_s
2500.0,261.79938779914943,0.5,10000.0,0.9046425649873645,0.024633970907400826,0.0017595693505286305,8.797846752643153,88.07922031351137,19.853981633974485,68.22523867953689,76.48943410844252,17.86132571875361,688.5213333333335,0.4356897959183674,0.0
2481.652253694485,259.8780162990382,0.5,10000.0,0.9046425649873645,0.024444221284248984,0.0017460158060177845,8.730079030088921,88.03123581750732,19.796340488971147,68.23489532853617,75.37082702476387,17.73274924035249,688.5213333333332,0.4355301798701215,0.05
2465.800782978199,258.2180541673423,0.5,10000.0,0.9046425649873645,0.024280264121014528,0.0017343045800724663,8.671522900362332,87.98916304969798,19.74654162502027,68.24262142467771,74.41104486373288,17.621476915558862,688.5213333333334,0.4353899435525067,0.1
2452.0920387883466,256.7824778327829,0.5,10000.0,0.9046425649873645,0.024138454125540543,0.0017241752946814675,8.620876473407337,87.95231674112225,19.703474334983486,68.24884240613876,73.5859608688891,17.52510686226742,688.5213333333334,0.43526691707550885,0.15000000000000002
2440.2259563295625,255.53986458346932,0.5,10000.0,0.9046425649873645,0.024015694935669584,0.001715406781119256,8.57703390559628,87.92007827439214,19.666195937504078,68.25388233688807,72.87549458873303,17.441587849664426,688.5213333333334,0.4351591191797498,0.2
2429.947040539941,254.46345903908457,0.5,10000.0,0.9046425649873645,0.02390934844509501,0.0017078106032210722,8.539053016105361,87.89189336673465,19.633903771172537,68.25798959556211,72.26284361652763,17.36916413954058,688.5213333333335,0.43506475884543677,0.25
2421.037130649543,253.53041545722385,0.5,10000.0,0.9046425649873645,0.023817160946441034,0.0017012257818886452,8.506128909443227,87.8672681717408,19.605912463716717,68.26135570802408,71.73388146309439,17.306329872328686,688.5213333333332,0.4349822290516349,0.30000000000000004
2413.309483997321,252.7211781921519,0.5,10000.0,0.9046425649873645,0.023737202570093603,0.0016955144692924003,8.477572346462,87.84576459001298,19.581635345764557,68.26412924424842,71.27668120002161,17.251791170867794,688.5213333333332,0.43491009604443226,0.35000000000000003
2406.603905882136,252.01897169399402,0.5,10000.0,0.9046425649873645,0.02366781731875286,0.0016905583799109187,8.452791899554594,87.82699528626975,19.56056915081982,68.26642613544993,70.88113529656715,17.204434515880088,688.5213333333332,0.43484708628703833,0.4
2400.782715906664,251.4093781052576,0.5,10000.0,0.9046425649873645,0.02360758161019088,0.0016862558292993486,8.431279146496744,87.81061872027819,19.542281343157725,68.26833737712046,70.53864974558797,17.163300244261766,688.5213333333335,0.43479207248425344,0.45
2395.7273885848176,250.87998546606408,0.5,10000.0,0.9046425649873645,0.02355526970114007,0.001682519264367148,8.412596321835741,87.79633437517553,19.526399563981922,68.26993481119361,70.24189609191703,17.127560253201395,688.5213333333334,0.43474405955779705,0.5
2391.33574147833,250.42009325650073,0.5,10000.0,0.9046425649873645,0.023509824714124373,0.0016792731938660265,8.396365969330134,87.7838782862901,19.51260279769502,68.27127548859508,69.98460898695949,17.096499174594232,688.5213333333332,0.4347021711075171,0.55
2387.51957100723,250.02046481927223,0.5,10000.0,0.9046425649873645,0.023470334255467202,0.0016764524468190858,8.38226223409543,87.77301892160305,19.500613944578166,68.27240497702489,69.76141983654456,17.069498426685357,688.5213333333331,0.4346656366678943,0.6000000000000001
2384.2026566157597,249.67311835644463,0.5,10000.0,0.9046425649873645,0.02343600981771359,0.0016740007012652563,8.370003506326283,87.76355343182756,19.490193550693338,68.27335988113423,69.56771928929163,17.046022662194567,688.5213333333332,0.4346337799210306,0.65
2381.3190698012263,249.3711498513604,0.5,10000.0,0.9046425649873645,0.02340616931862773,0.0016718692370448378,8.359346185224188,87.75530426735274,19.48113449554081,68.27416977181193,69.39954294205964,17.02560822114373,688.5213333333334,0.43460600793097365,0.7000000000000001
2378.8117368097305,249.1085825544875,0.5,10000.0,0.9046425649873645,0.02338022225303084,0.0016700158752164884,8.350079376082443,87.74811614679687,19.473257476634625,68.27485867016225,69.2534758669734,17.00785326743208,688.5213333333334,0.4345818014027735,0.75
2376.6312134329855,248.8802386804421,0.5,10000.0,0.9046425649873645,0.023357657031351054,0.0016684040736679325,8.342020368339663,87.7418533548377,19.46640716041326,68.27544619442443,69.12657249748735,16.992409344882034,688.5213333333334,0.43456070593163876,0.8
2374.734637940465,248.68162975929937,0.5,10000.0,0.9046425649873645,0.023338030156061434,0.0016670021540043881,8.335010770021942,87.73639734346064,19.46044889277898,68.27594845068165,69.01628912539124,16.978974134077422,688.5213333333332,0.4345423241852497,0.8500000000000001
2373.084834223298,248.50886271804217,0.5,10000.0,0.9046425649873645,0.023320956948823527,0.0016657826392016805,8.328913196008402,87.73164460953379,19.455265881541266,68.27637872799252,68.92042681194684,16.96728522819975,688.5213333333335,0.4345263089504263,0.9
2371.649542064105,248.35855927460628,0.5,10000.0,0.9046425649873645,0.02330610359063145,0.0016647216850451036,8.323608425225519,87.72750482183864,19.450756778238187,68.27674804360045,68.83708294489325,16.9571147760639,688.5213333333332,0.4345123569703841,0.9500000000000001
2370.400755346762,248.22778663536945,0.5,10000.0,0.9046425649873645,0.02329318027721855,0.0016637985912298964,8.318992956149483,87.72389917179032,19.446833599061083,68.27706557272924,68.76461000861026,16.948264865076563,688.5213333333334,0.43450020349829244,1.0
2369.3141521842485,248.11399781827882,0.5,10000.0,0.9046425649873645,0.023281935324472577,0.0016629953803194697,8.31497690159735,87.72075892369517,19.443419934548366,68.27733898914681,68.70158039931965,16.940563536991057,688.5213333333332,0.43448961749513443,1.05
2368.3686035258197,248.0149801943144,0.5,10000.0,0.9046425649873645,0.023272150085161685,0.0016622964346544062,8.311482173272031,87.7180241422638,19.440449405829433,68.27757473643436,68.64675632727736,16.933861345972588,688.5213333333334,0.434480397403815,1.1
2367.5457489258524,247.92881106210675,0.5,10000.0,0.9046425649873645,0.023263634560105915,0.0016616881828647081,8.30844091432354,87.71564257706393,19.437864331863203,68.27777824520072,68.59906401581154,16.928028382294794,688.5213333333334,0.43447236743632917,1.1500000000000001
2366.829629908001,247.85381925392085,0.5,10000.0,0.9046425649873645,0.02325622360497207,0.0016611588289265763,8.305794144632882,87.71356868555074,19.435614577617624,68.27795410793311,68.55757154213087,16.922951696495154,688.5213333333334,0.434465374316069,1.2000000000000002
2366.2063728116805,247.78855192341754,0.5,10000.0,0.9046425649873645,0.02324977364885614,0.0016606981177754387,8.303490588877194,87.71176277819154,19.433656557702527,68.27810622048901,68.52146977416348,16.91853306844826,688.5213333333334,0.43445928442269466,1.25
2365.6639142198283,247.73174579251622,0.5,10000.0,0.9046425649873645,0.023244159853321816,0.0016602971323801297,8.30148566190065,87.71019027096666,19.431952373775488,68.27823789719118,68.49005594672319,16.914687073907913,688.5213333333334,0.434453981292199,1.3
2365.191763081982,247.6823022409815,0.5,10000.0,0.9046425649873645,0.023239273651042575,0.0016599481179316125,8.299740589658063,87.7088210321593,19.430469067229446,68.27835196492987,68.46271949322649,16.911339407893873,688.5213333333334,0.43444936342974166,1.35
2364.780794500326,247.63926571174858,0.5,10000.0,0.9046425649873645,0.02323502061201133,0.0016596443294293807,8.298221647146903,87.70762881183857,19.42917797135246,68.27845084048612,68.43892980923547,16.908425430073706,688.5213333333335,0.4344453423974315,1.4000000000000001
2364.423070866952,247.60180498046114,0.5,10000.0,0.9046425649873645,0.023231318592725887,0.0016593798994804204,8.296899497402102,87.70659074378777,19.428054149413832,68.27853659437395,68.41822567381386,16.905888902191457,688.5213333333332,0.43444184114346907,1.4500000000000002
2364.1116866508723,247.56919690160518,0.5,10000.0,0.9046425649873645,0.02322809613006609,0.0016591497235761493,8.295748617880747,87.70568691084524,19.427075907048156,68.2786110037971,68.40020609602843,16.90368089176715,688.5213333333335,0.4344387925429155,1.5
2363.840633651835,247.54081229792152,0.5,10000.0,0.9046425649873645,0.023225291046937973,0.0016589493604955694,8.294746802477848,87.70489996570639,19.426224368937646,68.27867559676875,68.38452238847614,16.90175881985041,688.5213333333332,0.434436138123828,1.55
2363.6046839797327,247.51610370603842,0.5,10000.0,0.9046425649873645,0.02322284924132784,0.0016587749458091313,8.293874729045656,87.70421480020391,19.42548311118115,68.27873168902276,68.3708712987013,16.900085633656932,688.5213333333332,0.43443382695562416,1.6
2363.3992883956994,247.4945947307758,0.5,10000.0,0.9046425649873645,0.02322072363431033,0.001658623116736452,8.29311558368226,87.70361825693767,19.424837841923274,68.2787804150144,68.35898905378126,16.89862908752562,688.5213333333334,0.43443181467932207,1.6500000000000001
2363.220487973927,247.4758707943925,0.5,10000.0,0.9046425649873645,0.02321887325589477,0.0016584909468496266,8.292454734248132,87.70309887788308,19.424276123831774,68.2788227540513,68.34864619399423,16.89736111787483,688.5213333333334,0.4344300626617791,1.7000000000000002
2363.0648373202725,247.45957109605757,0.5,10000.0,0.9046425649873645,0.02321726245045925,0.0016583758893185178,8.29187944659259,87.7026466852759,19.423787132881728,68.27885955239417,68.33964308898197,16.896257299763413,688.5213333333334,0.4344285372582478,1.75
2362.929337821724,247.44538162175073,0.5,10000.0,0.9046425649873645,0.02321586018598397,0.0016582757275702836,8.29137863785142,87.70225299065855,19.42336144865252,68.27889154200602,68.33180604470218,16.89529637432181,688.5213333333335,0.4344272091695078,1.8
2362.8113796056614,247.43302906625033,0.5,10000.0,0.9046425649873645,0.02321463945341453,0.0016581885323867522,8.29094266193376,87.70191022849113,19.42299087198751,68.27891935650362,68.32498392215626,16.894459837749924,688.5213333333335,0.4344260528815419,1.85
2362.708691064378,247.42227554735354,0.5,10000.0,0.9046425649873645,0.023213576744312257,0.0016581126245937326,8.290563122968663,87.70161181118331,19.422668266420605,68.27894354476271,68.31904519972608,16.893731583814475,688.5213333333332,0.43442504617723343,1.9000000000000001
2362.6192949526694,247.41291400842672,0.5,10000.0,0.9046425649873645,0.02321265159652475,0.0016580465426089108,8.290232713044555,87.70135200280292,19.4223874202528,68.27896458255012,68.31387542024552,16.893097592846885,688.5213333333332,0.4344241697108819,1.9500000000000002
2362.5414701979016,247.4047642191652,0.5,10000.0,0.9046425649873645,0.023211846198971372,0.0016579890142122409,8.289945071061204,87.70112580906353,19.422142926574956,68.27898288248858,68.30937497190826,16.892545661166505,688.5213333333334,0.4344234066374994,2.0
2362.4737186757557,247.3976692963571,0.5,10000.0,0.9046425649873645,0.023211145047815882,0.0016579389319868487,8.289694659934243,87.70092888150084,19.42193007889071,68.27899880261013,68.30545715896895,16.892065165654504,688.5213333333334,0.4344227422898663,2.0500000000000003
2362.41473630332,247.39149267675927,0.5,10000.0,0.9046425649873645,0.023210534647317226,0.0016578953319512303,8.289476659756152,87.70075743401271,19.421744780302777,68.27901265370994,68.30204652409991,16.89164685889664,688.5213333333332,0.43442216389721666,2.1
2362.3633878864975,247.38611548312386,0.5,10000.0,0.9046425649873645,0.023210003249532058,0.0016578573749665756,8.289286874832879,87.70060817017206,19.421583464493715,68.27902470567835,68.29907738935371,16.891282690914014,688.5213333333334,0.43442166034020624,2.15
2362.3186852326035,247.38143423215485,0.5,10000.0,0.9046425649873645,0.02320954062780753,0.0016578243305576806,8.289121652788403,87.70047821992506,19.421443026964646,68.27903519296041,68.29649258707788,16.890965654022324,688.5213333333334,0.434421221937497,2.2
2362.2797681031207,247.37735883988543,0.5,10000.0,0.9046425649873645,0.023209137879665755,0.0016577955628332682,8.28897781416634,87.70036508446522,19.421320765196562,68.27904431926865,68.29424235592275,16.89068964781216,688.5213333333332,0.4344208402598887,2.25
2362.245887637196,247.37381088579048,0.5,10000.0,0.9046425649873645,0.023208787255257237,0.0016577705182326597,8.288852591163298,87.70026658822907,19.421214326573715,68.27905226165535,68.29228338036926,16.890449361635735,688.5213333333334,0.43442050796845066,2.3000000000000003
2362.2163919247114,247.37072210200202,0.5,10000.0,0.9046425649873645,0.023208482008059566,0.0016577487148613976,8.288743574306988,87.70018083709508,19.42112166306006,68.27905917403501,68.29057795504475,16.89024017232637,688.5213333333334,0.4344202186735596,2.35
2362.190713449677,247.36803305838455,0.5,10000.0,0.9046425649873645,0.023208216264931587,0.0016577297332093992,8.288648666046997,87.70010618198476,19.421040991751536,68.27906519023323,68.28909325755822,16.890058055173206,688.5213333333335,0.4344199668121489,2.4000000000000004
2362.1683581610964,247.3656920180388,0.5,10000.0,0.9046425649873645,0.02320798491300983,0.0016577132080721306,8.288566040360653,87.70004118716889,19.420970760541163,68.27907042662773,68.28780071572056,16.889899506431174,688.5213333333332,0.4344197475408191,2.45
2362.1488959600765,247.36365394111388,0.5,10000.0,0.9046425649873645,0.023207783501261337,0.0016576988215186669,8.288494107593335,87.69998460267132,19.420909618233416,68.2790749844379,68.28667545686665,16.88976147586986,688.5213333333331,0.43441955664276366,2.5
2362.1319524194328,247.3618796176868,0.5,10000.0,0.9046425649873645,0.02320760815479131,0.0016576862967708078,8.28843148385404,87.69993534024073,19.420856388530602,68.27907895171012,68.2856958286024,16.88964130805945,688.5213333333334,0.4344193904467254,2.5500000000000003
2362.1172015759503,247.36033491296953,0.5,10000.0,0.9046425649873645,0.0232074555002514,0.0016576753928751,8.2883769643755,87.69989245242945,19.420810047389086,68.27908240504037,68.2848429816942,16.88953669126103,688.5213333333332,0.4344192457564306,2.6
2362.1043596562145,247.35899011027954,0.5,10000.0,0.9046425649873645,0.023207322600909405,0.0016576659000649575,8.288329500324787,87.69985511437837,19.420769703308387,68.27908541106999,68.28410050702915,16.889445612935795,688.5213333333332,0.43441911978914716,2.6500000000000004
2362.093179614996,247.35781933910093,0.5,10000.0,0.9046425649873645,0.02320720690012782,0.0016576576357234158,8.28828817861708,87.69982260795692,19.420734580173026,68.2790880277839,68.28345411962594,16.88936632101514,688.5213333333335,0.43441901012218814,2.7
2362.0834463808924,247.35680007720902,0.5,10000.0,0.9046425649873645,0.02320710617216177,0.0016576504408686978,8.28825220434349,87.69979430795509,19.42070400231627,68.27909030563882,68.28289138359096,16.889297290185603,688.5213333333332,0.43441891464633303,2.75
2362.074972717573,247.35591271726125,0.5,10000.0,0.9046425649873645,0.02320701847932764,0.0016576441770948314,8.288220885474157,87.69976967006134,19.420677381517837,68.27909228854351,68.28240147270733,16.889237192538793,688.5213333333334,0.43441883152527433,2.8000000000000003
2362.0675956208906,247.3551401895032,0.5,10000.0,0.9046425649873645,0.023206942134717332,0.0016576387239083808,8.288193619541905,87.69974822039558,19.420654205685096,68.27909401471048,68.28197496203636,16.889184872020977,688.5213333333334,0.4344187591603084,2.85
2362.0611731824342,247.35446763332078,0.5,10000.0,0.9046425649873645,0.023206875669739602,0.0016576339764099717,8.288169882049859,87.69972954639624,19.420634028999622,68.27909551739663,68.2816036465105,16.889139322190303,688.5213333333335,0.43441869615959444,2.9000000000000004
2362.0555818591174,247.35388211131223,0.5,10000.0,0.9046425649873645,0.023206817805863464,0.0016576298432759617,8.288149216379809,87.69971328888639,19.420616463339368,68.27909682554701,68.28128038301924,16.889099666853227,688.5213333333334,0.4344186413113896,2.95
2362.0507140962195,247.35337236037358,0.5,10000.0,0.9046425649873645,0.02320676743001935,0.0016576262450013822,8.28813122500691,87.69969913516623,19.420601170811207,68.27909796435502,68.28099895294338,16.88906514320753,688.5213333333335,0.4344185935607465,3.0
2362.046476258113,247.35292857500488,0.5,10000.0,0.9046425649873645,0.023206723573184523,0.0016576231123703231,8.288115561851615,87.69968681299922,19.420587857250148,68.27909895574908,68.28075394248872,16.88903508716709,688.5213333333335,0.4344185519892262,3.0500000000000003
2362.0427868268357,247.35254221866495,0.5,10000.0,0.9046425649873645,0.02320668539174032,0.0016576203851243084,8.288101925621543,87.69967608537642,19.420576266559948,68.27909981881648,68.28054063851265,16.889008920586242,688.5213333333332,0.4344185157972345,3.1
2362.039574833827,247.35220585954363,0.5,10000.0,0.9046425649873645,0.023206652151242454,0.0016576180108030323,8.28809005401516,87.69966674595811,19.42056617578631,68.2791005701718,68.28035493783757,16.888986140137618,688.5213333333332,0.43441848428864466,3.1500000000000004
2362.0367784946534,247.35191302759014,0.5,10000.0,0.9046425649873645,0.023206623212291912,0.0016576159437351366,8.288079718675684,87.69965861510529,19.420557390827703,68.27910122427758,68.2801932683039,16.888966307629534,688.5213333333334,0.4344184568574091,3.2
2362.0343440204333,247.351658090046,0.5,10000.0,0.9046425649873645,0.02320659801823463,0.0016576141441596165,8.288070720798082,87.69965153642471,19.42054974270138,68.27910179372333,68.28005252004284,16.8889490415765,688.5213333333334,0.4344184329759037,3.25
2362.0322245830966,247.35143614308706,0.5,10000.0,0.9046425649873645,0.023206576084453017,0.0016576125774609297,8.288062887304648,87.69964537376073,19.42054308429261,68.27910228946811,68.27992998564521,16.88893400986068,688.5213333333334,0.43441841218477967,3.3000000000000003
2362.0303794145593,247.35124291748969,0.5,10000.0,0.9046425649873645,0.023206556989043517,0.0016576112135031084,8.288056067515543,87.69964000857676,19.42053728752469,68.27910272105207,68.27982330807492,16.888920923343182,688.5213333333334,0.434418394084129,3.35
2362.0287730224886,247.3510746965054,0.5,10000.0,0.9046425649873645,0.023206540364700604,0.001657610026050043,8.288050130250216,87.69963533767523,19.420532240895163,68.27910309678006,68.27973043532408,16.88890953030204,688.5213333333332,0.434418378325793,3.4000000000000004
2362.0273745075565,247.3509282443642,0.5,10000.0,0.9046425649873645,0.023206525891651165,0.0016576089922607975,8.288044961303989,87.69963127121265,19.420527847330927,68.27910342388172,68.27964958093705,16.88889961159009,688.5213333333335,0.4344183646066657,3.45
2362.0261569690583,247.3508007440308,0.5,10000.0,0.9046425649873645,0.023206513291503316,0.0016576080922502368,8.288040461251185,87.69962773097178,19.420524022320926,68.27910370865087,68.27957918964397,16.888890976419518,688.5213333333334,0.43441835266286416,3.5
2362.025096987447,247.35068974301606,0.5,10000.0,0.9046425649873645,0.023206502321891215,0.0016576073087065154,8.288036543532577,87.69962464885685,19.42052069229048,68.27910395656637,68.2795179074419,16.88888345869179,688.5213333333334,0.4344183422646528,3.5500000000000003
2362.0241741738414,247.35059310620125,0.5,10000.0,0.9046425649873645,0.02320649277181298,0.00165760662655807,8.28803313279035,87.69962196558407,19.420517793186036,68.27910417239804,68.27946455554832,16.888876913802754,688.5213333333331,0.43441833321202467,3.6
2362.023370777827,247.35050897476737,0.5,10000.0,0.9046425649873645,0.023206484457571886,0.001657606032683706,8.28803016341853,87.69961962954126,19.42051526924302,68.27910436029825,68.27941810772535,16.88887121586103,688.5213333333334,0.4344183253308547,3.6500000000000004
2362.022671346019,247.35043573043967,0.5,10000.0,0.9046425649873645,0.023206477219242867,0.0016576055156602048,8.288027578301024,87.69961759579508,19.42051307191319,68.27910452388188,68.27937767053882,16.888866255266418,688.5213333333332,0.43441831846955037,3.7
2362.0220624248045,247.35037196435925,0.5,10000.0,0.9046425649873645,0.023206470917596228,0.0016576050655425878,8.288025327712939,87.69961582522669,19.42051115893078,68.27910466629591,68.27934246617208,16.88886193660171,688.5213333333334,0.4344183124961358,3.75
2362.0215323015605,247.35031644998296,0.5,10000.0,0.9046425649873645,0.02320646543141956,0.0016576046736728257,8.288023368364128,87.69961428377955,19.420509493499488,68.27910479028006,68.27931181746389,16.88885817679732,688.5213333333334,0.43441830729571335,3.8000000000000003
2362.021070779352,247.3502681194903,0.5,10000.0,0.9046425649873645,0.023206460655186098,0.0016576043325132927,8.288021662566463,87.69961294180412,19.420508043584707,68.27910489821942,68.27928513488266,16.888854903533375,688.5213333333335,0.434418302768254,3.85
2362.0206689807933,247.35022604324362,0.5,10000.0,0.9046425649873645,0.02320645649702494,0.0016576040355017814,8.288020177508908,87.6996117734877,19.42050678129731,68.2791049921904,68.27926190518639,16.88885205384866,688.5213333333332,0.4344182988266725,3.9000000000000004
2362.0203191772894,247.35018941190634,0.5,10000.0,0.9046425649873645,0.023206452876953856,0.0016576037769252753,8.288018884626377,87.69961075635787,19.420505682357188,68.27910507400068,68.27924168155023,16.888849572929523,688.5213333333332,0.4344182953951534,3.95
2362.0200146403727,247.350157520875,0.5,10000.0,0.9046425649873645,0.023206449725340802,0.0016576035518100572,8.288017759050286,87.69960987085027,19.42050472562625,68.27910514522401,68.27922407497147,16.888847413055544,688.5213333333334,0.43441829240769175,4.0
2362.0197495122807,247.35012975672615,0.5,10000.0,0.9046425649873645,0.023206446981564568,0.0016576033558260406,8.288016779130203,87.69960909993227,19.420503892701785,68.27910520723049,68.27920874678689,16.888845532681618,688.5213333333335,0.43441828980682407,4.05
2362.019518693282,247.3501055854171,0.5,10000.0,0.9046425649873645,0.023206444592848693,0.001657603185203478,8.28801592601739,87.69960842877536,19.420503167562515,68.27910526121285,68.27919540215856,16.888843895638807,688.5213333333334,0.43441828754252315,4.1000000000000005
2362.0193177435804,247.35008454201355,0.5,10000.0,0.9046425649873645,0.023206442513246293,0.0016576030366604495,8.288015183302248,87.69960784446987,19.420502536260408,68.27910530820947,68.27918378440243,16.888842470438657,688.5213333333335,0.4344182855712353,4.15
2362.0191427979153,247.35006622174637,0.5,10000.0,0.9046425649873645,0.023206440702756296,0.0016576029073397355,8.288014536698677,87.69960733577678,19.42050198665239,68.27910534912439,68.27917367005098,16.888841229667516,688.5213333333334,0.434418283855043,4.2
2362.0189904912154,247.35005027222604,0.5,10000.0,0.9046425649873645,0.023206439126554013,0.001657602794753858,8.28801397376929,87.69960689291138,19.42050150816678,68.2791053847446,68.27916486455479,16.888840149459195,688.5213333333332,0.4344182823609356,4.25
2362.018857893868,247.35003638666427,0.5,10000.0,0.9046425649873645,0.023206437754321255,0.0016576026967372326,8.288013483686163,87.69960650735527,19.420501091599927,68.27910541575534,68.2791571985403,16.88883920903597,688.5213333333334,0.434418281060174,4.3
2362.0187424553696,247.35002429797302,0.5,10000.0,0.9046425649873645,0.023206436559663216,0.0016576026114045153,8.288013057022578,87.69960617169227,19.42050072893919,68.27910544275308,68.27915052455195,16.888838390308837,688.5213333333332,0.43441827992773824,4.3500000000000005
2362.0186419552674,247.35001377362693,0.5,10000.0,0.9046425649873645,0.02320643551960069,0.001657602537114335,8.288012685571676,87.69960587946592,19.420500413208806,68.2791054662571,68.27914471421579,16.88883767752962,688.5213333333332,0.434418278941846,4.4
2362.018554460448,247.35000461119083,0.5,10000.0,0.9046425649873645,0.023206434614128142,0.0016576024724377243,8.288012362188622,87.6996056250553,19.420500138335726,68.27910548671957,68.27913965577024,16.888837056988073,688.5213333333332,0.4344182780835336,4.45
2362.018478287953,247.34999663442582,0.5,10000.0,0.9046425649873645,0.023206433825828876,0.001657602416130634,8.288012080653171,87.69960540356689,19.420499899032773,68.27910550453412,68.27913525191632,16.88883651674812,688.5213333333334,0.4344182773362918,4.5
2362.0184119726096,247.3499896898993,0.5,10000.0,0.9046425649873645,0.023206433139539986,0.001657602367109999,8.288011835549996,87.69960521074027,19.42049969069698,68.27910552004329,68.27913141794612,16.888836046418255,688.5213333333334,0.4344182766857472,4.55
2362.0183542388463,247.34998364403376,0.5,10000.0,0.9046425649873645,0.02320643254206076,0.0016576023244329115,8.288011622164557,87.69960504286652,19.42049950932101,68.2791055335455,68.27912808011341,16.888835636951736,688.5213333333332,0.4344182761193867,4.6000000000000005
2362.018303976158,247.34997838053735,0.5,10000.0,0.9046425649873645,0.023206432021898715,0.0016576022872784796,8.288011436392399,87.69960489671655,19.42049935141612,68.27910554530044,68.27912517421515,16.88883528047249,688.5213333333332,0.4344182756263164,4.65
2362.0182602177456,247.3499737981671,0.5,10000.0,0.9046425649873645,0.02320643156904858,0.0016576022549320414,8.288011274660207,87.69960476947924,19.420499213945014,68.27910555553422,68.2791226443566,16.88883497012367,688.5213333333335,0.43441827519705223,4.7
2362.0182221219184,247.3499698087814,0.5,10000.0,0.9046425649873645,0.023206431174799803,0.0016576022267714146,8.288011133857072,87.69960465870713,19.42049909426344,68.27910556444368,68.27912044187606,16.888834699935742,688.5213333333334,0.4344182748233372,4.75
2362.018188955906,247.34996633564472,0.5,10000.0,0.9046425649873645,0.023206430831569046,0.001657602202254932,8.28801101127466,87.69960456226958,19.42049899006934,68.27910557220025,68.27911852440896,16.888834464711664,688.5213333333332,0.43441827449798304,4.800000000000001
2362.0181600817627,247.3499633119515,0.5,10000.0,0.9046425649873645,0.02320643053275428,0.0016576021809110199,8.288010904555101,87.69960447831156,19.420498899358545,68.27910557895301,68.27911685507291,16.88883425992689,688.5213333333334,0.4344182742147315,4.8500000000000005
2362.0181349440963,247.34996067954125,0.5,10000.0,0.9046425649873645,0.02320643027260783,0.0016576021623291306,8.288010811645654,87.69960440521817,19.420498820386236,68.27910558483194,68.2791154017584,16.888834081642425,688.5213333333332,0.4344182739681343,4.9
2362.0181130593855,247.3499583877797,0.5,10000.0,0.9046425649873645,0.023206430046125798,0.0016576021461518428,8.288010730759215,87.69960434158351,19.420498751633392,68.27910558995012,68.27911413651097,16.88883392642898,688.5213333333334,0.43441827375344816,4.95
2362.01809400668,247.349956392585,0.5,10000.0,0.9046425649873645,0.023206429848951816,0.0016576021320679867,8.288010660339934,87.69960428618352,19.42049869177755,68.27910559440596,68.27911303499369,16.88883379130102,688.5213333333335,0.43441827356654367,5.0
2362.018077419501,247.34995465557972,0.5,10000.0,0.9046425649873645,0.023206429677293257,0.0016576021198066611,8.288010599033306,87.6996042379526,19.420498639667393,68.27910559828521,68.27911207601896,16.888833673659388,688.5213333333334,0.4344182734038256,5.050000000000001
2362.0180629787974,247.34995314335274,0.5,10000.0,0.9046425649873645,0.02320642952784828,0.00165760210913202,8.2880105456601,87.69960419596303,19.420498594300582,68.27910560166245,68.27911124114098,16.88883357124124,688.5213333333335,0.43441827326216415,5.1000000000000005
2362.0180504068016,247.34995182681644,0.5,10000.0,0.9046425649873645,0.02320642939774233,0.0016576020998387377,8.288010499193689,87.69960415940713,19.420498554804492,68.27910560460263,68.27911051430091,16.888833482076574,688.5213333333334,0.4344182731388346,5.15
2362.0180394616928,247.34995068064734,0.5,10000.0,0.9046425649873645,0.023206429284472817,0.0016576020917480584,8.288010458740292,87.69960412758178,19.42049852041942,68.27910560716236,68.27910988151804,16.88883340445032,688.5213333333334,0.43441827303146446,5.2
2362.018029932943,247.34994968279898,0.5,10000.0,0.9046425649873645,0.02320642918586102,0.0016576020847043588,8.288010423521795,87.6996040998748,19.42049849048397,68.27910560939084,68.27910933062084,16.888833336869343,688.5213333333334,0.4344182729379887,5.25
2362.018021637267,247.3499488140778,0.5,10000.0,0.9046425649873645,0.023206429100010147,0.0016576020785721533,8.288010392860766,87.6996040757533,19.420498464422334,68.27910561133096,68.27910885101284,16.888833278033726,688.5213333333335,0.4344182728566092,5.300000000000001
2362.018014415098,247.34994805777404,0.5,10000.0,0.9046425649873645,0.023206429025268854,0.0016576020732334896,8.288010366167448,87.69960405475321,19.420498441733223,68.27910561302,68.2791084334688,16.888833226811762,688.5213333333334,0.4344182727857607,5.3500000000000005
2362.0180081275184,247.34994739934024,0.5,10000.0,0.9046425649873645,0.02320642896019951,0.0016576020685856794,8.288010342928397,87.6996040364707,19.420498421980206,68.2791056144905,68.27910806995733,16.88883318221822,688.5213333333334,0.43441827272408035,5.4
2362.018002653587,247.34994682611148,0.5,10000.0,0.9046425649873645,0.0232064289035505,0.0016576020645393214,8.288010322696607,87.69960402055398,19.420498404783345,68.27910561577063,68.27910775348627,16.888833143395317,688.5213333333332,0.43441827267038174,5.45
2362.017997888013,247.34994632706176,0.5,10000.0,0.9046425649873645,0.0232064288542322,0.0016576020610165857,8.288010305082928,87.69960400669704,19.420498389811854,68.27910561688519,68.27910747796837,16.888833109596334,688.5213333333334,0.43441827262363214,5.5
2362.0179937391313,247.34994589259188,0.5,10000.0,0.9046425649873645,0.023206428811295955,0.001657602057949711,8.288010289748556,87.69960399463322,19.420498376777758,68.27910561785546,68.27910723810403,16.888833080171118,688.5213333333332,0.43441827258293214,5.550000000000001
2362.017990127138,247.34994551434482,0.5,10000.0,0.9046425649873645,0.023206428773915905,0.0016576020552797075,8.288010276398538,87.69960398413055,19.420498365430344,68.2791056187002,68.27910702927947,16.88883305455369,688.5213333333332,0.43441827254749893,5.6000000000000005
2362.017986982557,247.34994518504507,0.5,10000.0,0.9046425649873645,0.023206428741373044,0.0016576020529552175,8.288010264776087,87.69960397498697,19.420498355551352,68.27910561943563,68.27910684747799,16.888833032251306,688.5213333333335,0.434418272516651,5.65
2362.017984244903,247.3499448983586,0.5,10000.0,0.9046425649873645,0.023206428713041415,0.0016576020509315296,8.288010254657648,87.69960396702663,19.420498346950758,68.27910562007588,68.27910668920266,16.888833012834976,688.5213333333334,0.434418272489795,5.7
2362.017981861516,247.34994464877093,0.5,10000.0,0.9046425649873645,0.023206428688376062,0.0016576020491697186,8.288010245848593,87.69960396009643,19.420498339463126,68.2791056206333,68.27910655140904,16.88883299593123,688.5213333333334,0.4344182724664143,5.75
2362.0179797865535,247.34994443148133,0.5,10000.0,0.9046425649873645,0.023206428666902538,0.0016576020476358957,8.28801023817948,87.699603954063,19.42049833294444,68.27910562111856,68.2791064314467,16.88883298121492,688.5213333333332,0.4344182724460592,5.800000000000001
2362.0179779801024,247.34994424231022,0.5,10000.0,0.9046425649873645,0.023206428648207815,0.0016576020463005582,8.288010231502792,87.69960394881035,19.420498327269307,68.27910562154105,68.27910632700815,16.888832968402987,688.5213333333334,0.43441827242833814,5.8500000000000005
2362.017976407416,247.34994407761891,0.5,10000.0,0.9046425649873645,0.023206428631932282,0.00165760204513802,8.2880102256901,87.69960394423738,19.420498322328566,68.27910562190881,68.27910623608454,16.88883295724898,688.5213333333334,0.43441827241291026,5.9
2362.0179750382445,247.34994393423958,0.5,10000.0,0.9046425649873645,0.023206428617762904,0.0016576020441259217,8.288010220629609,87.69960394025621,19.420498318027185,68.27910562222903,68.27910615692696,16.888832947538372,688.5213333333332,0.4344182723994789,5.95
2362.017973846251,247.34994380941436,0.5,10000.0,0.9046425649873645,0.02320642860542712,0.0016576020432447942,8.288010216223972,87.69960393679024,19.42049831428243,68.27910562250781,68.27910608801281,16.888832939084377,688.5213333333334,0.4344182723877856,6.0
2362.0179728085086,247.34994370074222,0.5,10000.0,0.9046425649873645,0.02320642859468766,0.0016576020424776902,8.288010212388452,87.69960393377279,19.420498311022264,68.27910562275054,68.27910602801654,16.888832931724377,688.5213333333334,0.4344182723776055,6.050000000000001
2362.017971905056,247.34994360613285,0.5,10000.0,0.9046425649873645,0.023206428585337942,0.001657602041809853,8.288010209049267,87.69960393114577,19.420498308183987,68.2791056229618,68.27910597578412,16.888832925316787,688.5213333333334,0.4344182723687427,6.1000000000000005
2362.017971118515,247.34994352376648,0.5,10000.0,0.9046425649873645,0.023206428577198134,0.0016576020412284382,8.288010206142191,87.69960392885875,19.420498305712993,68.27910562314575,68.27910593031089,16.88883291973839,688.5213333333334,0.4344182723610268,6.15
2362.0179704337565,247.34994345205877,0.5,10000.0,0.9046425649873645,0.023206428570111664,0.0016576020407222617,8.288010203611309,87.69960392686767,19.420498303561764,68.2791056233059,68.27910589072212,16.88883291488186,688.5213333333334,0.43441827235430946,6.2
2362.0179698376105,247.34994338963045,0.5,10000.0,0.9046425649873645,0.023206428563942217,0.0016576020402815869,8.288010201407936,87.69960392513421,19.420498301688912,68.2791056234453,68.27910585625638,16.888832910653793,688.5213333333332,0.43441827234846137,6.25
2362.0179693186083,247.3499433352807,0.5,10000.0,0.9046425649873645,0.023206428558571135,0.0016576020398979382,8.288010199489692,87.69960392362512,19.42049830005842,68.27910562356669,68.2791058262507,16.88883290697287,688.5213333333334,0.43441827234337,6.300000000000001
2362.0179688667686,247.34994328796412,0.5,10000.0,0.9046425649873645,0.023206428553895098,0.0016576020395639355,8.288010197819677,87.69960392231128,19.420498298638925,68.27910562367236,68.27910580012792,16.88883290376827,688.5213333333334,0.4344182723389375,6.3500000000000005
2362.017968473399,247.34994324677058,0.5,10000.0,0.9046425649873645,0.02320642854982417,0.001657602039273155,8.288010196365775,87.69960392116747,19.420498297403118,68.27910562376435,68.27910577738558,16.888832900978368,688.5213333333332,0.43441827233507857,6.4
2362.0179681309337,247.3499432109077,0.5,10000.0,0.9046425649873645,0.023206428546280043,0.0016576020390200031,8.288010195100016,87.6996039201717,19.42049829632723,68.27910562384446,68.27910575758622,16.888832898549495,688.5213333333334,0.43441827233171904,6.45
2362.0179678327854,247.34994317968568,0.5,10000.0,0.9046425649873645,0.023206428543194546,0.0016576020387996104,8.288010193998053,87.69960391930475,19.42049829539057,68.27910562391418,68.27910574034901,16.888832896434927,688.5213333333335,0.43441827232879426,6.5
2362.0179675732193,247.34994315250398,0.5,10000.0,0.9046425649873645,0.02320642854050833,0.0016576020386077379,8.28801019303869,87.69960391855003,19.42049829457512,68.27910562397491,68.2791057253424,16.888832894594007,688.5213333333332,0.43441827232624797,6.550000000000001
2362.017967347242,247.34994312883973,0.5,10000.0,0.9046425649873645,0.023206428538169722,0.0016576020384406944,8.288010192203473,87.69960391789293,19.42049829386519,68.27910562402774,68.27910571227771,16.8888328929913,688.5213333333334,0.43441827232403113,6.6000000000000005
2362.017967150508,247.34994310823777,0.5,10000.0,0.9046425649873645,0.023206428536133743,0.0016576020382952673,8.288010191476337,87.69960391732086,19.42049829324713,68.27910562407372,68.27910570090368,16.888832891595992,688.5213333333332,0.4344182723221012,6.65
2362.0179669792324,247.34994309030182,0.5,10000.0,0.9046425649873645,0.023206428534361237,0.0016576020381686598,8.2880101908433,87.69960391682288,19.420498292709055,68.27910562411383,68.27910569100152,16.888832890381263,688.5213333333334,0.434418272320421,6.7
2362.0179668301207,247.34994307468688,0.5,10000.0,0.9046425649873645,0.023206428532818093,0.0016576020380584353,8.288010190292177,87.69960391638926,19.420498292240605,68.27910562414866,68.27910568238075,16.8888328893237,688.5213333333334,0.43441827231895824,6.75
2362.017966700305,247.3499430610926,0.5,10000.0,0.9046425649873645,0.02320642853147465,0.001657602037962475,8.288010189812375,87.6996039160118,19.42049829183278,68.27910562417901,68.27910567487554,16.888832888403005,688.5213333333332,0.43441827231768476,6.800000000000001
2362.017966587288,247.3499430492575,0.5,10000.0,0.9046425649873645,0.023206428530305055,0.0016576020378789324,8.288010189394662,87.6996039156832,19.420498291477724,68.27910562420547,68.27910566834154,16.88883288760146,688.5213333333332,0.4344182723165761,6.8500000000000005
2362.017966488896,247.3499430389539,0.5,10000.0,0.9046425649873645,0.023206428529286807,0.0016576020378062004,8.288010189031002,87.69960391539708,19.420498291168617,68.27910562422846,68.2791056626531,16.888832886903625,688.5213333333334,0.43441827231561086,6.9
2362.0179664032366,247.34994302998368,0.5,10000.0,0.9046425649873645,0.023206428528400325,0.0016576020377428804,8.288010188714402,87.699603915148,19.42049829089951,68.2791056242485,68.27910565770077,16.888832886296107,688.5213333333335,0.43441827231477054,6.95
2362.017966328662,247.34994302217424,0.5,10000.0,0.9046425649873645,0.023206428527628564,0.0016576020376877546,8.288010188438774,87.69960391493116,19.42049829066523,68.27910562426592,68.2791056533893,16.888832885767194,688.5213333333335,0.434418272314039,7.0
2362.017966263738,247.3499430153754,0.5,10000.0,0.9046425649873645,0.023206428526956674,0.0016576020376397624,8.288010188198813,87.69960391474237,19.42049829046126,68.2791056242811,68.27910564963575,16.88883288530673,688.5213333333332,0.43441827231340213,7.050000000000001
2362.017966207215,247.34994300945635,0.5,10000.0,0.9046425649873645,0.02320642852637173,0.0016576020375979807,8.288010187989904,87.69960391457805,19.42049829028369,68.27910562429436,68.27910564636794,16.88883288490586,688.5213333333335,0.43441827231284763,7.1000000000000005
2362.017966158007,247.34994300430327,0.5,10000.0,0.9046425649873645,0.023206428525862476,0.0016576020375616055,8.288010187808027,87.69960391443496,19.420498290129096,68.27910562430586,68.279105643523,16.88883288455686,688.5213333333334,0.4344182723123649,7.15
2362.0179661151665,247.34994299981705,0.5,10000.0,0.9046425649873645,0.023206428525419126,0.0016576020375299375,8.288010187649688,87.69960391431037,19.420498289994512,68.27910562431586,68.27910564104621,16.888832884253016,688.5213333333331,0.43441827231194463,7.2
2362.0179660778695,247.34994299591133,0.5,10000.0,0.9046425649873645,0.02320642852503315,0.001657602037502368,8.288010187511839,87.69960391420194,19.42049828987734,68.2791056243246,68.27910563888993,16.8888328839885,688.5213333333335,0.43441827231157876,7.25
2362.017966045399,247.34994299251105,0.5,10000.0,0.9046425649873645,0.02320642852469712,0.0016576020374783657,8.288010187391828,87.69960391410754,19.42049828977533,68.2791056243322,68.27910563701269,16.888832883758212,688.5213333333334,0.43441827231126023,7.300000000000001
2362.0179660171307,247.34994298955078,0.5,10000.0,0.9046425649873645,0.02320642852440457,0.0016576020374574692,8.288010187287346,87.69960391402532,19.420498289686524,68.2791056243388,68.27910563537837,16.88883288355772,688.5213333333334,0.43441827231098296,7.3500000000000005
2362.0179659925207,247.3499429869736,0.5,10000.0,0.9046425649873645,0.023206428524149884,0.0016576020374392774,8.288010187196386,87.69960391395378,19.420498289609206,68.27910562434457,68.27910563395554,16.888832883383177,688.5213333333332,0.43441827231074154,7.4
2362.017965971095,247.3499429847299,0.5,10000.0,0.9046425649873645,0.02320642852392815,0.0016576020374234391,8.288010187117196,87.69960391389147,19.420498289541896,68.27910562434957,68.27910563271682,16.888832883231213,688.5213333333334,0.4344182723105313,7.45
2362.017965952442,247.34994298277655,0.5,10000.0,0.9046425649873645,0.02320642852373511,0.0016576020374096507,8.288010187048254,87.69960391383721,19.420498289483298,68.27910562435392,68.27910563163842,16.88883288309892,688.5213333333334,0.4344182723103483,7.5
2362.0179659362025,247.349942981076,0.5,10000.0,0.9046425649873645,0.023206428523567052,0.0016576020373976466,8.288010186988235,87.69960391379,19.42049828943228,68.27910562435773,68.27910563069956,16.88883288298375,688.5213333333334,0.43441827231018904,7.550000000000001
2362.017965922065,247.34994297959548,0.5,10000.0,0.9046425649873645,0.023206428523420742,0.0016576020373871958,8.28801018693598,87.69960391374887,19.420498289387865,68.27910562436101,68.2791056298822,16.88883288288347,688.5213333333332,0.4344182723100503,7.6000000000000005
2362.0179659097566,247.34994297830656,0.5,10000.0,0.9046425649873645,0.023206428523293365,0.0016576020373780976,8.288010186890489,87.69960391371312,19.420498289349197,68.27910562436392,68.2791056291706,16.888832882796184,688.5213333333335,0.4344182723099296,7.65
2362.017965899041,247.34994297718444,0.5,10000.0,0.9046425649873645,0.02320642852318247,0.0016576020373701764,8.288010186850881,87.69960391368194,19.420498289315532,68.27910562436641,68.2791056285511,16.888832882720184,688.5213333333334,0.43441827230982444,7.7
2362.0179658897123,247.34994297620753,0.5,10000.0,0.9046425649873645,0.02320642852308593,0.0016576020373632806,8.288010186816404,87.69960391365481,19.420498289286225,68.27910562436858,68.27910562801176,16.88883288265402,688.5213333333332,0.43441827230973296,7.75
2362.0179658815905,247.34994297535704,0.5,10000.0,0.9046425649873645,0.023206428523001883,0.0016576020373572774,8.288010186786387,87.69960391363122,19.42049828926071,68.27910562437052,68.27910562754222,16.88883288259643,688.5213333333335,0.4344182723096533,7.800000000000001
2362.01796587452,247.3499429746166,0.5,10000.0,0.9046425649873645,0.02320642852292871,0.0016576020373520507,8.288010186760253,87.69960391361067,19.4204982892385,68.27910562437218,68.27910562713343,16.888832882546282,688.5213333333335,0.4344182723095839,7.8500000000000005
2362.017965868364,247.34994297397196,0.5,10000.0,0.9046425649873645,0.023206428522865002,0.0016576020373475,8.288010186737502,87.69960391359274,19.420498289219157,68.27910562437359,68.27910562677754,16.888832882502616,688.5213333333332,0.43441827230952357,7.9
2362.017965863005,247.34994297341078,0.5,10000.0,0.9046425649873645,0.023206428522809543,0.0016576020373435388,8.288010186717695,87.69960391357718,19.42049828920232,68.27910562437486,68.27910562646771,16.888832882464612,688.5213333333334,0.434418272309471,7.95
2362.0179658583397,247.3499429729222,0.5,10000.0,0.9046425649873645,0.023206428522761263,0.0016576020373400902,8.288010186700452,87.6996039135636,19.420498289187666,68.27910562437594,68.27910562619797,16.888832882431522,688.5213333333334,0.4344182723094252,8.0
2362.017965854278,247.34994297249685,0.5,10000.0,0.9046425649873645,0.023206428522719223,0.0016576020373370874,8.288010186685439,87.6996039135518,19.420498289174905,68.2791056243769,68.27910562596315,16.888832882402717,688.5213333333334,0.43441827230938534,8.05
2362.017965850742,247.34994297212654,0.5,10000.0,0.9046425649873645,0.02320642852268263,0.0016576020373344736,8.288010186672368,87.69960391354154,19.420498289163795,68.27910562437773,68.2791056257587,16.888832882377635,688.5213333333334,0.43441827230935065,8.1
2362.017965847663,247.34994297180415,0.5,10000.0,0.9046425649873645,0.023206428522650768,0.0016576020373321977,8.288010186660989,87.69960391353256,19.420498289154125,68.27910562437843,68.27910562558073,16.888832882355796,688.5213333333332,0.43441827230932045,8.15
2362.017965844983,247.3499429715235,0.5,10000.0,0.9046425649873645,0.023206428522623036,0.0016576020373302168,8.288010186651086,87.69960391352477,19.420498289145705,68.27910562437907,68.27910562542577,16.888832882336793,688.5213333333334,0.4344182723092942,8.200000000000001
2362.017965842649,247.34994297127912,0.5,10000.0,0.9046425649873645,0.023206428522598882,0.0016576020373284916,8.288010186642458,87.69960391351798,19.420498289138372,68.27910562437961,68.27910562529085,16.88883288232024,688.5213333333334,0.43441827230927127,8.25
2362.0179658406178,247.34994297106638,0.5,10000.0,0.9046425649873645,0.023206428522577857,0.0016576020373269898,8.28801018663495,87.69960391351205,19.42049828913199,68.27910562438007,68.27910562517341,16.888832882305824,688.5213333333334,0.43441827230925134,8.3
2362.0179658388492,247.3499429708812,0.5,10000.0,0.9046425649873645,0.02320642852255956,0.001657602037325683,8.288010186628414,87.69960391350696,19.420498289126435,68.27910562438052,68.27910562507117,16.888832882293297,688.5213333333334,0.434418272309234,8.35
2362.0179658373095,247.34994297071995,0.5,10000.0,0.9046425649873645,0.023206428522543624,0.0016576020373245445,8.288010186622722,87.69960391350244,19.420498289121596,68.27910562438085,68.27910562498215,16.88883288228237,688.5213333333332,0.4344182723092189,8.4
2362.0179658359693,247.34994297057958,0.5,10000.0,0.9046425649873645,0.023206428522529753,0.0016576020373235537,8.288010186617768,87.69960391349858,19.420498289117386,68.27910562438119,68.27910562490464,16.888832882272865,688.5213333333334,0.43441827230920577,8.450000000000001
2362.017965834802,247.34994297045736,0.5,10000.0,0.9046425649873645,0.023206428522517676,0.0016576020373226912,8.288010186613455,87.6996039134952,19.42049828911372,68.27910562438147,68.27910562483717,16.88883288226459,688.5213333333335,0.4344182723091943,8.5
2362.017965833786,247.34994297035098,0.5,10000.0,0.9046425649873645,0.02320642852250716,0.00165760203732194,8.2880101866097,87.6996039134922,19.42049828911053,68.27910562438167,68.27910562477845,16.88883288225738,688.5213333333332,0.43441827230918434,8.55
2362.0179658329016,247.34994297025835,0.5,10000.0,0.9046425649873645,0.023206428522498008,0.0016576020373212862,8.288010186606432,87.69960391348965,19.42049828910775,68.2791056243819,68.27910562472731,16.888832882251112,688.5213333333335,0.4344182723091757,8.6
2362.0179658321317,247.34994297017772,0.5,10000.0,0.9046425649873645,0.023206428522490042,0.0016576020373207173,8.288010186603588,87.69960391348741,19.420498289105332,68.27910562438208,68.2791056246828,16.888832882245648,688.5213333333332,0.43441827230916813,8.65
2362.0179658314614,247.34994297010752,0.5,10000.0,0.9046425649873645,0.0232064285224831,0.0016576020373202213,8.288010186601106,87.69960391348545,19.420498289103225,68.27910562438223,68.27910562464403,16.88883288224089,688.5213333333334,0.4344182723091615,8.700000000000001
2362.017965830878,247.3499429700464,0.5,10000.0,0.9046425649873645,0.023206428522477063,0.0016576020373197903,8.288010186598951,87.69960391348376,19.420498289101392,68.27910562438237,68.2791056246103,16.888832882236755,688.5213333333334,0.4344182723091558,8.75
2362.0179658303696,247.3499429699932,0.5,10000.0,0.9046425649873645,0.023206428522471807,0.0016576020373194147,8.288010186597074,87.69960391348228,19.420498289099797,68.27910562438248,68.27910562458092,16.88883288223315,688.5213333333332,0.4344182723091508,8.8
2362.0179658299276,247.34994296994688,0.5,10000.0,0.9046425649873645,0.023206428522467223,0.0016576020373190875,8.288010186595438,87.69960391348097,19.420498289098404,68.27910562438257,68.27910562455536,16.888832882230005,688.5213333333334,0.4344182723091465,8.85
2362.0179658295424,247.34994296990655,0.5,10000.0,0.9046425649873645,0.023206428522463244,0.0016576020373188032,8.288010186594017,87.69960391347989,19.420498289097196,68.2791056243827,68.27910562453309,16.888832882227284,688.5213333333335,0.4344182723091427,8.9
2362.0179658292072,247.34994296987145,0.5,10000.0,0.9046425649873645,0.02320642852245977,0.0016576020373185551,8.288010186592777,87.6996039134789,19.420498289096145,68.27910562438275,68.2791056245137,16.888832882224904,688.5213333333334,0.43441827230913943,8.950000000000001
2362.017965828915,247.34994296984087,0.5,10000.0,0.9046425649873645,0.023206428522456753,0.0016576020373183394,8.288010186591697,87.69960391347806,19.420498289095224,68.27910562438284,68.27910562449682,16.888832882222836,688.5213333333331,0.43441827230913654,9.0
2362.017965828661,247.34994296981426,0.5,10000.0,0.9046425649873645,0.02320642852245412,0.0016576020373181514,8.288010186590757,87.6996039134773,19.42049828909443,68.27910562438288,68.27910562448213,16.888832882221028,688.5213333333334,0.43441827230913405,9.05
2362.0179658284396,247.3499429697911,0.5,10000.0,0.9046425649873645,0.02320642852245183,0.0016576020373179879,8.28801018658994,87.69960391347666,19.420498289093732,68.27910562438294,68.27910562446934,16.888832882219464,688.5213333333335,0.4344182723091319,9.1
2362.0179658282473,247.34994296977092,0.5,10000.0,0.9046425649873645,0.023206428522449838,0.0016576020373178456,8.288010186589228,87.6996039134761,19.42049828909313,68.27910562438296,68.2791056244582,16.888832882218093,688.5213333333334,0.43441827230913,9.15
2362.0179658280795,247.34994296975336,0.5,10000.0,0.9046425649873645,0.023206428522448103,0.0016576020373177216,8.288010186588608,87.69960391347563,19.4204982890926,68.27910562438302,68.2791056244485,16.888832882216906,688.5213333333332,0.43441827230912833,9.200000000000001
2362.0179658279335,247.34994296973807,0.5,10000.0,0.9046425649873645,0.02320642852244659,0.0016576020373176136,8.28801018658807,87.69960391347519,19.42049828909214,68.27910562438305,68.27910562444006,16.88883288221587,688.5213333333335,0.43441827230912694,9.25
2362.017965827806,247.34994296972476,0.5,10000.0,0.9046425649873645,0.023206428522445272,0.0016576020373175195,8.288010186587597,87.6996039134748,19.420498289091743,68.27910562438306,68.27910562443272,16.888832882214963,688.5213333333332,0.43441827230912566,9.3
2362.0179658276957,247.34994296971317,0.5,10000.0,0.9046425649873645,0.02320642852244413,0.001657602037317438,8.28801018658719,87.69960391347452,19.420498289091395,68.27910562438312,68.27910562442632,16.888832882214185,688.5213333333334,0.4344182723091246,9.35
2362.0179658275993,247.34994296970308,0.5,10000.0,0.9046425649873645,0.02320642852244313,0.0016576020373173666,8.288010186586835,87.6996039134742,19.420498289091093,68.2791056243831,68.27910562442075,16.888832882213492,688.5213333333334,0.43441827230912367,9.4
2362.0179658275156,247.3499429696943,0.5,10000.0,0.9046425649873645,0.023206428522442268,0.0016576020373173048,8.288010186586524,87.699603913474,19.42049828909083,68.27910562438316,68.27910562441589,16.888832882212906,688.5213333333332,0.43441827230912283,9.450000000000001
2362.0179658274424,247.34994296968665,0.5,10000.0,0.9046425649873645,0.023206428522441508,0.0016576020373172506,8.288010186586252,87.69960391347377,19.4204982890906,68.27910562438316,68.27910562441168,16.888832882212387,688.5213333333334,0.4344182723091221,9.5
2362.0179658273787,247.34994296968,0.5,10000.0,0.9046425649873645,0.02320642852244085,0.0016576020373172036,8.28801018658602,87.69960391347358,19.4204982890904,68.27910562438318,68.279105624408,16.888832882211936,688.5213333333335,0.43441827230912144,9.55
2362.0179658273237,247.3499429696742,0.5,10000.0,0.9046425649873645,0.02320642852244028,0.0016576020373171628,8.288010186585813,87.69960391347341,19.420498289090226,68.27910562438319,68.2791056244048,16.888832882211542,688.5213333333334,0.43441827230912095,9.600000000000001
2362.017965827275,247.34994296966914,0.5,10000.0,0.9046425649873645,0.02320642852243978,0.0016576020373171272,8.288010186585636,87.69960391347328,19.420498289090073,68.2791056243832,68.279105624402,16.8888328822112,688.5213333333334,0.4344182723091205,9.65
2362.017965827233,247.34994296966477,0.5,10000.0,0.9046425649873645,0.023206428522439346,0.0016576020373170962,8.288010186585481,87.69960391347317,19.42049828908994,68.27910562438322,68.2791056243996,16.888832882210906,688.5213333333335,0.43441827230912006,9.700000000000001
2362.017965827197,247.34994296966093,0.5,10000.0,0.9046425649873645,0.023206428522438968,0.0016576020373170691,8.288010186585346,87.69960391347306,19.420498289089828,68.27910562438322,68.27910562439749,16.888832882210647,688.5213333333334,0.4344182723091197,9.75
2362.017965827165,247.3499429696576,0.5,10000.0,0.9046425649873645,0.02320642852243864,0.0016576020373170457,8.288010186585229,87.69960391347297,19.42049828908973,68.27910562438325,68.27910562439564,16.888832882210423,688.5213333333334,0.43441827230911934,9.8
2362.0179658271372,247.3499429696547,0.5,10000.0,0.9046425649873645,0.02320642852243835,0.0016576020373170251,8.288010186585126,87.69960391347287,19.42049828908964,68.27910562438323,68.27910562439405,16.888832882210224,688.5213333333332,0.4344182723091191,9.850000000000001
2362.017965827113,247.34994296965218,0.5,10000.0,0.9046425649873645,0.0232064285224381,0.0016576020373170071,8.288010186585035,87.6996039134728,19.420498289089565,68.27910562438323,68.27910562439266,16.88883288221005,688.5213333333332,0.4344182723091189,9.9
2362.017965827092,247.34994296965,0.5,10000.0,0.9046425649873645,0.023206428522437886,0.001657602037316992,8.28801018658496,87.69960391347276,19.4204982890895,68.27910562438325,68.27910562439143,16.888832882209904,688.5213333333334,0.43441827230911867,9.950000000000001
2375.9757912971045,248.81160303487263,0.7,10000.0,0.9046425649873645,0.032691224088414746,0.0023350874348867677,11.675437174433839,122.83595628882296,19.46434809104618,103.37160819777678,69.08845060613787,25.720055543981623,688.5213333333334,0.6083760998550389,10.0
2452.407587727638,256.8155220404338,0.7,10000.0,0.9046425649873645,0.03379840586022804,0.0024141718471591455,12.070859235795727,123.13443754583523,19.704465661213014,103.4299718846222,73.604900994765,26.56242222417664,688.5213333333332,0.6093776739740763,10.05
2518.744069261189,263.76226214212704,0.7,10000.0,0.9046425649873645,0.03475889946112572,0.002482778532937551,12.413892664687756,123.37842975962877,19.91286786426381,103.46556189536497,77.64071251825067,27.290310659327726,688.5213333333332,0.6101898083377129,10.100000000000001
2576.0663082390724,269.76503297080166,0.7,10000.0,0.9046425649873645,0.03558834543978275,0.0025420246742701965,12.710123371350981,123.57796306748499,20.09295098912405,103.48501207836094,81.21486108333127,27.916637695302846,688.5213333333334,0.6108488110805134,10.15
2625.411462358662,274.9324454265469,0.7,10000.0,0.9046425649873645,0.03630184659843924,0.0025929890427456603,12.964945213728303,123.74131805756174,20.247973362796408,103.49334469476534,84.35604009581485,28.45367834230438,688.5213333333335,0.6113843440208953,10.200000000000001
2667.750928263648,279.3662239280142,0.7,10000.0,0.9046425649873645,0.03691358924351084,0.00263668494596506,13.1834247298253,123.87526748668849,20.38098671784043,103.49428076884806,87.09876357212588,28.912806416538782,688.5213333333332,0.6118204212892528,10.25
2703.9774734171147,283.15985886531655,0.7,10000.0,0.9046425649873645,0.037436621915530925,0.002674044422537923,13.370222112689618,123.98531538781015,20.494795765959495,103.49051962185065,89.48032833065061,29.304360930021502,688.5213333333334,0.6121763636163101,10.3
2734.8992772888632,286.39798259462424,0.7,10000.0,0.9046425649873645,0.03788275206161166,0.00270591086154369,13.52955430771845,124.07591675871113,20.59193947783873,103.48397728087241,91.53856574864609,29.637602324109785,688.5213333333334,0.6124676551635251,10.350000000000001
2761.2390270193428,289.15627473631315,0.7,10000.0,0.9046425649873645,0.03826252673409732,0.0027330376238640943,13.66518811932047,124.15067002794812,20.674688242089395,103.47598178585872,93.31026796083054,29.9207294178815,688.5213333333332,0.6127066813107972,10.4
2783.63651122778,291.50173379791715,0.7,10000.0,0.9046425649873645,0.03858526995095419,0.002756090710782442,13.78045355391221,124.21248026416094,20.745052013937514,103.46742825022343,94.83015906082599,30.160934726551723,688.5213333333332,0.6129033454837916,10.450000000000001
2802.653471641163,293.4931852355269,0.7,10000.0,0.9046425649873645,0.038859155668593374,0.002775653976328098,13.87826988164049,124.26369443833589,20.804795557065805,103.45889888127009,96.13028675413995,30.36448177362425,688.5213333333334,0.6130655740415514,10.5
2818.7797665652156,295.1819268909611,0.7,10000.0,0.9046425649873645,0.039091300824940466,0.0027922357732100334,13.961178866050169,124.30621172437333,20.855457806728833,103.45075391764449,97.23972487877576,30.536792879732943,688.5213333333334,0.6131997232982763,10.55
2832.440153771461,296.61243929403884,0.7,10000.0,0.9046425649873645,0.03928786741409941,0.002806276243864244,14.03138121932122,124.34157244120604,20.898373178821167,103.44319926238487,98.18449608465922,30.682539661595293,688.5213333333335,0.6133109041565641,10.600000000000001
2844.0012070762723,297.823109965044,0.7,10000.0,0.9046425649873645,0.03945416606950406,0.00281815471925029,14.09077359625145,124.371029242388,20.93469329895132,103.43633594343669,98.98764298944378,30.805731254063378,688.5213333333335,0.6134032391792505,10.65
2853.77804231486,298.8469377570742,0.7,10000.0,0.9046425649873645,0.0395947562773468,0.0028281968769533427,14.140984384766716,124.39560384369153,20.965408132712227,103.4301957109793,99.66939330276713,30.90979725984104,688.5213333333332,0.6134800652775102,10.700000000000001
2862.040649978635,299.71219600827453,0.7,10000.0,0.9046425649873645,0.03971354026933964,0.002836681447809974,14.18340723904987,124.41613213157868,20.991365880248235,103.42476625133044,100.24737888669024,30.997663814828723,688.5213333333332,0.6135440931903581,10.75
2869.019720314402,300.4430425447989,0.7,10000.0,0.9046425649873645,0.039813849006188666,0.0028438463575849045,14.219231787924523,124.43330002300242,21.013291276343967,103.42000874665845,100.73688034395065,31.07182208785578,688.5213333333334,0.6135975329388581,10.8
2874.9119090136246,301.06007110250033,0.7,10000.0,0.9046425649873645,0.03989851959588086,0.0028498942568486326,14.249471284243162,124.44767200612635,21.03180213307501,103.41586987305135,101.1510777160627,31.134389137107764,688.5213333333332,0.6136421926383051,10.850000000000001
2879.8845338811457,301.58080316092907,0.7,10000.0,0.9046425649873645,0.03996996410600128,0.0028549974361429488,14.274987180714744,124.4597139069504,21.04742409482787,103.41228981212252,101.50129461207321,31.187161418250675,688.5213333333335,0.6136795565140931,10.9
2884.079720211361,302.02012204611054,0.7,10000.0,0.9046425649873645,0.04003023011541271,0.0028593021511009076,14.296510755504539,124.46981110512884,21.06060366138332,103.40920744374552,101.79722799875422,31.231661452851583,688.5213333333332,0.6137108467008343,10.950000000000001
2887.6180291413507,302.3906528907968,0.7,10000.0,0.9046425649873645,0.040081053575529074,0.0028629323982520766,14.314661991260385,124.47828316056753,21.0717195867239,103.40656357384363,102.04715936258614,31.26917827228826,688.5213333333334,0.61373707238735,11.0
2890.6016121899083,302.7030929770209,0.7,10000.0,0.9046425649873645,0.04012390466565219,0.0028659931904037278,14.329965952018638,124.48539560351017,21.081092789310627,103.40430281419954,102.25814534760615,31.300802288990667,688.5213333333334,0.6137590690674902,11.05
2893.1169389353236,302.96649737784674,0.7,10000.0,0.9046425649873645,0.04016002736730495,0.002868573383378925,14.342866916894625,124.49136947626542,21.088994921335402,103.40237455493002,102.4361875632753,31.32745523945933,688.5213333333332,0.6137775300308775,11.100000000000001
2895.237145102703,303.1885248484979,0.7,10000.0,0.9046425649873645,0.040190473475573425,0.002870748105398102,14.35374052699051,124.49638908618415,21.095655745454934,103.40073334072922,102.58638226538596,31.349915809828584,688.5213333333334,0.6137930317436532,11.15
2897.024046495946,303.3756487248213,0.7,10000.0,0.9046425649873645,0.04021613172968875,0.002872580837834911,14.362904189174554,124.50060832962488,21.10126946174464,103.39933886788025,102.71305121095409,31.368841506760802,688.5213333333335,0.613806054396958,11.200000000000001
2898.529861115186,303.5333372630037,0.7,10000.0,0.9046425649873645,0.040237752693178086,0.0028741251923698635,14.370625961849319,124.50415586925693,21.10600011789011,103.39815575136683,102.81985530229827,31.384787282052212,688.5213333333334,0.6138169986152203,11.25
2899.798678061904,303.6662074629557,0.7,10000.0,0.9046425649873645,0.04025596995445154,0.0028754264253179674,14.377132126589839,124.50713938712067,21.10998622388867,103.397153163232,102.9098927593073,31.398221363545016,688.5213333333334,0.6138261990973704,11.3
2900.8677078611995,303.77815600175353,0.7,10000.0,0.9046425649873645,0.040271318157254196,0.0028765227255181567,14.382613627590784,124.50964908940392,21.113344680052606,103.39630440935132,102.98578355922949,31.40953869086872,688.5213333333332,0.6138339357961224,11.350000000000001
2901.768344887749,303.8724704906255,0.7,10000.0,0.9046425649873645,0.040284248310504284,0.0028774463078931633,14.387231539465818,124.51176060279681,21.116174114718767,103.39558648807804,103.0497418074369,31.419072303959414,688.5213333333334,0.6138404431113352,11.4
2902.527068830157,303.9519238760779,0.7,10000.0,0.9046425649873645,0.040295140770723825,0.0028782243407659874,14.391121703829938,124.51353737413595,21.11855771628234,103.39497965785361,103.10363758321347,31.427102986132546,688.5213333333332,0.6138459174738536,11.450000000000001
2903.166208658269,304.018854442365,0.7,10000.0,0.9046425649873645,0.04030431623864636,0.0028788797313318826,14.394398656659414,124.51503266301208,21.12056563327095,103.39446702974112,103.14904966379589,31.433867422060775,688.5213333333332,0.6138505236190935,11.5
2903.7045894126536,304.0752335431253,0.7,10000.0,0.9046425649873645,0.04031204506511147,0.002879431790365105,14.397158951825524,124.51629119967265,21.122257006293758,103.3940341933789,103.18731038220571,31.439565094317572,688.5213333333334,0.6138543997895883,11.55
2904.1580793267276,304.12272289587634,0.7,10000.0,0.9046425649873645,0.04031855512007469,0.0028798967942910494,14.399483971455247,124.517350566839,21.12368168687629,103.39366887996272,103.21954372906782,31.444364109968895,688.5213333333334,0.6138576620587441,11.600000000000001
2904.5400523122466,304.1627230133822,0.7,10000.0,0.9046425649873645,0.04032403844226735,0.002880288460161953,14.401442300809766,124.51824235315387,21.124881690401466,103.3933606627524,103.24669767114166,31.448406120687487,688.5213333333332,0.6138604079310793,11.65
2904.86177866885,304.19641411866127,0.7,10000.0,0.9046425649873645,0.04032865685538782,0.002880618346813416,14.403091734067079,124.51899311726065,21.12589242355984,103.3931006937008,103.26957153271971,31.451810475633454,688.5213333333335,0.6138627193449795,11.700000000000001
2905.1327549924913,304.2247906929162,0.7,10000.0,0.9046425649873645,0.040332546709272214,0.002880896193519444,14.404480967597221,124.51962519451136,21.126743720787488,103.39288147372388,103.28883917171791,31.45467772548114,688.5213333333334,0.6138646651807025,11.75
2905.3609826278516,304.2486906350027,0.7,10000.0,0.9046425649873645,0.04033582288083853,0.0028811302057741807,14.405651028870903,124.52015737264509,21.127460719050077,103.39269665359501,103.30506858047474,31.457092578078303,688.5213333333335,0.6138663033577356,11.8
2905.5532026077044,304.268819864222,0.7,10000.0,0.9046425649873645,0.040338582149284735,0.002881327296377481,14.406636481887405,124.52060545818762,21.12806459592666,103.39254086226096,103.31873845158806,31.45912639092349,688.5213333333335,0.6138676825905941,11.850000000000001
2905.715093820302,304.2857730723612,0.7,10000.0,0.9046425649873645,0.0403409060426356,0.0028814932887596856,14.407466443798429,124.52098275158164,21.128573192170837,103.39240955941081,103.33025217077687,31.460839272599507,688.5213333333334,0.6138688438600175,11.9
2905.851440118675,304.3000512233383,0.7,10000.0,0.9046425649873645,0.040342863237893156,0.0028816330884209396,14.4081654421047,124.52130044599542,21.129001536700148,103.39229890929528,103.33994963077136,31.462281854197258,688.5213333333332,0.613869821646647,11.950000000000001
2905.966271210014,304.31207630710344,0.7,10000.0,0.9046425649873645,0.04034451158440702,0.0028817508274576443,14.408754137288222,124.52156796224021,21.129362289213105,103.3922056730271,103.34811720155584,31.46349678232996,688.5213333333332,0.6138706449662127,12.0
2906.062981418223,304.32220377642466,0.7,10000.0,0.9046425649873645,0.040345899809337546,0.0028818499863812533,14.409249931906269,124.52179323015504,21.12966611329274,103.3921271168623,103.35499614185515,31.464519977335772,688.5213333333332,0.6138713382386506,12.05
2906.1444297798794,304.3307330289122,0.7,10000.0,0.9046425649873645,0.0403470689549659,0.0028819334967832783,14.409667483916392,124.52198292510252,21.129921990867366,103.39206093423516,103.36078969356119,31.465381693485746,688.5213333333334,0.6138719220181416,12.100000000000001
2906.21302439703,304.33791624042277,0.7,10000.0,0.9046425649873645,0.040348053589875046,0.0028820038278482177,14.410019139241088,124.52214266679903,21.130137487212682,103.39200517958635,103.36566906390384,31.466107412274308,688.5213333333334,0.6138724136065721,12.15
2906.270793515473,304.3439658083596,0.7,10000.0,0.9046425649873645,0.04034888282948026,0.00288206305924859,14.410315296242949,124.52227718652183,21.130318974250788,103.39195821227105,103.36977846873931,31.466718595014765,688.5213333333332,0.6138728275692104,12.200000000000001
2906.3194454122427,304.34906062307545,0.7,10000.0,0.9046425649873645,0.04034958119584965,0.0028821129425606893,14.410564712803447,124.52239046775485,21.130471818692264,103.39191864906257,103.37323938359768,31.46723331685963,688.5213333333334,0.6138731761683098,12.25
2906.360418850465,304.3533513514925,0.7,10000.0,0.9046425649873645,0.04035016934207374,0.002882154953005267,14.410774765026337,124.52248586451383,21.130600540544776,103.39188532396905,103.37615412643572,31.467666800899174,688.5213333333334,0.6138734697277908,12.3
2906.3949255846223,304.3569648882434,0.7,10000.0,0.9046425649873645,0.040350664662487275,0.002882190333034805,14.410951665174029,124.52256620091032,21.130708946647303,103.39185725426302,103.3786088767975,31.468031868066003,688.5213333333334,0.61387371694002,12.350000000000001
2906.4239861668702,304.36000810530004,0.7,10000.0,0.9046425649873645,0.040351081806706,0.0028822201290504283,14.41110064525214,124.52263385493903,21.130800243159,103.39183361178003,103.38067621978587,31.468339316103204,688.5213333333334,0.613873925123925,12.4
2906.4484601088443,304.3625710105104,0.7,10000.0,0.9046425649873645,0.04035143311262213,0.0028822452223301524,14.411226111650763,124.52269082899797,21.130877130315312,103.39181369868265,103.38241728945484,31.468598238770763,688.5213333333334,0.6138741004421967,12.450000000000001
2906.469071287808,304.3647294081242,0.7,10000.0,0.9046425649873645,0.04035172897112258,0.0028822663550801845,14.411331775400924,124.52273880924672,21.130941882243725,103.39179692700299,103.38388357457164,31.468816294706993,688.5213333333334,0.6138742480840864,12.5
2906.4864293463006,304.3665471397589,0.7,10000.0,0.9046425649873645,0.04035197813328732,0.0028822841523776658,14.41142076188833,124.52277921557389,21.130996414192765,103.39178280138113,103.38511843984145,31.46899993388028,688.5213333333332,0.6138743724192633,12.55
2906.5010477166306,304.3680779719201,0.7,10000.0,0.9046425649873645,0.040352187969133556,0.002882299140652397,14.411495703261986,124.52281324366297,21.131042339157602,103.39177090450536,103.38615840736607,31.46915458831739,688.5213333333334,0.6138744771273275,12.600000000000001
2906.513358802204,304.3693671857866,0.7,10000.0,0.9046425649873645,0.040352364685543346,0.002882311763253096,14.41155881626548,124.52284190040683,21.1310810155736,103.39176088483323,103.38703423608102,31.469284832740854,688.5213333333332,0.6138745653068346,12.65
2906.523726763923,304.37045291619893,0.7,10000.0,0.9046425649873645,0.04035251350981086,0.0028823223935579186,14.411611967789593,124.52286603372559,21.13111358748597,103.39175244623962,103.38777183098787,31.46939451986147,688.5213333333334,0.6138746395670842,12.700000000000001
2906.532458289304,304.3713672793986,0.7,10000.0,0.9046425649873645,0.040352638844230335,0.0028823313460164526,14.411656730082264,124.52288635767164,21.13114101838196,103.39174533928968,103.3883930089961,31.469486894322987,688.5213333333334,0.6138747021053959,12.75
2906.5398116624447,304.3721373228332,0.7,10000.0,0.9046425649873645,0.040352744396292696,0.0028823388854494784,14.411694427247394,124.52290347356902,21.131164119684996,103.39173935388402,103.38891614397212,31.469564688666967,688.5213333333334,0.6138747547721738,12.8
2906.5460044028605,304.3727858250931,0.7,10000.0,0.9046425649873645,0.04035283328833791,0.002882345234881279,14.411726174406397,124.52291788781288,21.131183574752793,103.39173431306008,103.38935671003564,31.46963020415397,688.5213333333334,0.613874799125691,12.850000000000001
2906.5512196989357,304.37333196962095,0.7,10000.0,0.9046425649873645,0.04035290814990435,0.0028823505821360253,14.411752910680127,124.52293002685794,21.131199959088626,103.39173006776932,103.38972773914661,31.46968537883059,688.5213333333334,0.6138748364782177,12.9
2906.5556118261507,304.3737919121074,0.7,10000.0,0.9046425649873645,0.04035297119550463,0.002882355085393188,14.41177542696594,124.5229402498394,21.13121375736322,103.39172649247618,103.39004020649762,31.469731844854465,688.5213333333334,0.6138748679348633,12.950000000000001
2906.5593107102736,304.37417925834694,0.7,10000.0,0.9046425649873645,0.040353024290127715,0.002882358877866265,14.411794389331327,124.52294885920104,21.131225377750408,103.39172348145063,103.39030335509862,31.46977097677249,688.5213333333332,0.613874894426285,13.0
2906.562425770407,304.3745054666813,0.7,10000.0,0.9046425649873645,0.04035306900440362,0.0028823620717431156,14.411810358715579,124.52295610964512,21.131235164000437,103.39172094564469,103.39052496914488,31.469803932179715,688.5213333333332,0.613874916736229,13.05
2906.5650491555425,304.37478018693025,0.7,10000.0,0.9046425649873645,0.04035310666106217,0.0028823647615044408,14.411823807522206,124.52296221566905,21.131243405607908,103.39171881006115,103.39071160424778,31.469831685961264,688.5213333333335,0.6138749355247243,13.100000000000001
2906.5672584703148,304.3750115458322,0.7,10000.0,0.9046425649873645,0.04035313837405934,0.0028823670267185244,14.411835133592623,124.52296735791191,21.131250346374966,103.39171701153694,103.39086878133443,31.469855059129973,688.5213333333332,0.6138749513476129,13.15
2906.5691190705675,304.375206387435,0.7,10000.0,0.9046425649873645,0.04035316508152874,0.0028823689343949097,14.41184467197455,124.5229716884997,21.131256191623052,103.39171549687664,103.39100114994733,31.469874743112793,688.5213333333332,0.613874964672998,13.200000000000001
2906.570685996619,304.3753704755474,0.7,10000.0,0.9046425649873645,0.04035318757353213,0.0028823705409665805,14.411852704832903,124.52297533554561,21.131261114266422,103.39171422127919,103.39111262577345,31.469891320203775,688.5213333333332,0.6138749758950928,13.25
2906.572005601403,304.37550866423726,0.7,10000.0,0.9046425649873645,0.04035320651543042,0.0028823718939593158,14.411859469796578,124.52297840694114,21.13126525992712,103.39171314701402,103.39120650646831,31.4699052807893,688.5213333333332,0.613874985345886,13.3
2906.573116921642,304.37562504142056,0.7,10000.0,0.9046425649873645,0.04035322246756575,0.0028823730333975535,14.411865166987768,124.52298099354756,21.131268751242615,103.39171224230495,103.39128556920068,31.469917037854263,688.5213333333332,0.6138749933049631,13.350000000000001
2906.5740528326037,304.37572304978727,0.7,10000.0,0.9046425649873645,0.040353235901837245,0.002882373992988375,14.411869964941875,124.52298317188446,21.131271691493616,103.39171148039085,103.39135215280217,31.46992693919896,688.5213333333334,0.6138750000077787,13.4
2906.5748410206006,304.3758055886413,0.7,10000.0,0.9046425649873645,0.04035324721566055,0.0028823748011186103,14.41187400559305,124.52298500639334,21.13127416765924,103.3917108387341,103.39140822695154,31.46993527772755,688.5213333333334,0.6138750056526224,13.450000000000001
2906.5755048019982,304.3758750996667,0.7,10000.0,0.9046425649873645,0.04035325674372402,0.0028823754816945726,14.411877408472863,124.52298655134408,21.13127625299,103.39171029835407,103.39145545043971,31.469942300112745,688.5213333333332,0.6138750104064853,13.5
2906.5760638129523,304.3759336391569,0.7,10000.0,0.9046425649873645,0.04035326476788945,0.0028823760548492465,14.411880274246233,124.52298785244054,21.131278009174707,103.39170984326583,103.39149522023864,31.46994821409285,688.5213333333332,0.6138750144100003,13.55
2906.5765345902846,304.3759829388439,0.7,10000.0,0.9046425649873645,0.04035327152553009,0.0028823765375378635,14.411882687689317,124.52298894817281,21.13127948816532,103.39170946000749,103.39152871282592,31.469953194617144,688.5213333333335,0.6138750177816023,13.600000000000001
2906.576931060672,304.37602445712577,0.7,10000.0,0.9046425649873645,0.04035327721655252,0.002882376944039466,14.411884720197328,124.52298987095536,21.131280733713773,103.39170913724158,103.39155691898651,31.469957389021076,688.5213333333334,0.6138750206210324,13.65
2906.577264952627,304.37605942220955,0.7,10000.0,0.9046425649873645,0.04035328200931043,0.0028823772863793167,14.411886431896585,124.52299064808659,21.131281782666285,103.3917088654203,103.39158067312196,31.46996092138496,688.5213333333334,0.6138750230122887,13.700000000000001
2906.577546143452,304.37608886844384,0.7,10000.0,0.9046425649873645,0.04035328604558477,0.002882377574684626,14.411887873423131,124.52299130255594,21.131282666053316,103.39170863650261,103.39160067793352,31.469963896204373,688.5213333333334,0.6138750250261107,13.75
2906.5777829514286,304.3761136669172,0.7,10000.0,0.9046425649873645,0.04035328944477803,0.002882377817484145,14.411889087420723,124.52299185372445,21.131283410007516,103.39170844371694,103.39161752520933,31.46996640148155,688.5213333333334,0.6138750267220725,13.8
2906.577982381894,304.3761345512267,0.7,10000.0,0.9046425649873645,0.040353292307446324,0.002882378021960452,14.41189010980226,124.52299231789696,21.1312840365368,103.39170828136017,103.39163171333065,31.46996851132846,688.5213333333334,0.6138750281503451,13.850000000000001
2906.578150334471,304.37615213917945,0.7,10000.0,0.9046425649873645,0.04035329471827415,0.0028823781941624397,14.411890970812198,124.5229927088049,21.13128456417538,103.39170814462952,103.39164366201506,31.469970288159395,688.5213333333334,0.6138750293531803,13.9
2906.5782917775946,304.3761669510687,0.7,10000.0,0.9046425649873645,0.0403532967485795,0.0028823783391842502,14.41189169592125,124.52299303801229,21.13128500853206,103.39170802948023,103.39165372473252,31.469971784537222,688.5213333333335,0.613875030366161,13.950000000000001
2906.578410895486,304.3761794250651,0.7,10000.0,0.9046425649873645,0.040353298458423614,0.0028823784613159725,14.411892306579864,124.52299331525786,21.131285382751955,103.39170793250591,103.39166219916177,31.46997304472835,688.5213333333335,0.6138750312192538,14.0
2906.5785112119365,304.37618993017924,0.7,10000.0,0.9046425649873645,0.040353299898387755,0.002882378564170554,14.411892820852772,124.52299354874332,21.131285697905376,103.39170785083795,103.39166933599641,31.469974106012256,688.5213333333335,0.6138750319376952,14.05
2906.5785956945438,304.3761987771772,0.7,10000.0,0.9046425649873645,0.04035330111106945,0.0028823786507906754,14.411893253953377,124.5229937453756,21.131285963315314,103.39170778206028,103.39167534636074,31.469974999784196,688.5213333333332,0.6138750325427383,14.100000000000001
2906.5786668425058,304.37620622777433,0.7,10000.0,0.9046425649873645,0.040353302132342755,0.0028823787237387682,14.411893618693842,124.52299391097164,21.13128618683323,103.3917077241384,103.39168040805568,31.469975752484117,688.5213333333334,0.6138750330522822,14.15
2906.5787267605474,304.376212502377,0.7,10000.0,0.9046425649873645,0.04035330299241934,0.00288237878517281,14.411893925864051,124.52299405043014,21.13128637507131,103.39170767535883,103.39168467081804,31.46997638637866,688.5213333333332,0.6138750334814,14.200000000000001
2906.578777221188,304.3762177866029,0.7,10000.0,0.9046425649873645,0.04035330371674234,0.002882378836910167,14.411894184550837,124.52299416787669,21.131286533598086,103.3917076342786,103.39168826075053,31.46997692021996,688.5213333333334,0.6138750338427864,14.25
2906.5788197171737,304.37622223677215,0.7,10000.0,0.9046425649873645,0.04035330432673895,0.0028823788804813533,14.411894402406768,124.52299426678553,21.131286667103165,103.39170759968236,103.39169128405186,31.469977369800283,688.5213333333334,0.6138750341471318,14.3
2906.5788555056374,304.3762259845313,0.7,10000.0,0.9046425649873645,0.040353304840454324,0.002882378917175309,14.411894585876546,124.52299435008273,21.13128677953594,103.39170757054679,103.39169383015849,31.46997774841932,688.5213333333335,0.6138750344034397,14.350000000000001
2906.578885645287,304.376229140748,0.7,10000.0,0.9046425649873645,0.04035330527308541,0.002882378948077529,14.411894740387647,124.5229944202324,21.13128687422244,103.39170754600995,103.39169597439032,31.46997806727753,688.5213333333334,0.6138750346192923,14.4
2906.578911027725,304.37623179879074,0.7,10000.0,0.9046425649873645,0.04035330563743043,0.002882378974102173,14.411894870510867,124.52299447930967,21.131286953963723,103.39170752534595,103.3916977801788,31.469978335807475,688.5213333333335,0.6138750348010747,14.450000000000001
2906.578932403826,304.37623403729077,0.7,10000.0,0.9046425649873645,0.04035330594426762,0.002882378996019116,14.411894980095578,124.52299452906229,21.131287021118723,103.39170750794356,103.39169930094354,31.469978561952942,688.5213333333334,0.613875034954165,14.5
2906.578950405945,304.37623592246825,0.7,10000.0,0.9046425649873645,0.040353306202673946,0.00288237901447671,14.411895072383551,124.52299457096197,21.131287077674045,103.39170749328792,103.39170058167235,31.469978752403833,688.5213333333334,0.6138750350830915,14.55
2906.5789655666276,304.37623751009124,0.7,10000.0,0.9046425649873645,0.04035330642029368,0.002882379030020977,14.411895150104886,124.52299460624828,21.131287125302737,103.39170748094554,103.39170166025221,31.469978912794158,688.5213333333334,0.6138750351916684,14.600000000000001
2906.5789783343644,304.3762388471255,0.7,10000.0,0.9046425649873645,0.04035330660356454,0.0028823790431117525,14.411895215558763,124.52299463596502,21.131287165413767,103.39170747055125,103.39170256859016,31.469979047868637,688.5213333333332,0.6138750352831077,14.65
2906.578989086854,304.3762399731236,0.7,10000.0,0.9046425649873645,0.04035330675790812,0.002882379054136294,14.41189527068147,124.52299466099133,21.131287199193707,103.39170746179762,103.39170333355699,31.469979161623105,688.5213333333332,0.6138750353601143,14.700000000000001
2906.578998142182,304.3762409213953,0.7,10000.0,0.9046425649873645,0.04035330688789025,0.0028823790634207322,14.411895317103662,124.52299468206745,21.13128722764186,103.39170745442559,103.39170397778226,31.46997925742267,688.5213333333332,0.6138750354249662,14.75
2906.5790057682266,304.37624171999283,0.7,10000.0,0.9046425649873645,0.040353306997356155,0.0028823790712397255,14.41189535619863,124.52299469981699,21.131287251599787,103.3917074482172,103.39170452032366,31.469979338101343,688.5213333333334,0.613875035479582,14.8
2906.579012190584,304.3762423925405,0.7,10000.0,0.9046425649873645,0.04035330708954406,0.0028823790778245754,14.411895389122877,124.52299471476489,21.131287271776216,103.39170744298868,103.39170497723089,31.469979406045756,688.5213333333332,0.6138750355255772,14.850000000000001
2906.579017599243,304.376242958934,0.7,10000.0,0.9046425649873645,0.040353307167181135,0.0028823790833700813,14.411895416850406,124.5229947273535,21.13128728876802,103.39170743858548,103.39170536202033,31.46997946326592,688.5213333333334,0.6138750355643128,14.9
2906.5790221542047,304.3762434359285,0.7,10000.0,0.9046425649873645,0.04035330723256404,0.0028823790880402886,14.411895440201443,124.5229947379551,21.131287303077855,103.39170743487725,103.39170568607504,31.469979511454493,688.5213333333334,0.6138750355969341,14.950000000000001
2906.5790259902165,304.37624383763466,0.7,10000.0,0.9046425649873645,0.04035330728762699,0.0028823790919733565,14.411895459866784,124.52299474688338,21.13128731512904,103.39170743175434,103.39170595898128,31.469979552037042,688.5213333333334,0.6138750356244067,15.0
2906.5790292207557,304.37624417593594,0.7,10000.0,0.9046425649873645,0.040353307333998854,0.0028823790952856323,14.41189547642816,124.52299475440245,21.13128732527808,103.39170742912437,103.39170618881226,31.469979586214087,688.5213333333332,0.6138750356475431,15.05
2906.57903194139,304.3762444608401,0.7,10000.0,0.9046425649873645,0.04035330737305143,0.002882379098075102,14.41189549037551,124.52299476073469,21.131287333825203,103.39170742690949,103.39170638236696,31.46997961499666,688.5213333333334,0.6138750356670275,15.100000000000001
2906.579034232602,304.37624470077526,0.7,10000.0,0.9046425649873645,0.04035330740593998,0.0028823791004242844,14.411895502121423,124.52299476606746,21.13128734102326,103.39170742504419,103.39170654537118,31.46997963923621,688.5213333333335,0.6138750356834366,15.15
2906.579036162171,304.3762449028393,0.7,10000.0,0.9046425649873645,0.04035330743363744,0.0028823791024026745,14.411895512013372,124.52299477055851,21.131287347085177,103.39170742347333,103.39170668264698,31.469979659649827,688.5213333333335,0.6138750356972557,15.200000000000001
2906.57903778718,304.3762450730098,0.7,10000.0,0.9046425649873645,0.04035330745696316,0.002882379104068797,14.411895520343984,124.52299477434067,21.13128735219029,103.39170742215038,103.39170679825533,31.46997967684137,688.5213333333334,0.6138750357088936,15.25
2906.579039155699,304.37624521632074,0.7,10000.0,0.9046425649873645,0.040353307476607175,0.002882379105471941,14.411895527359706,124.52299477752587,21.131287356489622,103.39170742103624,103.39170689561617,31.469979691319416,688.5213333333332,0.6138750357186945,15.3
2906.579040308212,304.37624533701165,0.7,10000.0,0.9046425649873645,0.0403533074931506,0.0028823791066536143,14.411895533268071,124.52299478020834,21.13128736011035,103.39170742009799,103.39170697760969,31.469979703512273,688.5213333333334,0.6138750357269485,15.350000000000001
2906.5790412788133,304.3762454386528,0.7,10000.0,0.9046425649873645,0.040353307507082825,0.002882379107648773,14.411895538243867,124.52299478246738,21.131287363159586,103.39170741930779,103.39170704666141,31.46997971378061,688.5213333333334,0.6138750357338997,15.4
2906.579042096216,304.37624552425103,0.7,10000.0,0.9046425649873645,0.040353307518816,0.002882379108486857,14.411895542434285,124.52299478436989,21.13128736572753,103.39170741864235,103.39170710481409,31.469979722428214,688.5213333333334,0.6138750357397538,15.450000000000001
2906.579042784601,304.3762455963385,0.7,10000.0,0.9046425649873645,0.04035330752869723,0.0028823791091926593,14.411895545963297,124.52299478597212,21.131287367890152,103.39170741808196,103.39170715378799,31.46997972971089,688.5213333333334,0.6138750357446837,15.5
2906.579043364332,304.3762456570478,0.7,10000.0,0.9046425649873645,0.04035330753701882,0.002882379109787059,14.411895548935295,124.52299478732147,21.131287369711433,103.39170741761004,103.39170719503191,31.46997973584408,688.5213333333334,0.6138750357488357,15.55
2906.5790438525582,304.37624570817474,0.7,10000.0,0.9046425649873645,0.040353307544026926,0.0028823791102876375,14.411895551438189,124.52299478845778,21.131287371245243,103.39170741721253,103.39170722976593,31.469979741009194,688.5213333333334,0.6138750357523322,15.600000000000001
2906.5790442637244,304.3762457512319,0.7,10000.0,0.9046425649873645,0.04035330754992889,0.0028823791107092066,14.411895553546033,124.52299478941477,21.13128737253696,103.39170741687781,103.3917072590176,31.46997974535907,688.5213333333334,0.6138750357552769,15.65
2906.579044609992,304.37624578749296,0.7,10000.0,0.9046425649873645,0.040353307554899284,0.0028823791110642346,14.411895555321173,124.52299479022066,21.131287373624787,103.39170741659588,103.39170728365218,31.469979749022347,688.5213333333334,0.6138750357577568,15.700000000000001
2906.579044901605,304.3762458180306,0.7,10000.0,0.9046425649873645,0.04035330755908516,0.0028823791113632255,14.411895556816129,124.52299479089939,21.131287374540918,103.39170741635847,103.39170730439848,31.469979752107424,688.5213333333332,0.6138750357598453,15.75
2906.57904514719,304.3762458437482,0.7,10000.0,0.9046425649873645,0.04035330756261034,0.002882379111615024,14.411895558075122,124.52299479147099,21.131287375312446,103.39170741615854,103.3917073218702,31.469979754705555,688.5213333333332,0.6138750357616041,15.8
2906.579045354012,304.3762458654066,0.7,10000.0,0.9046425649873645,0.04035330756557911,0.0028823791118270793,14.411895559135397,124.52299479195236,21.131287375962195,103.39170741599017,103.39170733658418,31.469979756893604,688.5213333333332,0.6138750357630852,15.850000000000001
2906.57904552819,304.37624588364645,0.7,10000.0,0.9046425649873645,0.0403533075680793,0.002882379112005664,14.41189556002832,124.52299479235779,21.13128737650939,103.3917074158484,103.39170734897576,31.469979758736308,688.5213333333334,0.6138750357643327,15.9
2906.5790456748755,304.37624589900736,0.7,10000.0,0.9046425649873645,0.040353307570184856,0.002882379112156061,14.411895560780305,124.52299479269918,21.13128737697022,103.39170741572896,103.39170735941146,31.46997976028814,688.5213333333334,0.6138750357653832,15.950000000000001
2906.5790457984085,304.37624591194367,0.7,10000.0,0.9046425649873645,0.040353307571958076,0.0028823791122827196,14.4118955614136,124.52299479298671,21.131287377358312,103.39170741562839,103.39170736819997,31.469979761595038,688.5213333333332,0.6138750357662679,16.0
2906.5790459024433,304.37624592283817,0.7,10000.0,0.9046425649873645,0.040353307573451416,0.002882379112389387,14.411895561946936,124.52299479322883,21.131287377685144,103.39170741554369,103.39170737560134,31.469979762695658,688.5213333333332,0.613875035767013,16.05
2906.5790459900572,304.3762459320131,0.7,10000.0,0.9046425649873645,0.04035330757470904,0.0028823791124792174,14.411895562396088,124.52299479343277,21.13128737796039,103.39170741547238,103.3917073818345,31.469979763622565,688.5213333333334,0.6138750357676404,16.1
2906.5790460638423,304.3762459397398,0.7,10000.0,0.9046425649873645,0.04035330757576817,0.002882379112554869,14.411895562774346,124.5229947936045,21.131287378192194,103.3917074154123,103.39170738708378,31.469979764403153,688.5213333333335,0.6138750357681688,16.150000000000002
2906.5790461259808,304.37624594624697,0.7,10000.0,0.9046425649873645,0.04035330757666012,0.00288237911261858,14.4118955630929,124.5229947937491,21.13128737838741,103.3917074153617,103.39170739150453,31.469979765060536,688.5213333333332,0.6138750357686139,16.2
2906.5790461783117,304.37624595172707,0.7,10000.0,0.9046425649873645,0.04035330757741129,0.002882379112672235,14.411895563361174,124.5229947938709,21.13128737855181,103.39170741531908,103.39170739522753,31.469979765614163,688.5213333333334,0.6138750357689886,16.25
2906.579046222383,304.3762459563422,0.7,10000.0,0.9046425649873645,0.040353307578043895,0.002882379112717421,14.411895563587105,124.52299479397348,21.131287378690267,103.39170741528321,103.3917073983629,31.46997976608041,688.5213333333332,0.6138750357693042,16.3
2906.5790462594978,304.37624596022886,0.7,10000.0,0.9046425649873645,0.040353307578576664,0.002882379112755476,14.41189556377738,124.52299479405993,21.131287378806867,103.39170741525305,103.39170740100339,31.46997976647308,688.5213333333334,0.6138750357695701,16.35
2906.579046290755,304.3762459635021,0.7,10000.0,0.9046425649873645,0.040353307579025326,0.0028823791127875233,14.411895563937618,124.52299479413266,21.131287378905064,103.39170741522759,103.3917074032271,31.469979766803753,688.5213333333332,0.613875035769794,16.400000000000002
2906.5790463170783,304.37624596625864,0.7,10000.0,0.9046425649873645,0.04035330757940317,0.002882379112814512,14.41189556407256,124.52299479419388,21.131287378987757,103.39170741520613,103.39170740509981,31.469979767082226,688.5213333333335,0.6138750357699825,16.45
2906.579046339247,304.3762459685801,0.7,10000.0,0.9046425649873645,0.04035330757972138,0.0028823791128372413,14.411895564186207,124.52299479424548,21.131287379057405,103.39170741518808,103.39170740667694,31.469979767316755,688.5213333333332,0.6138750357701412,16.5
2906.5790463579156,304.37624597053514,0.7,10000.0,0.9046425649873645,0.04035330757998936,0.0028823791128563827,14.411895564281915,124.5229947942889,21.131287379116053,103.39170741517285,103.39170740800513,31.46997976751425,688.5213333333334,0.6138750357702749,16.55
2906.5790463736384,304.3762459721816,0.7,10000.0,0.9046425649873645,0.04035330758021505,0.0028823791128725035,14.411895564362517,124.52299479432556,21.13128737916545,103.39170741516011,103.3917074091237,31.46997976768061,688.5213333333335,0.6138750357703876,16.6
2906.5790463868793,304.3762459735682,0.7,10000.0,0.9046425649873645,0.040353307580405104,0.002882379112886079,14.411895564430395,124.52299479435634,21.131287379207045,103.39170741514928,103.39170741006569,31.469979767820675,688.5213333333334,0.6138750357704823,16.650000000000002
2906.57904639803,304.3762459747359,0.7,10000.0,0.9046425649873645,0.04035330758056518,0.0028823791128975125,14.411895564487562,124.52299479438231,21.131287379242078,103.39170741514023,103.39170741085901,31.46997976793865,688.5213333333332,0.6138750357705622,16.7
2906.5790464074207,304.3762459757193,0.7,10000.0,0.9046425649873645,0.04035330758069998,0.0028823791129071416,14.41189556453571,124.52299479440421,21.13128737927158,103.39170741513263,103.3917074115271,31.469979768038012,688.5213333333334,0.6138750357706295,16.75
2906.5790464153297,304.3762459765475,0.7,10000.0,0.9046425649873645,0.0403533075808135,0.00288237911291525,14.41189556457625,124.52299479442259,21.131287379296424,103.39170741512616,103.39170741208976,31.46997976812167,688.5213333333334,0.6138750357706861,16.8
2906.57904642199,304.376245977245,0.7,10000.0,0.9046425649873645,0.0403533075809091,0.0028823791129220784,14.411895564610393,124.52299479443809,21.13128737931735,103.39170741512075,103.39170741256359,31.469979768192136,688.5213333333335,0.6138750357707338,16.85
2906.5790464275988,304.37624597783235,0.7,10000.0,0.9046425649873645,0.04035330758098962,0.0028823791129278303,14.411895564639153,124.52299479445115,21.13128737933497,103.39170741511617,103.39170741296263,31.469979768251473,688.5213333333334,0.6138750357707741,16.900000000000002
2906.5790464323227,304.376245978327,0.7,10000.0,0.9046425649873645,0.040353307581057415,0.0028823791129326723,14.411895564663363,124.52299479446211,21.13128737934981,103.3917074151123,103.39170741329868,31.469979768301435,688.5213333333332,0.6138750357708078,16.95
2906.579046436301,304.3762459787436,0.7,10000.0,0.9046425649873645,0.04035330758111452,0.0028823791129367515,14.411895564683759,124.52299479447139,21.131287379362306,103.39170741510908,103.3917074135817,31.46997976834353,688.5213333333332,0.6138750357708364,17.0
2906.579046439651,304.37624597909445,0.7,10000.0,0.9046425649873645,0.040353307581162616,0.0028823791129401867,14.411895564700934,124.5229947944792,21.131287379372836,103.39170741510637,103.39170741382006,31.46997976837898,688.5213333333332,0.6138750357708603,17.05
2906.5790464424726,304.3762459793899,0.7,10000.0,0.9046425649873645,0.04035330758120312,0.00288237911294308,14.411895564715401,124.52299479448575,21.131287379381696,103.39170741510407,103.39170741402079,31.469979768408827,688.5213333333332,0.6138750357708805,17.1
2906.5790464448487,304.3762459796387,0.7,10000.0,0.9046425649873645,0.040353307581237216,0.0028823791129455154,14.411895564727578,124.52299479449127,21.131287379389164,103.3917074151021,103.39170741418982,31.469979768433955,688.5213333333331,0.6138750357708975,17.150000000000002
2906.57904644685,304.3762459798483,0.7,10000.0,0.9046425649873645,0.04035330758126594,0.0028823791129475675,14.411895564737838,124.52299479449594,21.13128737939545,103.3917074151005,103.3917074143322,31.469979768455133,688.5213333333334,0.6138750357709118,17.2
2906.5790464485353,304.3762459800248,0.7,10000.0,0.9046425649873645,0.04035330758129014,0.0028823791129492958,14.411895564746478,124.5229947944999,21.131287379400746,103.39170741509915,103.39170741445211,31.469979768472975,688.5213333333334,0.613875035770924,17.25
2906.5790464499546,304.37624598017345,0.7,10000.0,0.9046425649873645,0.04035330758131052,0.002882379112950751,14.411895564753758,124.52299479450319,21.1312873794052,103.39170741509798,103.3917074145531,31.46997976848799,688.5213333333332,0.6138750357709342,17.3
2906.57904645115,304.3762459802986,0.7,10000.0,0.9046425649873645,0.04035330758132767,0.0028823791129519763,14.411895564759883,124.52299479450596,21.13128737940896,103.391707415097,103.39170741463812,31.46997976850063,688.5213333333332,0.6138750357709427,17.35
2906.5790464521565,304.376245980404,0.7,10000.0,0.9046425649873645,0.04035330758134211,0.002882379112953008,14.411895564765041,124.52299479450829,21.13128737941212,103.39170741509616,103.39170741470973,31.469979768511273,688.5213333333334,0.6138750357709498,17.400000000000002
2906.579046453004,304.3762459804928,0.7,10000.0,0.9046425649873645,0.04035330758135429,0.0028823791129538776,14.41189556476939,124.52299479451028,21.131287379414786,103.3917074150955,103.39170741477004,31.469979768520247,688.5213333333334,0.6138750357709559,17.45
2906.579046453718,304.37624598056755,0.7,10000.0,0.9046425649873645,0.04035330758136453,0.0028823791129546092,14.411895564773047,124.52299479451192,21.131287379417024,103.39170741509488,103.39170741482083,31.469979768527793,688.5213333333334,0.613875035770961,17.5
2906.579046454319,304.3762459806305,0.7,10000.0,0.9046425649873645,0.040353307581373156,0.0028823791129552255,14.411895564776128,124.52299479451334,21.131287379418914,103.39170741509443,103.39170741486359,31.46997976853416,688.5213333333335,0.6138750357709654,17.55
2906.5790464548254,304.3762459806835,0.7,10000.0,0.9046425649873645,0.040353307581380435,0.0028823791129557455,14.411895564778728,124.52299479451455,21.131287379420506,103.39170741509403,103.3917074148996,31.46997976853952,688.5213333333334,0.613875035770969,17.6
2906.579046455252,304.3762459807282,0.7,10000.0,0.9046425649873645,0.04035330758138655,0.002882379112956182,14.411895564780911,124.5229947945155,21.131287379421845,103.39170741509365,103.39170741492995,31.469979768544025,688.5213333333334,0.613875035770972,17.650000000000002
2906.5790464556108,304.37624598076576,0.7,10000.0,0.9046425649873645,0.040353307581391704,0.0028823791129565504,14.411895564782752,124.52299479451634,21.13128737942297,103.39170741509336,103.39170741495549,31.469979768547823,688.5213333333334,0.6138750357709746,17.7
2906.579046455913,304.3762459807974,0.7,10000.0,0.9046425649873645,0.04035330758139605,0.0028823791129568605,14.411895564784302,124.52299479451706,21.131287379423924,103.39170741509314,103.391707414977,31.469979768551024,688.5213333333332,0.6138750357709768,17.75
2906.579046456168,304.3762459808241,0.7,10000.0,0.9046425649873645,0.0403533075813997,0.002882379112957121,14.411895564785606,124.52299479451763,21.13128737942472,103.39170741509291,103.39170741499511,31.469979768553713,688.5213333333332,0.6138750357709786,17.8
2906.5790464563825,304.37624598084653,0.7,10000.0,0.9046425649873645,0.04035330758140278,0.0028823791129573414,14.41189556478671,124.52299479451814,21.131287379425395,103.39170741509275,103.39170741501036,31.469979768555987,688.5213333333332,0.6138750357709801,17.85
2906.579046456563,304.37624598086546,0.7,10000.0,0.9046425649873645,0.04035330758140537,0.0028823791129575266,14.411895564787633,124.52299479451855,21.131287379425963,103.39170741509258,103.39170741502322,31.46997976855789,688.5213333333334,0.6138750357709815,17.900000000000002
2906.579046456715,304.3762459808814,0.7,10000.0,0.9046425649873645,0.04035330758140755,0.0028823791129576823,14.411895564788411,124.52299479451891,21.13128737942644,103.39170741509247,103.39170741503403,31.469979768559504,688.5213333333334,0.6138750357709826,17.95
2906.579046456843,304.3762459808948,0.7,10000.0,0.9046425649873645,0.04035330758140939,0.0028823791129578137,14.41189556478907,124.52299479451919,21.131287379426844,103.39170741509236,103.39170741504314,31.469979768560854,688.5213333333334,0.6138750357709835,18.0
2906.5790464569513,304.3762459809061,0.7,10000.0,0.9046425649873645,0.040353307581410945,0.0028823791129579247,14.411895564789624,124.52299479451948,21.131287379427185,103.3917074150923,103.39170741505083,31.469979768562006,688.5213333333335,0.6138750357709842,18.05
2906.5790464570423,304.37624598091566,0.7,10000.0,0.9046425649873645,0.04035330758141226,0.0028823791129580184,14.411895564790093,124.5229947945197,21.13128737942747,103.39170741509224,103.39170741505733,31.46997976856298,688.5213333333335,0.6138750357709849,18.1
2906.5790464571187,304.37624598092367,0.7,10000.0,0.9046425649873645,0.040353307581413346,0.002882379112958096,14.41189556479048,124.52299479451985,21.13128737942771,103.39170741509213,103.39170741506277,31.46997976856377,688.5213333333332,0.6138750357709855,18.150000000000002
2906.5790464571833,304.37624598093043,0.7,10000.0,0.9046425649873645,0.04035330758141428,0.0028823791129581632,14.411895564790816,124.52299479452003,21.131287379427913,103.39170741509211,103.39170741506736,31.469979768564468,688.5213333333335,0.6138750357709859,18.2
2906.579046457238,304.3762459809361,0.7,10000.0,0.9046425649873645,0.04035330758141505,0.002882379112958218,14.41189556479109,124.5229947945201,21.131287379428084,103.39170741509201,103.39170741507122,31.46997976856502,688.5213333333332,0.6138750357709862,18.25
2906.5790464572833,304.3762459809409,0.7,10000.0,0.9046425649873645,0.040353307581415705,0.0028823791129582647,14.411895564791324,124.52299479452023,21.131287379428226,103.391707415092,103.39170741507448,31.469979768565516,688.5213333333334,0.6138750357709866,18.3
2906.579046457322,304.37624598094493,0.7,10000.0,0.9046425649873645,0.04035330758141627,0.0028823791129583046,14.411895564791525,124.52299479452032,21.131287379428347,103.39170741509197,103.3917074150772,31.46997976856592,688.5213333333332,0.6138750357709869,18.35
2906.5790464573543,304.37624598094834,0.7,10000.0,0.9046425649873645,0.04035330758141673,0.002882379112958338,14.41189556479169,124.52299479452039,21.13128737942845,103.39170741509193,103.39170741507952,31.469979768566258,688.5213333333334,0.6138750357709871,18.400000000000002
2906.5790464573815,304.3762459809512,0.7,10000.0,0.9046425649873645,0.04035330758141712,0.0028823791129583658,14.41189556479183,124.52299479452044,21.131287379428535,103.3917074150919,103.39170741508146,31.469979768566546,688.5213333333335,0.6138750357709872,18.45
2906.5790464574043,304.37624598095357,0.7,10000.0,0.9046425649873645,0.04035330758141744,0.0028823791129583888,14.411895564791944,124.52299479452049,21.131287379428606,103.39170741509187,103.39170741508308,31.469979768566784,688.5213333333334,0.6138750357709875,18.5
2906.579046457424,304.3762459809556,0.7,10000.0,0.9046425649873645,0.040353307581417724,0.0028823791129584087,14.411895564792045,124.52299479452054,21.13128737942867,103.39170741509187,103.39170741508447,31.469979768566997,688.5213333333334,0.6138750357709876,18.55
2906.57904645744,304.3762459809573,0.7,10000.0,0.9046425649873645,0.04035330758141797,0.002882379112958426,14.41189556479213,124.52299479452063,21.13128737942872,103.3917074150919,103.39170741508563,31.469979768567182,688.5213333333334,0.6138750357709878,18.6
2906.579046457454,304.37624598095874,0.7,10000.0,0.9046425649873645,0.040353307581418155,0.0028823791129584395,14.411895564792198,124.52299479452063,21.131287379428763,103.39170741509187,103.39170741508659,31.469979768567317,688.5213333333334,0.6138750357709878,18.650000000000002
2906.579046457465,304.37624598095994,0.7,10000.0,0.9046425649873645,0.04035330758141832,0.0028823791129584516,14.41189556479226,124.52299479452066,21.131287379428798,103.39170741509186,103.3917074150874,31.469979768567438,688.5213333333334,0.6138750357709879,18.7
2906.5790464574748,304.37624598096096,0.7,10000.0,0.9046425649873645,0.04035330758141846,0.0028823791129584616,14.411895564792308,124.5229947945207,21.131287379428827,103.39170741509187,103.3917074150881,31.469979768567548,688.5213333333335,0.6138750357709879,18.75
2906.579046457483,304.3762459809618,0.7,10000.0,0.9046425649873645,0.04035330758141858,0.00288237911295847,14.411895564792351,124.52299479452071,21.131287379428855,103.39170741509186,103.39170741508869,31.469979768567633,688.5213333333334,0.613875035770988,18.8
2906.57904645749,304.37624598096255,0.7,10000.0,0.9046425649873645,0.040353307581418675,0.002882379112958477,14.411895564792385,124.52299479452071,21.131287379428876,103.39170741509184,103.39170741508919,31.469979768567704,688.5213333333335,0.6138750357709881,18.85
2906.579046457496,304.3762459809632,0.7,10000.0,0.9046425649873645,0.040353307581418765,0.0028823791129584833,14.411895564792417,124.52299479452074,21.131287379428898,103.39170741509184,103.39170741508961,31.469979768567768,688.5213333333335,0.6138750357709881,18.900000000000002
2906.579046457501,304.3762459809637,0.7,10000.0,0.9046425649873645,0.040353307581418835,0.002882379112958488,14.41189556479244,124.52299479452073,21.131287379428912,103.39170741509182,103.39170741508995,31.469979768567814,688.5213333333332,0.6138750357709881,18.95
2906.5790464575052,304.37624598096414,0.7,10000.0,0.9046425649873645,0.04035330758141889,0.002882379112958492,14.41189556479246,124.52299479452073,21.131287379428926,103.3917074150918,103.39170741509027,31.469979768567857,688.5213333333334,0.6138750357709881,19.0
2906.5790464575084,304.3762459809645,0.7,10000.0,0.9046425649873645,0.04035330758141895,0.0028823791129584967,14.411895564792484,124.52299479452078,21.131287379428933,103.39170741509184,103.3917074150905,31.469979768567903,688.5213333333335,0.6138750357709882,19.05
2906.579046457511,304.37624598096477,0.7,10000.0,0.9046425649873645,0.04035330758141899,0.002882379112958499,14.411895564792495,124.52299479452077,21.13128737942894,103.39170741509183,103.39170741509068,31.469979768567928,688.5213333333331,0.6138750357709882,19.1
2906.579046457514,304.37624598096505,0.7,10000.0,0.9046425649873645,0.040353307581419015,0.002882379112958501,14.411895564792506,124.52299479452074,21.13128737942895,103.39170741509179,103.39170741509088,31.46997976856795,688.5213333333334,0.6138750357709882,19.150000000000002
2906.579046457516,304.3762459809653,0.7,10000.0,0.9046425649873645,0.04035330758141904,0.0028823791129585032,14.411895564792516,124.52299479452074,21.131287379428958,103.39170741509179,103.39170741509103,31.46997976856797,688.5213333333335,0.6138750357709882,19.200000000000003
2906.579046457518,304.37624598096545,0.7,10000.0,0.9046425649873645,0.04035330758141908,0.0028823791129585054,14.411895564792529,124.52299479452077,21.13128737942896,103.39170741509182,103.39170741509115,31.469979768567995,688.5213333333331,0.6138750357709883,19.25
2906.5790464575193,304.3762459809656,0.7,10000.0,0.9046425649873645,0.040353307581419105,0.0028823791129585076,14.41189556479254,124.52299479452083,21.13128737942897,103.39170741509186,103.39170741509126,31.469979768568027,688.5213333333334,0.6138750357709883,19.3
2906.5790464575207,304.37624598096573,0.7,10000.0,0.9046425649873645,0.04035330758141912,0.0028823791129585084,14.411895564792543,124.5229947945208,21.131287379428972,103.39170741509183,103.39170741509135,31.46997976856803,688.5213333333335,0.6138750357709883,19.35
2906.5790464575216,304.37624598096585,0.7,10000.0,0.9046425649873645,0.040353307581419126,0.002882379112958509,14.411895564792546,124.52299479452077,21.131287379428976,103.39170741509179,103.39170741509142,31.469979768568027,688.5213333333334,0.6138750357709883,19.400000000000002
2906.579046457522,304.3762459809659,0.7,10000.0,0.9046425649873645,0.04035330758141913,0.0028823791129585093,14.411895564792548,124.52299479452077,21.131287379428976,103.39170741509179,103.39170741509146,31.469979768568034,688.5213333333334,0.6138750357709883,19.450000000000003
2906.5790464575225,304.37624598096596,0.7,10000.0,0.9046425649873645,0.040353307581419154,0.002882379112958511,14.411895564792555,124.52299479452083,21.13128737942898,103.39170741509184,103.39170741509149,31.469979768568056,688.5213333333335,0.6138750357709883,19.5
2906.5790464575234,304.376245980966,0.7,10000.0,0.9046425649873645,0.040353307581419154,0.002882379112958511,14.411895564792555,124.5229947945208,21.131287379428983,103.39170741509182,103.39170741509155,31.469979768568052,688.5213333333335,0.6138750357709883,19.55
2906.579046457524,304.3762459809661,0.7,10000.0,0.9046425649873645,0.04035330758141916,0.0028823791129585115,14.411895564792559,124.5229947945208,21.131287379428983,103.39170741509182,103.39170741509157,31.46997976856806,688.5213333333332,0.6138750357709883,19.6
2906.5790464575243,304.37624598096613,0.7,10000.0,0.9046425649873645,0.04035330758141917,0.002882379112958512,14.41189556479256,124.52299479452078,21.131287379428983,103.3917074150918,103.3917074150916,31.46997976856806,688.5213333333332,0.6138750357709883,19.650000000000002
2906.579046457525,304.3762459809662,0.7,10000.0,0.9046425649873645,0.04035330758141918,0.002882379112958513,14.411895564792566,124.5229947945208,21.131287379428983,103.39170741509182,103.39170741509166,31.46997976856807,688.5213333333332,0.6138750357709883,19.700000000000003
2906.5790464575252,304.37624598096625,0.7,10000.0,0.9046425649873645,0.04035330758141919,0.0028823791129585137,14.411895564792568,124.5229947945208,21.131287379428986,103.39170741509182,103.39170741509169,31.469979768568077,688.5213333333332,0.6138750357709883,19.75
2906.579046457526,304.3762459809663,0.7,10000.0,0.9046425649873645,0.04035330758141919,0.0028823791129585137,14.411895564792568,124.52299479452078,21.13128737942899,103.39170741509179,103.39170741509172,31.469979768568074,688.5213333333332,0.6138750357709883,19.8
2906.579046457526,304.3762459809663,0.7,10000.0,0.9046425649873645,0.04035330758141919,0.0028823791129585137,14.411895564792568,124.52299479452078,21.13128737942899,103.39170741509179,103.39170741509172,31.469979768568074,688.5213333333332,0.6138750357709883,19.85
2906.579046457526,304.3762459809663,0.7,10000.0,0.9046425649873645,0.04035330758141919,0.0028823791129585137,14.411895564792568,124.52299479452078,21.13128737942899,103.39170741509179,103.39170741509172,31.469979768568074,688.5213333333332,0.6138750357709883,19.900000000000002
2906.579046457526,304.3762459809663,0.7,10000.0,0.9046425649873645,0.04035330758141919,0.0028823791129585137,14.411895564792568,124.52299479452078,21.13128737942899,103.39170741509179,103.39170741509172,31.469979768568074,688.5213333333332,0.6138750357709883,19.950000000000003
2906.579046457526,304.3762459809663,0.7,10000.0,0.9046425649873645,0.04035330758141919,0.0028823791129585137,14.411895564792568,124.52299479452078,21.13128737942899,103.39170741509179,103.39170741509172,31.469979768568074,688.5213333333332,0.6138750357709883,20.0
2906.579046457526,304.3762459809663,0.7,10000.0,0.9046425649873645,0.04035330758141919,0.0028823791129585137,14.411895564792568,124.52299479452078,21.13128737942899,103.39170741509179,103.39170741509172,31.469979768568074,688.5213333333332,0.6138750357709883,20.05
2906.579046457526,304.3762459809663,0.7,10000.0,0.9046425649873645,0.04035330758141919,0.0028823791129585137,14.411895564792568,124.52299479452078,21.13128737942899,103.39170741509179,103.39170741509172,31.469979768568074,688.5213333333332,0.6138750357709883,20.1
2906.579046457526,304.3762459809663,0.7,10000.0,0.9046425649873645,0.04035330758141919,0.0028823791129585137,14.411895564792568,124.52299479452078,21.13128737942899,103.39170741509179,103.39170741509172,31.469979768568074,688.5213333333332,0.6138750357709883,20.150000000000002
2906.579046457526,304.3762459809663,0.7,10000.0,0.9046425649873645,0.04035330758141919,0.0028823791129585137,14.411895564792568,124.52299479452078,21.13128737942899,103.39170741509179,103.39170741509172,31.469979768568074,688.5213333333332,0.6138750357709883,20.200000000000003
2906.579046457526,304.3762459809663,0.7,10000.0,0.9046425649873645,0.04035330758141919,0.0028823791129585137,14.411895564792568,124.52299479452078,21.13128737942899,103.39170741509179,103.39170741509172,31.469979768568074,688.5213333333332,0.6138750357709883,20.25
2906.579046457526,304.3762459809663,0.7,10000.0,0.9046425649873645,0.04035330758141919,0.0028823791129585137,14.411895564792568,124.52299479452078,21.13128737942899,103.39170741509179,103.39170741509172,31.469979768568074,688.5213333333332,0.6138750357709883,20.3
2906.579046457526,304.3762459809663,0.7,10000.0,0.9046425649873645,0.04035330758141919,0.0028823791129585137,14.411895564792568,124.52299479452078,21.13128737942899,103.39170741509179,103.39170741509172,31.469979768568074,688.5213333333332,0.6138750357709883,20.35
2906.579046457526,304.3762459809663,0.7,10000.0,0.9046425649873645,0.04035330758141919,0.0028823791129585137,14.411895564792568,124.52299479452078,21.13128737942899,103.39170741509179,103.39170741509172,31.469979768568074,688.5213333333332,0.6138750357709883,20.400000000000002
2906.579046457526,304.3762459809663,0.7,10000.0,0.9046425649873645,0.04035330758141919,0.0028823791129585137,14.411895564792568,124.52299479452078,21.13128737942899,103.39170741509179,103.39170741509172,31.469979768568074,688.5213333333332,0.6138750357709883,20.450000000000003
2906.579046457526,304.3762459809663,0.7,10000.0,0.9046425649873645,0.04035330758141919,0.0028823791129585137,14.411895564792568,124.52299479452078,21.13128737942899,103.39170741509179,103.39170741509172,31.469979768568074,688.5213333333332,0.6138750357709883,20.5
2906.579046457526,304.3762459809663,0.7,10000.0,0.9046425649873645,0.04035330758141919,0.0028823791129585137,14.411895564792568,124.52299479452078,21.13128737942899,103.39170741509179,103.39170741509172,31.469979768568074,688.5213333333332,0.6138750357709883,20.55
2906.579046457526,304.3762459809663,0.7,10000.0,0.9046425649873645,0.04035330758141919,0.0028823791129585137,14.411895564792568,124.52299479452078,21.13128737942899,103.39170741509179,103.39170741509172,31.469979768568074,688.5213333333332,0.6138750357709883,20.6
2906.579046457526,304.3762459809663,0.7,10000.0,0.9046425649873645,0.04035330758141919,0.0028823791129585137,14.411895564792568,124.52299479452078,21.13128737942899,103.39170741509179,103.39170741509172,31.469979768568074,688.5213333333332,0.6138750357709883,20.650000000000002
2906.579046457526,304.3762459809663,0.7,10000.0,0.9046425649873645,0.04035330758141919,0.0028823791129585137,14.411895564792568,124.52299479452078,21.13128737942899,103.39170741509179,103.39170741509172,31.469979768568074,688.5213333333332,0.6138750357709883,20.700000000000003
2906.579046457526,304.3762459809663,0.7,10000.0,0.9046425649873645,0.04035330758141919,0.0028823791129585137,14.411895564792568,124.52299479452078,21.13128737942899,103.39170741509179,103.39170741509172,31.469979768568074,688.5213333333332,0.6138750357709883,20.75
2906.579046457526,304.3762459809663,0.7,10000.0,0.9046425649873645,0.04035330758141919,0.0028823791129585137,14.411895564792568,124.52299479452078,21.13128737942899,103.39170741509179,103.39170741509172,31.469979768568074,688.5213333333332,0.6138750357709883,20.8
2906.579046457526,304.3762459809663,0.7,10000.0,0.9046425649873645,0.04035330758141919,0.0028823791129585137,14.411895564792568,124.52299479452078,21.13128737942899,103.39170741509179,103.39170741509172,31.469979768568074,688.5213333333332,0.6138750357709883,20.85
2906.579046457526,304.3762459809663,0.7,10000.0,0.9046425649873645,0.04035330758141919,0.0028823791129585137,14.411895564792568,124.52299479452078,21.13128737942899,103.39170741509179,103.39170741509172,31.469979768568074,688.5213333333332,0.6138750357709883,20.900000000000002
2906.579046457526,304.3762459809663,0.7,10000.0,0.9046425649873645,0.04035330758141919,0.0028823791129585137,14.411895564792568,124.52299479452078,21.13128737942899,103.39170741509179,103.39170741509172,31.469979768568074,688.5213333333332,0.6138750357709883,20.950000000000003
2906.579046457526,304.3762459809663,0.7,10000.0,0.9046425649873645,0.04035330758141919,0.0028823791129585137,14.411895564792568,124.52299479452078,21.13128737942899,103.39170741509179,103.39170741509172,31.469979768568074,688.5213333333332,0.6138750357709883,21.0
2906.579046457526,304.3762459809663,0.7,10000.0,0.9046425649873645,0.04035330758141919,0.0028823791129585137,14.411895564792568,124.52299479452078,21.13128737942899,103.39170741509179,103.39170741509172,31.469979768568074,688.5213333333332,0.6138750357709883,21.05
2906.579046457526,304.3762459809663,0.7,10000.0,0.9046425649873645,0.04035330758141919,0.0028823791129585137,14.411895564792568,124.52299479452078,21.13128737942899,103.39170741509179,103.39170741509172,31.469979768568074,688.5213333333332,0.6138750357709883,21.1
2906.579046457526,304.3762459809663,0.7,10000.0,0.9046425649873645,0.04035330758141919,0.0028823791129585137,14.411895564792568,124.52299479452078,21.13128737942899,103.39170741509179,103.39170741509172,31.469979768568074,688.5213333333332,0.6138750357709883,21.150000000000002
2906.579046457526,304.3762459809663,0.7,10000.0,0.9046425649873645,0.04035330758141919,0.0028823791129585137,14.411895564792568,124.52299479452078,21.13128737942899,103.39170741509179,103.39170741509172,31.469979768568074,688.5213333333332,0.6138750357709883,21.200000000000003
2906.579046457526,304.3762459809663,0.7,10000.0,0.9046425649873645,0.04035330758141919,0.0028823791129585137,14.411895564792568,124.52299479452078,21.13128737942899,103.39170741509179,103.39170741509172,31.469979768568074,688.5213333333332,0.6138750357709883,21.25
2906.579046457526,304.3762459809663,0.7,10000.0,0.9046425649873645,0.04035330758141919,0.0028823791129585137,14.411895564792568,124.52299479452078,21.13128737942899,103.39170741509179,103.39170741509172,31.469979768568074,688.5213333333332,0.6138750357709883,21.3
2906.579046457526,304.3762459809663,0.7,10000.0,0.9046425649873645,0.04035330758141919,0.0028823791129585137,14.411895564792568,124.52299479452078,21.13128737942899,103.39170741509179,103.39170741509172,31.469979768568074,688.5213333333332,0.6138750357709883,21.35
2906.579046457526,304.3762459809663,0.7,10000.0,0.9046425649873645,0.04035330758141919,0.0028823791129585137,14.411895564792568,124.52299479452078,21.13128737942899,103.39170741509179,103.39170741509172,31.469979768568074,688.5213333333332,0.6138750357709883,21.400000000000002
2906.579046457526,304.3762459809663,0.7,10000.0,0.9046425649873645,0.04035330758141919,0.0028823791129585137,14.411895564792568,124.52299479452078,21.13128737942899,103.39170741509179,103.39170741509172,31.469979768568074,688.5213333333332,0.6138750357709883,21.450000000000003
2906.579046457526,304.3762459809663,0.7,10000.0,0.9046425649873645,0.04035330758141919,0.0028823791129585137,14.411895564792568,124.52299479452078,21.13128737942899,103.39170741509179,103.39170741509172,31.469979768568074,688.5213333333332,0.6138750357709883,21.5
2906.579046457526,304.3762459809663,0.7,10000.0,0.9046425649873645,0.04035330758141919,0.0028823791129585137,14.411895564792568,124.52299479452078,21.13128737942899,103.39170741509179,103.39170741509172,31.469979768568074,688.5213333333332,0.6138750357709883,21.55
2906.579046457526,304.3762459809663,0.7,10000.0,0.9046425649873645,0.04035330758141919,0.0028823791129585137,14.411895564792568,124.52299479452078,21.13128737942899,103.39170741509179,103.39170741509172,31.469979768568074,688.5213333333332,0.6138750357709883,21.6
2906.579046457526,304.3762459809663,0.7,10000.0,0.9046425649873645,0.04035330758141919,0.0028823791129585137,14.411895564792568,124.52299479452078,21.13128737942899,103.39170741509179,103.39170741509172,31.469979768568074,688.5213333333332,0.6138750357709883,21.650000000000002
2906.579046457526,304.3762459809663,0.7,10000.0,0.9046425649873645,0.04035330758141919,0.0028823791129585137,14.411895564792568,124.52299479452078,21.13128737942899,103.39170741509179,103.39170741509172,31.469979768568074,688.5213333333332,0.6138750357709883,21.700000000000003
2906.579046457526,304.3762459809663,0.7,10000.0,0.9046425649873645,0.04035330758141919,0.0028823791129585137,14.411895564792568,124.52299479452078,21.13128737942899,103.39170741509179,103.39170741509172,31.469979768568074,688.5213333333332,0.6138750357709883,21.75
2906.579046457526,304.3762459809663,0.7,10000.0,0.9046425649873645,0.04035330758141919,0.0028823791129585137,14.411895564792568,124.52299479452078,21.13128737942899,103.39170741509179,103.39170741509172,31.469979768568074,688.5213333333332,0.6138750357709883,21.8
2906.579046457526,304.3762459809663,0.7,10000.0,0.9046425649873645,0.04035330758141919,0.0028823791129585137,14.411895564792568,124.52299479452078,21.13128737942899,103.39170741509179,103.39170741509172,31.469979768568074,688.5213333333332,0.6138750357709883,21.85
2906.579046457526,304.3762459809663,0.7,10000.0,0.9046425649873645,0.04035330758141919,0.0028823791129585137,14.411895564792568,124.52299479452078,21.13128737942899,103.39170741509179,103.39170741509172,31.469979768568074,688.5213333333332,0.6138750357709883,21.900000000000002
2906.579046457526,304.3762459809663,0.7,10000.0,0.9046425649873645,0.04035330758141919,0.0028823791129585137,14.411895564792568,124.52299479452078,21.13128737942899,103.39170741509179,103.39170741509172,31.469979768568074,688.5213333333332,0.6138750357709883,21.950000000000003
2906.579046457526,304.3762459809663,0.7,10000.0,0.9046425649873645,0.04035330758141919,0.0028823791129585137,14.411895564792568,124.52299479452078,21.13128737942899,103.39170741509179,103.39170741509172,31.469979768568074,688.5213333333332,0.6138750357709883,22.0
2906.579046457526,304.3762459809663,0.7,10000.0,0.9046425649873645,0.04035330758141919,0.0028823791129585137,14.411895564792568,124.52299479452078,21.13128737942899,103.39170741509179,103.39170741509172,31.469979768568074,688.5213333333332,0.6138750357709883,22.05
2906.579046457526,304.3762459809663,0.7,10000.0,0.9046425649873645,0.04035330758141919,0.0028823791129585137,14.411895564792568,124.52299479452078,21.13128737942899,103.39170741509179,103.39170741509172,31.469979768568074,688.5213333333332,0.6138750357709883,22.1
2906.579046457526,304.3762459809663,0.7,10000.0,0.9046425649873645,0.04035330758141919,0.0028823791129585137,14.411895564792568,124.52299479452078,21.13128737942899,103.39170741509179,103.39170741509172,31.469979768568074,688.5213333333332,0.6138750357709883,22.150000000000002
2906.579046457526,304.3762459809663,0.7,10000.0,0.9046425649873645,0.04035330758141919,0.0028823791129585137,14.411895564792568,124.52299479452078,21.13128737942899,103.39170741509179,103.39170741509172,31.469979768568074,688.5213333333332,0.6138750357709883,22.200000000000003
2906.579046457526,304.3762459809663,0.7,10000.0,0.9046425649873645,0.04035330758141919,0.0028823791129585137,14.411895564792568,124.52299479452078,21.13128737942899,103.39170741509179,103.39170741509172,31.469979768568074,688.5213333333332,0.6138750357709883,22.25
2906.579046457526,304.3762459809663,0.7,10000.0,0.9046425649873645,0.04035330758141919,0.0028823791129585137,14.411895564792568,124.52299479452078,21.13128737942899,103.39170741509179,103.39170741509172,31.469979768568074,688.5213333333332,0.6138750357709883,22.3
2906.579046457526,304.3762459809663,0.7,10000.0,0.9046425649873645,0.04035330758141919,0.0028823791129585137,14.411895564792568,124.52299479452078,21.13128737942899,103.39170741509179,103.39170741509172,31.469979768568074,688.5213333333332,0.6138750357709883,22.35
2906.579046457526,304.3762459809663,0.7,10000.0,0.9046425649873645,0.04035330758141919,0.0028823791129585137,14.411895564792568,124.52299479452078,21.13128737942899,103.39170741509179,103.39170741509172,31.469979768568074,688.5213333333332,0.6138750357709883,22.400000000000002
2906.579046457526,304.3762459809663,0.7,10000.0,0.9046425649873645,0.04035330758141919,0.0028823791129585137,14.411895564792568,124.52299479452078,21.13128737942899,103.39170741509179,103.39170741509172,31.469979768568074,688.5213333333332,0.6138750357709883,22.450000000000003
2906.579046457526,304.3762459809663,0.7,10000.0,0.9046425649873645,0.04035330758141919,0.0028823791129585137,14.411895564792568,124.52299479452078,21.13128737942899,103.39170741509179,103.39170741509172,31.469979768568074,688.5213333333332,0.6138750357709883,22.5
2906.579046457526,304.3762459809663,0.7,10000.0,0.9046425649873645,0.04035330758141919,0.0028823791129585137,14.411895564792568,124.52299479452078,21.13128737942899,103.39170741509179,103.39170741509172,31.469979768568074,688.5213333333332,0.6138750357709883,22.55
2906.579046457526,304.3762459809663,0.7,10000.0,0.9046425649873645,0.04035330758141919,0.0028823791129585137,14.411895564792568,124.52299479452078,21.13128737942899,103.39170741509179,103.39170741509172,31.469979768568074,688.5213333333332,0.6138750357709883,22.6
2906.579046457526,304.3762459809663,0.7,10000.0,0.9046425649873645,0.04035330758141919,0.0028823791129585137,14.411895564792568,124.52299479452078,21.13128737942899,103.39170741509179,103.39170741509172,31.469979768568074,688.5213333333332,0.6138750357709883,22.650000000000002
2906.579046457526,304.3762459809663,0.7,10000.0,0.9046425649873645,0.04035330758141919,0.0028823791129585137,14.411895564792568,124.52299479452078,21.13128737942899,103.39170741509179,103.39170741509172,31.469979768568074,688.5213333333332,0.6138750357709883,22.700000000000003
2906.579046457526,304.3762459809663,0.7,10000.0,0.9046425649873645,0.04035330758141919,0.0028823791129585137,14.411895564792568,124.52299479452078,21.13128737942899,103.39170741509179,103.39170741509172,31.469979768568074,688.5213333333332,0.6138750357709883,22.75
2906.579046457526,304.3762459809663,0.7,10000.0,0.9046425649873645,0.04035330758141919,0.0028823791129585137,14.411895564792568,124.52299479452078,21.13128737942899,103.39170741509179,103.39170741509172,31.469979768568074,688.5213333333332,0.6138750357709883,22.8
2906.579046457526,304.3762459809663,0.7,10000.0,0.9046425649873645,0.04035330758141919,0.0028823791129585137,14.411895564792568,124.52299479452078,21.13128737942899,103.39170741509179,103.39170741509172,31.469979768568074,688.5213333333332,0.6138750357709883,22.85
2906.579046457526,304.3762459809663,0.7,10000.0,0.9046425649873645,0.04035330758141919,0.0028823791129585137,14.411895564792568,124.52299479452078,21.13128737942899,103.39170741509179,103.39170741509172,31.469979768568074,688.5213333333332,0.6138750357709883,22.900000000000002
2906.579046457526,304.3762459809663,0.7,10000.0,0.9046425649873645,0.04035330758141919,0.0028823791129585137,14.411895564792568,124.52299479452078,21.13128737942899,103.39170741509179,103.39170741509172,31.469979768568074,688.5213333333332,0.6138750357709883,22.950000000000003
2906.579046457526,304.3762459809663,0.7,10000.0,0.9046425649873645,0.04035330758141919,0.0028823791129585137,14.411895564792568,124.52299479452078,21.13128737942899,103.39170741509179,103.39170741509172,31.469979768568074,688.5213333333332,0.6138750357709883,23.0
2906.579046457526,304.3762459809663,0.7,10000.0,0.9046425649873645,0.04035330758141919,0.0028823791129585137,14.411895564792568,124.52299479452078,21.13128737942899,103.39170741509179,103.39170741509172,31.469979768568074,688.5213333333332,0.6138750357709883,23.05
2906.579046457526,304.3762459809663,0.7,10000.0,0.9046425649873645,0.04035330758141919,0.0028823791129585137,14.411895564792568,124.52299479452078,21.13128737942899,103.39170741509179,103.39170741509172,31.469979768568074,688.5213333333332,0.6138750357709883,23.1
2906.579046457526,304.3762459809663,0.7,10000.0,0.9046425649873645,0.04035330758141919,0.0028823791129585137,14.411895564792568,124.52299479452078,21.13128737942899,103.39170741509179,103.39170741509172,31.469979768568074,688.5213333333332,0.6138750357709883,23.150000000000002
2906.579046457526,304.3762459809663,0.7,10000.0,0.9046425649873645,0.04035330758141919,0.0028823791129585137,14.411895564792568,124.52299479452078,21.13128737942899,103.39170741509179,103.39170741509172,31.469979768568074,688.5213333333332,0.6138750357709883,23.200000000000003
2906.579046457526,304.3762459809663,0.7,10000.0,0.9046425649873645,0.04035330758141919,0.0028823791129585137,14.411895564792568,124.52299479452078,21.13128737942899,103.39170741509179,103.39170741509172,31.469979768568074,688.5213333333332,0.6138750357709883,23.25
2906.579046457526,304.3762459809663,0.7,10000.0,0.9046425649873645,0.04035330758141919,0.0028823791129585137,14.411895564792568,124.52299479452078,21.13128737942899,103.39170741509179,103.39170741509172,31.469979768568074,688.5213333333332,0.6138750357709883,23.3
2906.579046457526,304.3762459809663,0.7,10000.0,0.9046425649873645,0.04035330758141919,0.0028823791129585137,14.411895564792568,124.52299479452078,21.13128737942899,103.39170741509179,103.39170741509172,31.469979768568074,688.5213333333332,0.6138750357709883,23.35
2906.579046457526,304.3762459809663,0.7,10000.0,0.9046425649873645,0.04035330758141919,0.0028823791129585137,14.411895564792568,124.52299479452078,21.13128737942899,103.39170741509179,103.39170741509172,31.469979768568074,688.5213333333332,0.6138750357709883,23.400000000000002
2906.579046457526,304.3762459809663,0.7,10000.0,0.9046425649873645,0.04035330758141919,0.0028823791129585137,14.411895564792568,124.52299479452078,21.13128737942899,103.39170741509179,103.39170741509172,31.469979768568074,688.5213333333332,0.6138750357709883,23.450000000000003
2906.579046457526,304.3762459809663,0.7,10000.0,0.9046425649873645,0.04035330758141919,0.0028823791129585137,14.411895564792568,124.52299479452078,21.13128737942899,103.39170741509179,103.39170741509172,31.469979768568074,688.5213333333332,0.6138750357709883,23.5
2906.579046457526,304.3762459809663,0.7,10000.0,0.9046425649873645,0.04035330758141919,0.0028823791129585137,14.411895564792568,124.52299479452078,21.13128737942899,103.39170741509179,103.39170741509172,31.469979768568074,688.5213333333332,0.6138750357709883,23.55
2906.579046457526,304.3762459809663,0.7,10000.0,0.9046425649873645,0.04035330758141919,0.0028823791129585137,14.411895564792568,124.52299479452078,21.13128737942899,103.39170741509179,103.39170741509172,31.469979768568074,688.5213333333332,0.6138750357709883,23.6
2906.579046457526,304.3762459809663,0.7,10000.0,0.9046425649873645,0.04035330758141919,0.0028823791129585137,14.411895564792568,124.52299479452078,21.13128737942899,103.39170741509179,103.39170741509172,31.469979768568074,688.5213333333332,0.6138750357709883,23.650000000000002
2906.579046457526,304.3762459809663,0.7,10000.0,0.9046425649873645,0.04035330758141919,0.0028823791129585137,14.411895564792568,124.52299479452078,21.13128737942899,103.39170741509179,103.39170741509172,31.469979768568074,688.5213333333332,0.6138750357709883,23.700000000000003
2906.579046457526,304.3762459809663,0.7,10000.0,0.9046425649873645,0.04035330758141919,0.0028823791129585137,14.411895564792568,124.52299479452078,21.13128737942899,103.39170741509179,103.39170741509172,31.469979768568074,688.5213333333332,0.6138750357709883,23.75
2906.579046457526,304.3762459809663,0.7,10000.0,0.9046425649873645,0.04035330758141919,0.0028823791129585137,14.411895564792568,124.52299479452078,21.13128737942899,103.39170741509179,103.39170741509172,31.469979768568074,688.5213333333332,0.6138750357709883,23.8
2906.579046457526,304.3762459809663,0.7,10000.0,0.9046425649873645,0.04035330758141919,0.0028823791129585137,14.411895564792568,124.52299479452078,21.13128737942899,103.39170741509179,103.39170741509172,31.469979768568074,688.5213333333332,0.6138750357709883,23.85
2906.579046457526,304.3762459809663,0.7,10000.0,0.9046425649873645,0.04035330758141919,0.0028823791129585137,14.411895564792568,124.52299479452078,21.13128737942899,103.39170741509179,103.39170741509172,31.469979768568074,688.5213333333332,0.6138750357709883,23.900000000000002
2906.579046457526,304.3762459809663,0.7,10000.0,0.9046425649873645,0.04035330758141919,0.0028823791129585137,14.411895564792568,124.52299479452078,21.13128737942899,103.39170741509179,103.39170741509172,31.469979768568074,688.5213333333332,0.6138750357709883,23.950000000000003
2906.579046457526,304.3762459809663,0.7,10000.0,0.9046425649873645,0.04035330758141919,0.0028823791129585137,14.411895564792568,124.52299479452078,21.13128737942899,103.39170741509179,103.39170741509172,31.469979768568074,688.5213333333332,0.6138750357709883,24.0
2906.579046457526,304.3762459809663,0.7,10000.0,0.9046425649873645,0.04035330758141919,0.0028823791129585137,14.411895564792568,124.52299479452078,21.13128737942899,103.39170741509179,103.39170741509172,31.469979768568074,688.5213333333332,0.6138750357709883,24.05
2906.579046457526,304.3762459809663,0.7,10000.0,0.9046425649873645,0.04035330758141919,0.0028823791129585137,14.411895564792568,124.52299479452078,21.13128737942899,103.39170741509179,103.39170741509172,31.469979768568074,688.5213333333332,0.6138750357709883,24.1
2906.579046457526,304.3762459809663,0.7,10000.0,0.9046425649873645,0.04035330758141919,0.0028823791129585137,14.411895564792568,124.52299479452078,21.13128737942899,103.39170741509179,103.39170741509172,31.469979768568074,688.5213333333332,0.6138750357709883,24.150000000000002
2906.579046457526,304.3762459809663,0.7,10000.0,0.9046425649873645,0.04035330758141919,0.0028823791129585137,14.411895564792568,124.52299479452078,21.13128737942899,103.39170741509179,103.39170741509172,31.469979768568074,688.5213333333332,0.6138750357709883,24.200000000000003
2906.579046457526,304.3762459809663,0.7,10000.0,0.9046425649873645,0.04035330758141919,0.0028823791129585137,14.411895564792568,124.52299479452078,21.13128737942899,103.39170741509179,103.39170741509172,31.469979768568074,688.5213333333332,0.6138750357709883,24.25
2906.579046457526,304.3762459809663,0.7,10000.0,0.9046425649873645,0.04035330758141919,0.0028823791129585137,14.411895564792568,124.52299479452078,21.13128737942899,103.39170741509179,103.39170741509172,31.469979768568074,688.5213333333332,0.6138750357709883,24.3
2906.579046457526,304.3762459809663,0.7,10000.0,0.9046425649873645,0.04035330758141919,0.0028823791129585137,14.411895564792568,124.52299479452078,21.13128737942899,103.39170741509179,103.39170741509172,31.469979768568074,688.5213333333332,0.6138750357709883,24.35
2906.579046457526,304.3762459809663,0.7,10000.0,0.9046425649873645,0.04035330758141919,0.0028823791129585137,14.411895564792568,124.52299479452078,21.13128737942899,103.39170741509179,103.39170741509172,31.469979768568074,688.5213333333332,0.6138750357709883,24.400000000000002
2906.579046457526,304.3762459809663,0.7,10000.0,0.9046425649873645,0.04035330758141919,0.0028823791129585137,14.411895564792568,124.52299479452078,21.13128737942899,103.39170741509179,103.39170741509172,31.469979768568074,688.5213333333332,0.6138750357709883,24.450000000000003
2906.579046457526,304.3762459809663,0.7,10000.0,0.9046425649873645,0.04035330758141919,0.0028823791129585137,14.411895564792568,124.52299479452078,21.13128737942899,103.39170741509179,103.39170741509172,31.469979768568074,688.5213333333332,0.6138750357709883,24.5
2906.579046457526,304.3762459809663,0.7,10000.0,0.9046425649873645,0.04035330758141919,0.0028823791129585137,14.411895564792568,124.52299479452078,21.13128737942899,103.39170741509179,103.39170741509172,31.469979768568074,688.5213333333332,0.6138750357709883,24.55
2906.579046457526,304.3762459809663,0.7,10000.0,0.9046425649873645,0.04035330758141919,0.0028823791129585137,14.411895564792568,124.52299479452078,21.13128737942899,103.39170741509179,103.39170741509172,31.469979768568074,688.5213333333332,0.6138750357709883,24.6
2906.579046457526,304.3762459809663,0.7,10000.0,0.9046425649873645,0.04035330758141919,0.0028823791129585137,14.411895564792568,124.52299479452078,21.13128737942899,103.39170741509179,103.39170741509172,31.469979768568074,688.5213333333332,0.6138750357709883,24.650000000000002
2906.579046457526,304.3762459809663,0.7,10000.0,0.9046425649873645,0.04035330758141919,0.0028823791129585137,14.411895564792568,124.52299479452078,21.13128737942899,103.39170741509179,103.39170741509172,31.469979768568074,688.5213333333332,0.6138750357709883,24.700000000000003
2906.579046457526,304.3762459809663,0.7,10000.0,0.9046425649873645,0.04035330758141919,0.0028823791129585137,14.411895564792568,124.52299479452078,21.13128737942899,103.39170741509179,103.39170741509172,31.469979768568074,688.5213333333332,0.6138750357709883,24.75
2906.579046457526,304.3762459809663,0.7,10000.0,0.9046425649873645,0.04035330758141919,0.0028823791129585137,14.411895564792568,124.52299479452078,21.13128737942899,103.39170741509179,103.39170741509172,31.469979768568074,688.5213333333332,0.6138750357709883,24.8
2906.579046457526,304.3762459809663,0.7,10000.0,0.9046425649873645,0.04035330758141919,0.0028823791129585137,14.411895564792568,124.52299479452078,21.13128737942899,103.39170741509179,103.39170741509172,31.469979768568074,688.5213333333332,0.6138750357709883,24.85
2906.579046457526,304.3762459809663,0.7,10000.0,0.9046425649873645,0.04035330758141919,0.0028823791129585137,14.411895564792568,124.52299479452078,21.13128737942899,103.39170741509179,103.39170741509172,31.469979768568074,688.5213333333332,0.6138750357709883,24.900000000000002
2906.579046457526,304.3762459809663,0.7,10000.0,0.9046425649873645,0.04035330758141919,0.0028823791129585137,14.411895564792568,124.52299479452078,21.13128737942899,103.39170741509179,103.39170741509172,31.469979768568074,688.5213333333332,0.6138750357709883,24.950000000000003
2906.579046457526,304.3762459809663,0.7,10000.0,0.9046425649873645,0.04035330758141919,0.0028823791129585137,14.411895564792568,124.52299479452078,21.13128737942899,103.39170741509179,103.39170741509172,31.469979768568074,688.5213333333332,0.6138750357709883,25.0
2906.579046457526,304.3762459809663,0.7,10000.0,0.9046425649873645,0.04035330758141919,0.0028823791129585137,14.411895564792568,124.52299479452078,21.13128737942899,103.39170741509179,103.39170741509172,31.469979768568074,688.5213333333332,0.6138750357709883,25.05
2906.579046457526,304.3762459809663,0.7,10000.0,0.9046425649873645,0.04035330758141919,0.0028823791129585137,14.411895564792568,124.52299479452078,21.13128737942899,103.39170741509179,103.39170741509172,31.469979768568074,688.5213333333332,0.6138750357709883,25.1
2906.579046457526,304.3762459809663,0.7,10000.0,0.9046425649873645,0.04035330758141919,0.0028823791129585137,14.411895564792568,124.52299479452078,21.13128737942899,103.39170741509179,103.39170741509172,31.469979768568074,688.5213333333332,0.6138750357709883,25.150000000000002
2906.579046457526,304.3762459809663,0.7,10000.0,0.9046425649873645,0.04035330758141919,0.0028823791129585137,14.411895564792568,124.52299479452078,21.13128737942899,103.39170741509179,103.39170741509172,31.469979768568074,688.5213333333332,0.6138750357709883,25.200000000000003
2906.579046457526,304.3762459809663,0.7,10000.0,0.9046425649873645,0.04035330758141919,0.0028823791129585137,14.411895564792568,124.52299479452078,21.13128737942899,103.39170741509179,103.39170741509172,31.469979768568074,688.5213333333332,0.6138750357709883,25.25
2906.579046457526,304.3762459809663,0.7,10000.0,0.9046425649873645,0.04035330758141919,0.0028823791129585137,14.411895564792568,124.52299479452078,21.13128737942899,103.39170741509179,103.39170741509172,31.469979768568074,688.5213333333332,0.6138750357709883,25.3
2906.579046457526,304.3762459809663,0.7,10000.0,0.9046425649873645,0.04035330758141919,0.0028823791129585137,14.411895564792568,124.52299479452078,21.13128737942899,103.39170741509179,103.39170741509172,31.469979768568074,688.5213333333332,0.6138750357709883,25.35
2906.579046457526,304.3762459809663,0.7,10000.0,0.9046425649873645,0.04035330758141919,0.0028823791129585137,14.411895564792568,124.52299479452078,21.13128737942899,103.39170741509179,103.39170741509172,31.469979768568074,688.5213333333332,0.6138750357709883,25.400000000000002
2906.579046457526,304.3762459809663,0.7,10000.0,0.9046425649873645,0.04035330758141919,0.0028823791129585137,14.411895564792568,124.52299479452078,21.13128737942899,103.39170741509179,103.39170741509172,31.469979768568074,688.5213333333332,0.6138750357709883,25.450000000000003
2906.579046457526,304.3762459809663,0.7,10000.0,0.9046425649873645,0.04035330758141919,0.0028823791129585137,14.411895564792568,124.52299479452078,21.13128737942899,103.39170741509179,103.39170741509172,31.469979768568074,688.5213333333332,0.6138750357709883,25.5
2906.579046457526,304.3762459809663,0.7,10000.0,0.9046425649873645,0.04035330758141919,0.0028823791129585137,14.411895564792568,124.52299479452078,21.13128737942899,103.39170741509179,103.39170741509172,31.469979768568074,688.5213333333332,0.6138750357709883,25.55
2906.579046457526,304.3762459809663,0.7,10000.0,0.9046425649873645,0.04035330758141919,0.0028823791129585137,14.411895564792568,124.52299479452078,21.13128737942899,103.39170741509179,103.39170741509172,31.469979768568074,688.5213333333332,0.6138750357709883,25.6
2906.579046457526,304.3762459809663,0.7,10000.0,0.9046425649873645,0.04035330758141919,0.0028823791129585137,14.411895564792568,124.52299479452078,21.13128737942899,103.39170741509179,103.39170741509172,31.469979768568074,688.5213333333332,0.6138750357709883,25.650000000000002
2906.579046457526,304.3762459809663,0.7,10000.0,0.9046425649873645,0.04035330758141919,0.0028823791129585137,14.411895564792568,124.52299479452078,21.13128737942899,103.39170741509179,103.39170741509172,31.469979768568074,688.5213333333332,0.6138750357709883,25.700000000000003
2906.579046457526,304.3762459809663,0.7,10000.0,0.9046425649873645,0.04035330758141919,0.0028823791129585137,14.411895564792568,124.52299479452078,21.13128737942899,103.39170741509179,103.39170741509172,31.469979768568074,688.5213333333332,0.6138750357709883,25.75
2906.579046457526,304.3762459809663,0.7,10000.0,0.9046425649873645,0.04035330758141919,0.0028823791129585137,14.411895564792568,124.52299479452078,21.13128737942899,103.39170741509179,103.39170741509172,31.469979768568074,688.5213333333332,0.6138750357709883,25.8
2906.579046457526,304.3762459809663,0.7,10000.0,0.9046425649873645,0.04035330758141919,0.0028823791129585137,14.411895564792568,124.52299479452078,21.13128737942899,103.39170741509179,103.39170741509172,31.469979768568074,688.5213333333332,0.6138750357709883,25.85
2906.579046457526,304.3762459809663,0.7,10000.0,0.9046425649873645,0.04035330758141919,0.0028823791129585137,14.411895564792568,124.52299479452078,21.13128737942899,103.39170741509179,103.39170741509172,31.469979768568074,688.5213333333332,0.6138750357709883,25.900000000000002
2906.579046457526,304.3762459809663,0.7,10000.0,0.9046425649873645,0.04035330758141919,0.0028823791129585137,14.411895564792568,124.52299479452078,21.13128737942899,103.39170741509179,103.39170741509172,31.469979768568074,688.5213333333332,0.6138750357709883,25.950000000000003
2906.579046457526,304.3762459809663,0.7,10000.0,0.9046425649873645,0.04035330758141919,0.0028823791129585137,14.411895564792568,124.52299479452078,21.13128737942899,103.39170741509179,103.39170741509172,31.469979768568074,688.5213333333332,0.6138750357709883,26.0
2906.579046457526,304.3762459809663,0.7,10000.0,0.9046425649873645,0.04035330758141919,0.0028823791129585137,14.411895564792568,124.52299479452078,21.13128737942899,103.39170741509179,103.39170741509172,31.469979768568074,688.5213333333332,0.6138750357709883,26.05
2906.579046457526,304.3762459809663,0.7,10000.0,0.9046425649873645,0.04035330758141919,0.0028823791129585137,14.411895564792568,124.52299479452078,21.13128737942899,103.39170741509179,103.39170741509172,31.469979768568074,688.5213333333332,0.6138750357709883,26.1
2906.579046457526,304.3762459809663,0.7,10000.0,0.9046425649873645,0.04035330758141919,0.0028823791129585137,14.411895564792568,124.52299479452078,21.13128737942899,103.39170741509179,103.39170741509172,31.469979768568074,688.5213333333332,0.6138750357709883,26.150000000000002
2906.579046457526,304.3762459809663,0.7,10000.0,0.9046425649873645,0.04035330758141919,0.0028823791129585137,14.411895564792568,124.52299479452078,21.13128737942899,103.39170741509179,103.39170741509172,31.469979768568074,688.5213333333332,0.6138750357709883,26.200000000000003
2906.579046457526,304.3762459809663,0.7,10000.0,0.9046425649873645,0.04035330758141919,0.0028823791129585137,14.411895564792568,124.52299479452078,21.13128737942899,103.39170741509179,103.39170741509172,31.469979768568074,688.5213333333332,0.6138750357709883,26.25
2906.579046457526,304.3762459809663,0.7,10000.0,0.9046425649873645,0.04035330758141919,0.0028823791129585137,14.411895564792568,124.52299479452078,21.13128737942899,103.39170741509179,103.39170741509172,31.469979768568074,688.5213333333332,0.6138750357709883,26.3
2906.579046457526,304.3762459809663,0.7,10000.0,0.9046425649873645,0.04035330758141919,0.0028823791129585137,14.411895564792568,124.52299479452078,21.13128737942899,103.39170741509179,103.39170741509172,31.469979768568074,688.5213333333332,0.6138750357709883,26.35
2906.579046457526,304.3762459809663,0.7,10000.0,0.9046425649873645,0.04035330758141919,0.0028823791129585137,14.411895564792568,124.52299479452078,21.13128737942899,103.39170741509179,103.39170741509172,31.469979768568074,688.5213333333332,0.6138750357709883,26.400000000000002
2906.579046457526,304.3762459809663,0.7,10000.0,0.9046425649873645,0.04035330758141919,0.0028823791129585137,14.411895564792568,124.52299479452078,21.13128737942899,103.39170741509179,103.39170741509172,31.469979768568074,688.5213333333332,0.6138750357709883,26.450000000000003
2906.579046457526,304.3762459809663,0.7,10000.0,0.9046425649873645,0.04035330758141919,0.0028823791129585137,14.411895564792568,124.52299479452078,21.13128737942899,103.39170741509179,103.39170741509172,31.469979768568074,688.5213333333332,0.6138750357709883,26.5
2906.579046457526,304.3762459809663,0.7,10000.0,0.9046425649873645,0.04035330758141919,0.0028823791129585137,14.411895564792568,124.52299479452078,21.13128737942899,103.39170741509179,103.39170741509172,31.469979768568074,688.5213333333332,0.6138750357709883,26.55
2906.579046457526,304.3762459809663,0.7,10000.0,0.9046425649873645,0.04035330758141919,0.0028823791129585137,14.411895564792568,124.52299479452078,21.13128737942899,103.39170741509179,103.39170741509172,31.469979768568074,688.5213333333332,0.6138750357709883,26.6
2906.579046457526,304.3762459809663,0.7,10000.0,0.9046425649873645,0.04035330758141919,0.0028823791129585137,14.411895564792568,124.52299479452078,21.13128737942899,103.39170741509179,103.39170741509172,31.469979768568074,688.5213333333332,0.6138750357709883,26.650000000000002
2906.579046457526,304.3762459809663,0.7,10000.0,0.9046425649873645,0.04035330758141919,0.0028823791129585137,14.411895564792568,124.52299479452078,21.13128737942899,103.39170741509179,103.39170741509172,31.469979768568074,688.5213333333332,0.6138750357709883,26.700000000000003
2906.579046457526,304.3762459809663,0.7,10000.0,0.9046425649873645,0.04035330758141919,0.0028823791129585137,14.411895564792568,124.52299479452078,21.13128737942899,103.39170741509179,103.39170741509172,31.469979768568074,688.5213333333332,0.6138750357709883,26.75
2906.579046457526,304.3762459809663,0.7,10000.0,0.9046425649873645,0.04035330758141919,0.0028823791129585137,14.411895564792568,124.52299479452078,21.13128737942899,103.39170741509179,103.39170741509172,31.469979768568074,688.5213333333332,0.6138750357709883,26.8
2906.579046457526,304.3762459809663,0.7,10000.0,0.9046425649873645,0.04035330758141919,0.0028823791129585137,14.411895564792568,124.52299479452078,21.13128737942899,103.39170741509179,103.39170741509172,31.469979768568074,688.5213333333332,0.6138750357709883,26.85
2906.579046457526,304.3762459809663,0.7,10000.0,0.9046425649873645,0.04035330758141919,0.0028823791129585137,14.411895564792568,124.52299479452078,21.13128737942899,103.39170741509179,103.39170741509172,31.469979768568074,688.5213333333332,0.6138750357709883,26.900000000000002
2906.579046457526,304.3762459809663,0.7,10000.0,0.9046425649873645,0.04035330758141919,0.0028823791129585137,14.411895564792568,124.52299479452078,21.13128737942899,103.39170741509179,103.39170741509172,31.469979768568074,688.5213333333332,0.6138750357709883,26.950000000000003
2906.579046457526,304.3762459809663,0.7,10000.0,0.9046425649873645,0.04035330758141919,0.0028823791129585137,14.411895564792568,124.52299479452078,21.13128737942899,103.39170741509179,103.39170741509172,31.469979768568074,688.5213333333332,0.6138750357709883,27.0
2906.579046457526,304.3762459809663,0.7,10000.0,0.9046425649873645,0.04035330758141919,0.0028823791129585137,14.411895564792568,124.52299479452078,21.13128737942899,103.39170741509179,103.39170741509172,31.469979768568074,688.5213333333332,0.6138750357709883,27.05
2906.579046457526,304.3762459809663,0.7,10000.0,0.9046425649873645,0.04035330758141919,0.0028823791129585137,14.411895564792568,124.52299479452078,21.13128737942899,103.39170741509179,103.39170741509172,31.469979768568074,688.5213333333332,0.6138750357709883,27.1
2906.579046457526,304.3762459809663,0.7,10000.0,0.9046425649873645,0.04035330758141919,0.0028823791129585137,14.411895564792568,124.52299479452078,21.13128737942899,103.39170741509179,103.39170741509172,31.469979768568074,688.5213333333332,0.6138750357709883,27.150000000000002
2906.579046457526,304.3762459809663,0.7,10000.0,0.9046425649873645,0.04035330758141919,0.0028823791129585137,14.411895564792568,124.52299479452078,21.13128737942899,103.39170741509179,103.39170741509172,31.469979768568074,688.5213333333332,0.6138750357709883,27.200000000000003
2906.579046457526,304.3762459809663,0.7,10000.0,0.9046425649873645,0.04035330758141919,0.0028823791129585137,14.411895564792568,124.52299479452078,21.13128737942899,103.39170741509179,103.39170741509172,31.469979768568074,688.5213333333332,0.6138750357709883,27.25
2906.579046457526,304.3762459809663,0.7,10000.0,0.9046425649873645,0.04035330758141919,0.0028823791129585137,14.411895564792568,124.52299479452078,21.13128737942899,103.39170741509179,103.39170741509172,31.469979768568074,688.5213333333332,0.6138750357709883,27.3
2906.579046457526,304.3762459809663,0.7,10000.0,0.9046425649873645,0.04035330758141919,0.0028823791129585137,14.411895564792568,124.52299479452078,21.13128737942899,103.39170741509179,103.39170741509172,31.469979768568074,688.5213333333332,0.6138750357709883,27.35
2906.579046457526,304.3762459809663,0.7,10000.0,0.9046425649873645,0.04035330758141919,0.0028823791129585137,14.411895564792568,124.52299479452078,21.13128737942899,103.39170741509179,103.39170741509172,31.469979768568074,688.5213333333332,0.6138750357709883,27.400000000000002
2906.579046457526,304.3762459809663,0.7,10000.0,0.9046425649873645,0.04035330758141919,0.0028823791129585137,14.411895564792568,124.52299479452078,21.13128737942899,103.39170741509179,103.39170741509172,31.469979768568074,688.5213333333332,0.6138750357709883,27.450000000000003
2906.579046457526,304.3762459809663,0.7,10000.0,0.9046425649873645,0.04035330758141919,0.0028823791129585137,14.411895564792568,124.52299479452078,21.13128737942899,103.39170741509179,103.39170741509172,31.469979768568074,688.5213333333332,0.6138750357709883,27.5
2906.579046457526,304.3762459809663,0.7,10000.0,0.9046425649873645,0.04035330758141919,0.0028823791129585137,14.411895564792568,124.52299479452078,21.13128737942899,103.39170741509179,103.39170741509172,31.469979768568074,688.5213333333332,0.6138750357709883,27.55
2906.579046457526,304.3762459809663,0.7,10000.0,0.9046425649873645,0.04035330758141919,0.0028823791129585137,14.411895564792568,124.52299479452078,21.13128737942899,103.39170741509179,103.39170741509172,31.469979768568074,688.5213333333332,0.6138750357709883,27.6
2906.579046457526,304.3762459809663,0.7,10000.0,0.9046425649873645,0.04035330758141919,0.0028823791129585137,14.411895564792568,124.52299479452078,21.13128737942899,103.39170741509179,103.39170741509172,31.469979768568074,688.5213333333332,0.6138750357709883,27.650000000000002
2906.579046457526,304.3762459809663,0.7,10000.0,0.9046425649873645,0.04035330758141919,0.0028823791129585137,14.411895564792568,124.52299479452078,21.13128737942899,103.39170741509179,103.39170741509172,31.469979768568074,688.5213333333332,0.6138750357709883,27.700000000000003
2906.579046457526,304.3762459809663,0.7,10000.0,0.9046425649873645,0.04035330758141919,0.0028823791129585137,14.411895564792568,124.52299479452078,21.13128737942899,103.39170741509179,103.39170741509172,31.469979768568074,688.5213333333332,0.6138750357709883,27.75
2906.579046457526,304.3762459809663,0.7,10000.0,0.9046425649873645,0.04035330758141919,0.0028823791129585137,14.411895564792568,124.52299479452078,21.13128737942899,103.39170741509179,103.39170741509172,31.469979768568074,688.5213333333332,0.6138750357709883,27.8
2906.579046457526,304.3762459809663,0.7,10000.0,0.9046425649873645,0.04035330758141919,0.0028823791129585137,14.411895564792568,124.52299479452078,21.13128737942899,103.39170741509179,103.39170741509172,31.469979768568074,688.5213333333332,0.6138750357709883,27.85
2906.579046457526,304.3762459809663,0.7,10000.0,0.9046425649873645,0.04035330758141919,0.0028823791129585137,14.411895564792568,124.52299479452078,21.13128737942899,103.39170741509179,103.39170741509172,31.469979768568074,688.5213333333332,0.6138750357709883,27.900000000000002
2906.579046457526,304.3762459809663,0.7,10000.0,0.9046425649873645,0.04035330758141919,0.0028823791129585137,14.411895564792568,124.52299479452078,21.13128737942899,103.39170741509179,103.39170741509172,31.469979768568074,688.5213333333332,0.6138750357709883,27.950000000000003
2906.579046457526,304.3762459809663,0.7,10000.0,0.9046425649873645,0.04035330758141919,0.0028823791129585137,14.411895564792568,124.52299479452078,21.13128737942899,103.39170741509179,103.39170741509172,31.469979768568074,688.5213333333332,0.6138750357709883,28.0
2906.579046457526,304.3762459809663,0.7,10000.0,0.9046425649873645,0.04035330758141919,0.0028823791129585137,14.411895564792568,124.52299479452078,21.13128737942899,103.39170741509179,103.39170741509172,31.469979768568074,688.5213333333332,0.6138750357709883,28.05
2906.579046457526,304.3762459809663,0.7,10000.0,0.9046425649873645,0.04035330758141919,0.0028823791129585137,14.411895564792568,124.52299479452078,21.13128737942899,103.39170741509179,103.39170741509172,31.469979768568074,688.5213333333332,0.6138750357709883,28.1
2906.579046457526,304.3762459809663,0.7,10000.0,0.9046425649873645,0.04035330758141919,0.0028823791129585137,14.411895564792568,124.52299479452078,21.13128737942899,103.39170741509179,103.39170741509172,31.469979768568074,688.5213333333332,0.6138750357709883,28.150000000000002
2906.579046457526,304.3762459809663,0.7,10000.0,0.9046425649873645,0.04035330758141919,0.0028823791129585137,14.411895564792568,124.52299479452078,21.13128737942899,103.39170741509179,103.39170741509172,31.469979768568074,688.5213333333332,0.6138750357709883,28.200000000000003
2906.579046457526,304.3762459809663,0.7,10000.0,0.9046425649873645,0.04035330758141919,0.0028823791129585137,14.411895564792568,124.52299479452078,21.13128737942899,103.39170741509179,103.39170741509172,31.469979768568074,688.5213333333332,0.6138750357709883,28.25
2906.579046457526,304.3762459809663,0.7,10000.0,0.9046425649873645,0.04035330758141919,0.0028823791129585137,14.411895564792568,124.52299479452078,21.13128737942899,103.39170741509179,103.39170741509172,31.469979768568074,688.5213333333332,0.6138750357709883,28.3
2906.579046457526,304.3762459809663,0.7,10000.0,0.9046425649873645,0.04035330758141919,0.0028823791129585137,14.411895564792568,124.52299479452078,21.13128737942899,103.39170741509179,103.39170741509172,31.469979768568074,688.5213333333332,0.6138750357709883,28.35
2906.579046457526,304.3762459809663,0.7,10000.0,0.9046425649873645,0.04035330758141919,0.0028823791129585137,14.411895564792568,124.52299479452078,21.13128737942899,103.39170741509179,103.39170741509172,31.469979768568074,688.5213333333332,0.6138750357709883,28.400000000000002
2906.579046457526,304.3762459809663,0.7,10000.0,0.9046425649873645,0.04035330758141919,0.0028823791129585137,14.411895564792568,124.52299479452078,21.13128737942899,103.39170741509179,103.39170741509172,31.469979768568074,688.5213333333332,0.6138750357709883,28.450000000000003
2906.579046457526,304.3762459809663,0.7,10000.0,0.9046425649873645,0.04035330758141919,0.0028823791129585137,14.411895564792568,124.52299479452078,21.13128737942899,103.39170741509179,103.39170741509172,31.469979768568074,688.5213333333332,0.6138750357709883,28.5
2906.579046457526,304.3762459809663,0.7,10000.0,0.9046425649873645,0.04035330758141919,0.0028823791129585137,14.411895564792568,124.52299479452078,21.13128737942899,103.39170741509179,103.39170741509172,31.469979768568074,688.5213333333332,0.6138750357709883,28.55
2906.579046457526,304.3762459809663,0.7,10000.0,0.9046425649873645,0.04035330758141919,0.0028823791129585137,14.411895564792568,124.52299479452078,21.13128737942899,103.39170741509179,103.39170741509172,31.469979768568074,688.5213333333332,0.6138750357709883,28.6
2906.579046457526,304.3762459809663,0.7,10000.0,0.9046425649873645,0.04035330758141919,0.0028823791129585137,14.411895564792568,124.52299479452078,21.13128737942899,103.39170741509179,103.39170741509172,31.469979768568074,688.5213333333332,0.6138750357709883,28.650000000000002
2906.579046457526,304.3762459809663,0.7,10000.0,0.9046425649873645,0.04035330758141919,0.0028823791129585137,14.411895564792568,124.52299479452078,21.13128737942899,103.39170741509179,103.39170741509172,31.469979768568074,688.5213333333332,0.6138750357709883,28.700000000000003
2906.579046457526,304.3762459809663,0.7,10000.0,0.9046425649873645,0.04035330758141919,0.0028823791129585137,14.411895564792568,124.52299479452078,21.13128737942899,103.39170741509179,103.39170741509172,31.469979768568074,688.5213333333332,0.6138750357709883,28.75
2906.579046457526,304.3762459809663,0.7,10000.0,0.9046425649873645,0.04035330758141919,0.0028823791129585137,14.411895564792568,124.52299479452078,21.13128737942899,103.39170741509179,103.39170741509172,31.469979768568074,688.5213333333332,0.6138750357709883,28.8
2906.579046457526,304.3762459809663,0.7,10000.0,0.9046425649873645,0.04035330758141919,0.0028823791129585137,14.411895564792568,124.52299479452078,21.13128737942899,103.39170741509179,103.39170741509172,31.469979768568074,688.5213333333332,0.6138750357709883,28.85
2906.579046457526,304.3762459809663,0.7,10000.0,0.9046425649873645,0.04035330758141919,0.0028823791129585137,14.411895564792568,124.52299479452078,21.13128737942899,103.39170741509179,103.39170741509172,31.469979768568074,688.5213333333332,0.6138750357709883,28.900000000000002
2906.579046457526,304.3762459809663,0.7,10000.0,0.9046425649873645,0.04035330758141919,0.0028823791129585137,14.411895564792568,124.52299479452078,21.13128737942899,103.39170741509179,103.39170741509172,31.469979768568074,688.5213333333332,0.6138750357709883,28.950000000000003
2906.579046457526,304.3762459809663,0.7,10000.0,0.9046425649873645,0.04035330758141919,0.0028823791129585137,14.411895564792568,124.52299479452078,21.13128737942899,103.39170741509179,103.39170741509172,31.469979768568074,688.5213333333332,0.6138750357709883,29.0
2906.579046457526,304.3762459809663,0.7,10000.0,0.9046425649873645,0.04035330758141919,0.0028823791129585137,14.411895564792568,124.52299479452078,21.13128737942899,103.39170741509179,103.39170741509172,31.469979768568074,688.5213333333332,0.6138750357709883,29.05
2906.579046457526,304.3762459809663,0.7,10000.0,0.9046425649873645,0.04035330758141919,0.0028823791129585137,14.411895564792568,124.52299479452078,21.13128737942899,103.39170741509179,103.39170741509172,31.469979768568074,688.5213333333332,0.6138750357709883,29.1
2906.579046457526,304.3762459809663,0.7,10000.0,0.9046425649873645,0.04035330758141919,0.0028823791129585137,14.411895564792568,124.52299479452078,21.13128737942899,103.39170741509179,103.39170741509172,31.469979768568074,688.5213333333332,0.6138750357709883,29.150000000000002
2906.579046457526,304.3762459809663,0.7,10000.0,0.9046425649873645,0.04035330758141919,0.0028823791129585137,14.411895564792568,124.52299479452078,21.13128737942899,103.39170741509179,103.39170741509172,31.469979768568074,688.5213333333332,0.6138750357709883,29.200000000000003
2906.579046457526,304.3762459809663,0.7,10000.0,0.9046425649873645,0.04035330758141919,0.0028823791129585137,14.411895564792568,124.52299479452078,21.13128737942899,103.39170741509179,103.39170741509172,31.469979768568074,688.5213333333332,0.6138750357709883,29.25
2906.579046457526,304.3762459809663,0.7,10000.0,0.9046425649873645,0.04035330758141919,0.0028823791129585137,14.411895564792568,124.52299479452078,21.13128737942899,103.39170741509179,103.39170741509172,31.469979768568074,688.5213333333332,0.6138750357709883,29.3
2906.579046457526,304.3762459809663,0.7,10000.0,0.9046425649873645,0.04035330758141919,0.0028823791129585137,14.411895564792568,124.52299479452078,21.13128737942899,103.39170741509179,103.39170741509172,31.469979768568074,688.5213333333332,0.6138750357709883,29.35
2906.579046457526,304.3762459809663,0.7,10000.0,0.9046425649873645,0.04035330758141919,0.0028823791129585137,14.411895564792568,124.52299479452078,21.13128737942899,103.39170741509179,103.39170741509172,31.469979768568074,688.5213333333332,0.6138750357709883,29.400000000000002
2906.579046457526,304.3762459809663,0.7,10000.0,0.9046425649873645,0.04035330758141919,0.0028823791129585137,14.411895564792568,124.52299479452078,21.13128737942899,103.39170741509179,103.39170741509172,31.469979768568074,688.5213333333332,0.6138750357709883,29.450000000000003
2906.579046457526,304.3762459809663,0.7,10000.0,0.9046425649873645,0.04035330758141919,0.0028823791129585137,14.411895564792568,124.52299479452078,21.13128737942899,103.39170741509179,103.39170741509172,31.469979768568074,688.5213333333332,0.6138750357709883,29.5
2906.579046457526,304.3762459809663,0.7,10000.0,0.9046425649873645,0.04035330758141919,0.0028823791129585137,14.411895564792568,124.52299479452078,21.13128737942899,103.39170741509179,103.39170741509172,31.469979768568074,688.5213333333332,0.6138750357709883,29.55
2906.579046457526,304.3762459809663,0.7,10000.0,0.9046425649873645,0.04035330758141919,0.0028823791129585137,14.411895564792568,124.52299479452078,21.13128737942899,103.39170741509179,103.39170741509172,31.469979768568074,688.5213333333332,0.6138750357709883,29.6
2906.579046457526,304.3762459809663,0.7,10000.0,0.9046425649873645,0.04035330758141919,0.0028823791129585137,14.411895564792568,124.52299479452078,21.13128737942899,103.39170741509179,103.39170741509172,31.469979768568074,688.5213333333332,0.6138750357709883,29.650000000000002
2906.579046457526,304.3762459809663,0.7,10000.0,0.9046425649873645,0.04035330758141919,0.0028823791129585137,14.411895564792568,124.52299479452078,21.13128737942899,103.39170741509179,103.39170741509172,31.469979768568074,688.5213333333332,0.6138750357709883,29.700000000000003
2906.579046457526,304.3762459809663,0.7,10000.0,0.9046425649873645,0.04035330758141919,0.0028823791129585137,14.411895564792568,124.52299479452078,21.13128737942899,103.39170741509179,103.39170741509172,31.469979768568074,688.5213333333332,0.6138750357709883,29.75
2906.579046457526,304.3762459809663,0.7,10000.0,0.9046425649873645,0.04035330758141919,0.0028823791129585137,14.411895564792568,124.52299479452078,21.13128737942899,103.39170741509179,103.39170741509172,31.469979768568074,688.5213333333332,0.6138750357709883,29.8
2906.579046457526,304.3762459809663,0.7,10000.0,0.9046425649873645,0.04035330758141919,0.0028823791129585137,14.411895564792568,124.52299479452078,21.13128737942899,103.39170741509179,103.39170741509172,31.469979768568074,688.5213333333332,0.6138750357709883,29.85
2906.579046457526,304.3762459809663,0.7,10000.0,0.9046425649873645,0.04035330758141919,0.0028823791129585137,14.411895564792568,124.52299479452078,21.13128737942899,103.39170741509179,103.39170741509172,31.469979768568074,688.5213333333332,0.6138750357709883,29.900000000000002
2906.579046457526,304.3762459809663,0.7,10000.0,0.9046425649873645,0.04035330758141919,0.0028823791129585137,14.411895564792568,124.52299479452078,21.13128737942899,103.39170741509179,103.39170741509172,31.469979768568074,688.5213333333332,0.6138750357709883,29.950000000000003
2906.579046457526,304.3762459809663,0.7,10000.0,0.9046425649873645,0.04035330758141919,0.0028823791129585137,14.411895564792568,124.52299479452078,21.13128737942899,103.39170741509179,103.39170741509172,31.469979768568074,688.5213333333332,0.6138750357709883,30.0
2906.579046457526,304.3762459809663,0.7,10000.0,0.9046425649873645,0.04035330758141919,0.0028823791129585137,14.411895564792568,124.52299479452078,21.13128737942899,103.39170741509179,103.39170741509172,31.469979768568074,688.5213333333332,0.6138750357709883,30.05
2906.579046457526,304.3762459809663,0.7,10000.0,0.9046425649873645,0.04035330758141919,0.0028823791129585137,14.411895564792568,124.52299479452078,21.13128737942899,103.39170741509179,103.39170741509172,31.469979768568074,688.5213333333332,0.6138750357709883,30.1
2906.579046457526,304.3762459809663,0.7,10000.0,0.9046425649873645,0.04035330758141919,0.0028823791129585137,14.411895564792568,124.52299479452078,21.13128737942899,103.39170741509179,103.39170741509172,31.469979768568074,688.5213333333332,0.6138750357709883,30.150000000000002
2906.579046457526,304.3762459809663,0.7,10000.0,0.9046425649873645,0.04035330758141919,0.0028823791129585137,14.411895564792568,124.52299479452078,21.13128737942899,103.39170741509179,103.39170741509172,31.469979768568074,688.5213333333332,0.6138750357709883,30.200000000000003
2906.579046457526,304.3762459809663,0.7,10000.0,0.9046425649873645,0.04035330758141919,0.0028823791129585137,14.411895564792568,124.52299479452078,21.13128737942899,103.39170741509179,103.39170741509172,31.469979768568074,688.5213333333332,0.6138750357709883,30.25
2906.579046457526,304.3762459809663,0.7,10000.0,0.9046425649873645,0.04035330758141919,0.0028823791129585137,14.411895564792568,124.52299479452078,21.13128737942899,103.39170741509179,103.39170741509172,31.469979768568074,688.5213333333332,0.6138750357709883,30.3
2906.579046457526,304.3762459809663,0.7,10000.0,0.9046425649873645,0.04035330758141919,0.0028823791129585137,14.411895564792568,124.52299479452078,21.13128737942899,103.39170741509179,103.39170741509172,31.469979768568074,688.5213333333332,0.6138750357709883,30.35
2906.579046457526,304.3762459809663,0.7,10000.0,0.9046425649873645,0.04035330758141919,0.0028823791129585137,14.411895564792568,124.52299479452078,21.13128737942899,103.39170741509179,103.39170741509172,31.469979768568074,688.5213333333332,0.6138750357709883,30.400000000000002
2906.579046457526,304.3762459809663,0.7,10000.0,0.9046425649873645,0.04035330758141919,0.0028823791129585137,14.411895564792568,124.52299479452078,21.13128737942899,103.39170741509179,103.39170741509172,31.469979768568074,688.5213333333332,0.6138750357709883,30.450000000000003
2906.579046457526,304.3762459809663,0.7,10000.0,0.9046425649873645,0.04035330758141919,0.0028823791129585137,14.411895564792568,124.52299479452078,21.13128737942899,103.39170741509179,103.39170741509172,31.469979768568074,688.5213333333332,0.6138750357709883,30.5
2906.579046457526,304.3762459809663,0.7,10000.0,0.9046425649873645,0.04035330758141919,0.0028823791129585137,14.411895564792568,124.52299479452078,21.13128737942899,103.39170741509179,103.39170741509172,31.469979768568074,688.5213333333332,0.6138750357709883,30.55
2906.579046457526,304.3762459809663,0.7,10000.0,0.9046425649873645,0.04035330758141919,0.0028823791129585137,14.411895564792568,124.52299479452078,21.13128737942899,103.39170741509179,103.39170741509172,31.469979768568074,688.5213333333332,0.6138750357709883,30.6
2906.579046457526,304.3762459809663,0.7,10000.0,0.9046425649873645,0.04035330758141919,0.0028823791129585137,14.411895564792568,124.52299479452078,21.13128737942899,103.39170741509179,103.39170741509172,31.469979768568074,688.5213333333332,0.6138750357709883,30.650000000000002
2906.579046457526,304.3762459809663,0.7,10000.0,0.9046425649873645,0.04035330758141919,0.0028823791129585137,14.411895564792568,124.52299479452078,21.13128737942899,103.39170741509179,103.39170741509172,31.469979768568074,688.5213333333332,0.6138750357709883,30.700000000000003
2906.579046457526,304.3762459809663,0.7,10000.0,0.9046425649873645,0.04035330758141919,0.0028823791129585137,14.411895564792568,124.52299479452078,21.13128737942899,103.39170741509179,103.39170741509172,31.469979768568074,688.5213333333332,0.6138750357709883,30.75
2906.579046457526,304.3762459809663,0.7,10000.0,0.9046425649873645,0.04035330758141919,0.0028823791129585137,14.411895564792568,124.52299479452078,21.13128737942899,103.39170741509179,103.39170741509172,31.469979768568074,688.5213333333332,0.6138750357709883,30.8
2906.579046457526,304.3762459809663,0.7,10000.0,0.9046425649873645,0.04035330758141919,0.0028823791129585137,14.411895564792568,124.52299479452078,21.13128737942899,103.39170741509179,103.39170741509172,31.469979768568074,688.5213333333332,0.6138750357709883,30.85
2906.579046457526,304.3762459809663,0.7,10000.0,0.9046425649873645,0.04035330758141919,0.0028823791129585137,14.411895564792568,124.52299479452078,21.13128737942899,103.39170741509179,103.39170741509172,31.469979768568074,688.5213333333332,0.6138750357709883,30.900000000000002
2906.579046457526,304.3762459809663,0.7,10000.0,0.9046425649873645,0.04035330758141919,0.0028823791129585137,14.411895564792568,124.52299479452078,21.13128737942899,103.39170741509179,103.39170741509172,31.469979768568074,688.5213333333332,0.6138750357709883,30.950000000000003
2906.579046457526,304.3762459809663,0.7,10000.0,0.9046425649873645,0.04035330758141919,0.0028823791129585137,14.411895564792568,124.52299479452078,21.13128737942899,103.39170741509179,103.39170741509172,31.469979768568074,688.5213333333332,0.6138750357709883,31.0
2906.579046457526,304.3762459809663,0.7,10000.0,0.9046425649873645,0.04035330758141919,0.0028823791129585137,14.411895564792568,124.52299479452078,21.13128737942899,103.39170741509179,103.39170741509172,31.469979768568074,688.5213333333332,0.6138750357709883,31.05
2906.579046457526,304.3762459809663,0.7,10000.0,0.9046425649873645,0.04035330758141919,0.0028823791129585137,14.411895564792568,124.52299479452078,21.13128737942899,103.39170741509179,103.39170741509172,31.469979768568074,688.5213333333332,0.6138750357709883,31.1
2906.579046457526,304.3762459809663,0.7,10000.0,0.9046425649873645,0.04035330758141919,0.0028823791129585137,14.411895564792568,124.52299479452078,21.13128737942899,103.39170741509179,103.39170741509172,31.469979768568074,688.5213333333332,0.6138750357709883,31.150000000000002
2906.579046457526,304.3762459809663,0.7,10000.0,0.9046425649873645,0.04035330758141919,0.0028823791129585137,14.411895564792568,124.52299479452078,21.13128737942899,103.39170741509179,103.39170741509172,31.469979768568074,688.5213333333332,0.6138750357709883,31.200000000000003
2906.579046457526,304.3762459809663,0.7,10000.0,0.9046425649873645,0.04035330758141919,0.0028823791129585137,14.411895564792568,124.52299479452078,21.13128737942899,103.39170741509179,103.39170741509172,31.469979768568074,688.5213333333332,0.6138750357709883,31.25
2906.579046457526,304.3762459809663,0.7,10000.0,0.9046425649873645,0.04035330758141919,0.0028823791129585137,14.411895564792568,124.52299479452078,21.13128737942899,103.39170741509179,103.39170741509172,31.469979768568074,688.5213333333332,0.6138750357709883,31.3
2906.579046457526,304.3762459809663,0.7,10000.0,0.9046425649873645,0.04035330758141919,0.0028823791129585137,14.411895564792568,124.52299479452078,21.13128737942899,103.39170741509179,103.39170741509172,31.469979768568074,688.5213333333332,0.6138750357709883,31.35
2906.579046457526,304.3762459809663,0.7,10000.0,0.9046425649873645,0.04035330758141919,0.0028823791129585137,14.411895564792568,124.52299479452078,21.13128737942899,103.39170741509179,103.39170741509172,31.469979768568074,688.5213333333332,0.6138750357709883,31.400000000000002
2906.579046457526,304.3762459809663,0.7,10000.0,0.9046425649873645,0.04035330758141919,0.0028823791129585137,14.411895564792568,124.52299479452078,21.13128737942899,103.39170741509179,103.39170741509172,31.469979768568074,688.5213333333332,0.6138750357709883,31.450000000000003
2906.579046457526,304.3762459809663,0.7,10000.0,0.9046425649873645,0.04035330758141919,0.0028823791129585137,14.411895564792568,124.52299479452078,21.13128737942899,103.39170741509179,103.39170741509172,31.469979768568074,688.5213333333332,0.6138750357709883,31.5
2906.579046457526,304.3762459809663,0.7,10000.0,0.9046425649873645,0.04035330758141919,0.0028823791129585137,14.411895564792568,124.52299479452078,21.13128737942899,103.39170741509179,103.39170741509172,31.469979768568074,688.5213333333332,0.6138750357709883,31.55
2906.579046457526,304.3762459809663,0.7,10000.0,0.9046425649873645,0.04035330758141919,0.0028823791129585137,14.411895564792568,124.52299479452078,21.13128737942899,103.39170741509179,103.39170741509172,31.469979768568074,688.5213333333332,0.6138750357709883,31.6
2906.579046457526,304.3762459809663,0.7,10000.0,0.9046425649873645,0.04035330758141919,0.0028823791129585137,14.411895564792568,124.52299479452078,21.13128737942899,103.39170741509179,103.39170741509172,31.469979768568074,688.5213333333332,0.6138750357709883,31.650000000000002
2906.579046457526,304.3762459809663,0.7,10000.0,0.9046425649873645,0.04035330758141919,0.0028823791129585137,14.411895564792568,124.52299479452078,21.13128737942899,103.39170741509179,103.39170741509172,31.469979768568074,688.5213333333332,0.6138750357709883,31.700000000000003
2906.579046457526,304.3762459809663,0.7,10000.0,0.9046425649873645,0.04035330758141919,0.0028823791129585137,14.411895564792568,124.52299479452078,21.13128737942899,103.39170741509179,103.39170741509172,31.469979768568074,688.5213333333332,0.6138750357709883,31.75
2906.579046457526,304.3762459809663,0.7,10000.0,0.9046425649873645,0.04035330758141919,0.0028823791129585137,14.411895564792568,124.52299479452078,21.13128737942899,103.39170741509179,103.39170741509172,31.469979768568074,688.5213333333332,0.6138750357709883,31.8
2906.579046457526,304.3762459809663,0.7,10000.0,0.9046425649873645,0.04035330758141919,0.0028823791129585137,14.411895564792568,124.52299479452078,21.13128737942899,103.39170741509179,103.39170741509172,31.469979768568074,688.5213333333332,0.6138750357709883,31.85
2906.579046457526,304.3762459809663,0.7,10000.0,0.9046425649873645,0.04035330758141919,0.0028823791129585137,14.411895564792568,124.52299479452078,21.13128737942899,103.39170741509179,103.39170741509172,31.469979768568074,688.5213333333332,0.6138750357709883,31.900000000000002
2906.579046457526,304.3762459809663,0.7,10000.0,0.9046425649873645,0.04035330758141919,0.0028823791129585137,14.411895564792568,124.52299479452078,21.13128737942899,103.39170741509179,103.39170741509172,31.469979768568074,688.5213333333332,0.6138750357709883,31.950000000000003
2906.579046457526,304.3762459809663,0.7,10000.0,0.9046425649873645,0.04035330758141919,0.0028823791129585137,14.411895564792568,124.52299479452078,21.13128737942899,103.39170741509179,103.39170741509172,31.469979768568074,688.5213333333332,0.6138750357709883,32.0
2906.579046457526,304.3762459809663,0.7,10000.0,0.9046425649873645,0.04035330758141919,0.0028823791129585137,14.411895564792568,124.52299479452078,21.13128737942899,103.39170741509179,103.39170741509172,31.469979768568074,688.5213333333332,0.6138750357709883,32.050000000000004
2906.579046457526,304.3762459809663,0.7,10000.0,0.9046425649873645,0.04035330758141919,0.0028823791129585137,14.411895564792568,124.52299479452078,21.13128737942899,103.39170741509179,103.39170741509172,31.469979768568074,688.5213333333332,0.6138750357709883,32.1
2906.579046457526,304.3762459809663,0.7,10000.0,0.9046425649873645,0.04035330758141919,0.0028823791129585137,14.411895564792568,124.52299479452078,21.13128737942899,103.39170741509179,103.39170741509172,31.469979768568074,688.5213333333332,0.6138750357709883,32.15
2906.579046457526,304.3762459809663,0.7,10000.0,0.9046425649873645,0.04035330758141919,0.0028823791129585137,14.411895564792568,124.52299479452078,21.13128737942899,103.39170741509179,103.39170741509172,31.469979768568074,688.5213333333332,0.6138750357709883,32.2
2906.579046457526,304.3762459809663,0.7,10000.0,0.9046425649873645,0.04035330758141919,0.0028823791129585137,14.411895564792568,124.52299479452078,21.13128737942899,103.39170741509179,103.39170741509172,31.469979768568074,688.5213333333332,0.6138750357709883,32.25
2906.579046457526,304.3762459809663,0.7,10000.0,0.9046425649873645,0.04035330758141919,0.0028823791129585137,14.411895564792568,124.52299479452078,21.13128737942899,103.39170741509179,103.39170741509172,31.469979768568074,688.5213333333332,0.6138750357709883,32.300000000000004
2906.579046457526,304.3762459809663,0.7,10000.0,0.9046425649873645,0.04035330758141919,0.0028823791129585137,14.411895564792568,124.52299479452078,21.13128737942899,103.39170741509179,103.39170741509172,31.469979768568074,688.5213333333332,0.6138750357709883,32.35
2906.579046457526,304.3762459809663,0.7,10000.0,0.9046425649873645,0.04035330758141919,0.0028823791129585137,14.411895564792568,124.52299479452078,21.13128737942899,103.39170741509179,103.39170741509172,31.469979768568074,688.5213333333332,0.6138750357709883,32.4
2906.579046457526,304.3762459809663,0.7,10000.0,0.9046425649873645,0.04035330758141919,0.0028823791129585137,14.411895564792568,124.52299479452078,21.13128737942899,103.39170741509179,103.39170741509172,31.469979768568074,688.5213333333332,0.6138750357709883,32.45
2906.579046457526,304.3762459809663,0.7,10000.0,0.9046425649873645,0.04035330758141919,0.0028823791129585137,14.411895564792568,124.52299479452078,21.13128737942899,103.39170741509179,103.39170741509172,31.469979768568074,688.5213333333332,0.6138750357709883,32.5
2906.579046457526,304.3762459809663,0.7,10000.0,0.9046425649873645,0.04035330758141919,0.0028823791129585137,14.411895564792568,124.52299479452078,21.13128737942899,103.39170741509179,103.39170741509172,31.469979768568074,688.5213333333332,0.6138750357709883,32.550000000000004
2906.579046457526,304.3762459809663,0.7,10000.0,0.9046425649873645,0.04035330758141919,0.0028823791129585137,14.411895564792568,124.52299479452078,21.13128737942899,103.39170741509179,103.39170741509172,31.469979768568074,688.5213333333332,0.6138750357709883,32.6
2906.579046457526,304.3762459809663,0.7,10000.0,0.9046425649873645,0.04035330758141919,0.0028823791129585137,14.411895564792568,124.52299479452078,21.13128737942899,103.39170741509179,103.39170741509172,31.469979768568074,688.5213333333332,0.6138750357709883,32.65
2906.579046457526,304.3762459809663,0.7,10000.0,0.9046425649873645,0.04035330758141919,0.0028823791129585137,14.411895564792568,124.52299479452078,21.13128737942899,103.39170741509179,103.39170741509172,31.469979768568074,688.5213333333332,0.6138750357709883,32.7
2906.579046457526,304.3762459809663,0.7,10000.0,0.9046425649873645,0.04035330758141919,0.0028823791129585137,14.411895564792568,124.52299479452078,21.13128737942899,103.39170741509179,103.39170741509172,31.469979768568074,688.5213333333332,0.6138750357709883,32.75
2906.579046457526,304.3762459809663,0.7,10000.0,0.9046425649873645,0.04035330758141919,0.0028823791129585137,14.411895564792568,124.52299479452078,21.13128737942899,103.39170741509179,103.39170741509172,31.469979768568074,688.5213333333332,0.6138750357709883,32.800000000000004
2906.579046457526,304.3762459809663,0.7,10000.0,0.9046425649873645,0.04035330758141919,0.0028823791129585137,14.411895564792568,124.52299479452078,21.13128737942899,103.39170741509179,103.39170741509172,31.469979768568074,688.5213333333332,0.6138750357709883,32.85
2906.579046457526,304.3762459809663,0.7,10000.0,0.9046425649873645,0.04035330758141919,0.0028823791129585137,14.411895564792568,124.52299479452078,21.13128737942899,103.39170741509179,103.39170741509172,31.469979768568074,688.5213333333332,0.6138750357709883,32.9
2906.579046457526,304.3762459809663,0.7,10000.0,0.9046425649873645,0.04035330758141919,0.0028823791129585137,14.411895564792568,124.52299479452078,21.13128737942899,103.39170741509179,103.39170741509172,31.469979768568074,688.5213333333332,0.6138750357709883,32.95
2906.579046457526,304.3762459809663,0.7,10000.0,0.9046425649873645,0.04035330758141919,0.0028823791129585137,14.411895564792568,124.52299479452078,21.13128737942899,103.39170741509179,103.39170741509172,31.469979768568074,688.5213333333332,0.6138750357709883,33.0
2906.579046457526,304.3762459809663,0.7,10000.0,0.9046425649873645,0.04035330758141919,0.0028823791129585137,14.411895564792568,124.52299479452078,21.13128737942899,103.39170741509179,103.39170741509172,31.469979768568074,688.5213333333332,0.6138750357709883,33.050000000000004
2906.579046457526,304.3762459809663,0.7,10000.0,0.9046425649873645,0.04035330758141919,0.0028823791129585137,14.411895564792568,124.52299479452078,21.13128737942899,103.39170741509179,103.39170741509172,31.469979768568074,688.5213333333332,0.6138750357709883,33.1
2906.579046457526,304.3762459809663,0.7,10000.0,0.9046425649873645,0.04035330758141919,0.0028823791129585137,14.411895564792568,124.52299479452078,21.13128737942899,103.39170741509179,103.39170741509172,31.469979768568074,688.5213333333332,0.6138750357709883,33.15
2906.579046457526,304.3762459809663,0.7,10000.0,0.9046425649873645,0.04035330758141919,0.0028823791129585137,14.411895564792568,124.52299479452078,21.13128737942899,103.39170741509179,103.39170741509172,31.469979768568074,688.5213333333332,0.6138750357709883,33.2
2906.579046457526,304.3762459809663,0.7,10000.0,0.9046425649873645,0.04035330758141919,0.0028823791129585137,14.411895564792568,124.52299479452078,21.13128737942899,103.39170741509179,103.39170741509172,31.469979768568074,688.5213333333332,0.6138750357709883,33.25
2906.579046457526,304.3762459809663,0.7,10000.0,0.9046425649873645,0.04035330758141919,0.0028823791129585137,14.411895564792568,124.52299479452078,21.13128737942899,103.39170741509179,103.39170741509172,31.469979768568074,688.5213333333332,0.6138750357709883,33.300000000000004
2906.579046457526,304.3762459809663,0.7,10000.0,0.9046425649873645,0.04035330758141919,0.0028823791129585137,14.411895564792568,124.52299479452078,21.13128737942899,103.39170741509179,103.39170741509172,31.469979768568074,688.5213333333332,0.6138750357709883,33.35
2906.579046457526,304.3762459809663,0.7,10000.0,0.9046425649873645,0.04035330758141919,0.0028823791129585137,14.411895564792568,124.52299479452078,21.13128737942899,103.39170741509179,103.39170741509172,31.469979768568074,688.5213333333332,0.6138750357709883,33.4
2906.579046457526,304.3762459809663,0.7,10000.0,0.9046425649873645,0.04035330758141919,0.0028823791129585137,14.411895564792568,124.52299479452078,21.13128737942899,103.39170741509179,103.39170741509172,31.469979768568074,688.5213333333332,0.6138750357709883,33.45
2906.579046457526,304.3762459809663,0.7,10000.0,0.9046425649873645,0.04035330758141919,0.0028823791129585137,14.411895564792568,124.52299479452078,21.13128737942899,103.39170741509179,103.39170741509172,31.469979768568074,688.5213333333332,0.6138750357709883,33.5
2906.579046457526,304.3762459809663,0.7,10000.0,0.9046425649873645,0.04035330758141919,0.0028823791129585137,14.411895564792568,124.52299479452078,21.13128737942899,103.39170741509179,103.39170741509172,31.469979768568074,688.5213333333332,0.6138750357709883,33.550000000000004
2906.579046457526,304.3762459809663,0.7,10000.0,0.9046425649873645,0.04035330758141919,0.0028823791129585137,14.411895564792568,124.52299479452078,21.13128737942899,103.39170741509179,103.39170741509172,31.469979768568074,688.5213333333332,0.6138750357709883,33.6
2906.579046457526,304.3762459809663,0.7,10000.0,0.9046425649873645,0.04035330758141919,0.0028823791129585137,14.411895564792568,124.52299479452078,21.13128737942899,103.39170741509179,103.39170741509172,31.469979768568074,688.5213333333332,0.6138750357709883,33.65
2906.579046457526,304.3762459809663,0.7,10000.0,0.9046425649873645,0.04035330758141919,0.0028823791129585137,14.411895564792568,124.52299479452078,21.13128737942899,103.39170741509179,103.39170741509172,31.469979768568074,688.5213333333332,0.6138750357709883,33.7
2906.579046457526,304.3762459809663,0.7,10000.0,0.9046425649873645,0.04035330758141919,0.0028823791129585137,14.411895564792568,124.52299479452078,21.13128737942899,103.39170741509179,103.39170741509172,31.469979768568074,688.5213333333332,0.6138750357709883,33.75
2906.579046457526,304.3762459809663,0.7,10000.0,0.9046425649873645,0.04035330758141919,0.0028823791129585137,14.411895564792568,124.52299479452078,21.13128737942899,103.39170741509179,103.39170741509172,31.469979768568074,688.5213333333332,0.6138750357709883,33.800000000000004
2906.579046457526,304.3762459809663,0.7,10000.0,0.9046425649873645,0.04035330758141919,0.0028823791129585137,14.411895564792568,124.52299479452078,21.13128737942899,103.39170741509179,103.39170741509172,31.469979768568074,688.5213333333332,0.6138750357709883,33.85
2906.579046457526,304.3762459809663,0.7,10000.0,0.9046425649873645,0.04035330758141919,0.0028823791129585137,14.411895564792568,124.52299479452078,21.13128737942899,103.39170741509179,103.39170741509172,31.469979768568074,688.5213333333332,0.6138750357709883,33.9
2906.579046457526,304.3762459809663,0.7,10000.0,0.9046425649873645,0.04035330758141919,0.0028823791129585137,14.411895564792568,124.52299479452078,21.13128737942899,103.39170741509179,103.39170741509172,31.469979768568074,688.5213333333332,0.6138750357709883,33.95
2906.579046457526,304.3762459809663,0.7,10000.0,0.9046425649873645,0.04035330758141919,0.0028823791129585137,14.411895564792568,124.52299479452078,21.13128737942899,103.39170741509179,103.39170741509172,31.469979768568074,688.5213333333332,0.6138750357709883,34.0
2906.579046457526,304.3762459809663,0.7,10000.0,0.9046425649873645,0.04035330758141919,0.0028823791129585137,14.411895564792568,124.52299479452078,21.13128737942899,103.39170741509179,103.39170741509172,31.469979768568074,688.5213333333332,0.6138750357709883,34.050000000000004
2906.579046457526,304.3762459809663,0.7,10000.0,0.9046425649873645,0.04035330758141919,0.0028823791129585137,14.411895564792568,124.52299479452078,21.13128737942899,103.39170741509179,103.39170741509172,31.469979768568074,688.5213333333332,0.6138750357709883,34.1
2906.579046457526,304.3762459809663,0.7,10000.0,0.9046425649873645,0.04035330758141919,0.0028823791129585137,14.411895564792568,124.52299479452078,21.13128737942899,103.39170741509179,103.39170741509172,31.469979768568074,688.5213333333332,0.6138750357709883,34.15
2906.579046457526,304.3762459809663,0.7,10000.0,0.9046425649873645,0.04035330758141919,0.0028823791129585137,14.411895564792568,124.52299479452078,21.13128737942899,103.39170741509179,103.39170741509172,31.469979768568074,688.5213333333332,0.6138750357709883,34.2
2906.579046457526,304.3762459809663,0.7,10000.0,0.9046425649873645,0.04035330758141919,0.0028823791129585137,14.411895564792568,124.52299479452078,21.13128737942899,103.39170741509179,103.39170741509172,31.469979768568074,688.5213333333332,0.6138750357709883,34.25
2906.579046457526,304.3762459809663,0.7,10000.0,0.9046425649873645,0.04035330758141919,0.0028823791129585137,14.411895564792568,124.52299479452078,21.13128737942899,103.39170741509179,103.39170741509172,31.469979768568074,688.5213333333332,0.6138750357709883,34.300000000000004
2906.579046457526,304.3762459809663,0.7,10000.0,0.9046425649873645,0.04035330758141919,0.0028823791129585137,14.411895564792568,124.52299479452078,21.13128737942899,103.39170741509179,103.39170741509172,31.469979768568074,688.5213333333332,0.6138750357709883,34.35
2906.579046457526,304.3762459809663,0.7,10000.0,0.9046425649873645,0.04035330758141919,0.0028823791129585137,14.411895564792568,124.52299479452078,21.13128737942899,103.39170741509179,103.39170741509172,31.469979768568074,688.5213333333332,0.6138750357709883,34.4
2906.579046457526,304.3762459809663,0.7,10000.0,0.9046425649873645,0.04035330758141919,0.0028823791129585137,14.411895564792568,124.52299479452078,21.13128737942899,103.39170741509179,103.39170741509172,31.469979768568074,688.5213333333332,0.6138750357709883,34.45
2906.579046457526,304.3762459809663,0.7,10000.0,0.9046425649873645,0.04035330758141919,0.0028823791129585137,14.411895564792568,124.52299479452078,21.13128737942899,103.39170741509179,103.39170741509172,31.469979768568074,688.5213333333332,0.6138750357709883,34.5
2906.579046457526,304.3762459809663,0.7,10000.0,0.9046425649873645,0.04035330758141919,0.0028823791129585137,14.411895564792568,124.52299479452078,21.13128737942899,103.39170741509179,103.39170741509172,31.469979768568074,688.5213333333332,0.6138750357709883,34.550000000000004
2906.579046457526,304.3762459809663,0.7,10000.0,0.9046425649873645,0.04035330758141919,0.0028823791129585137,14.411895564792568,124.52299479452078,21.13128737942899,103.39170741509179,103.39170741509172,31.469979768568074,688.5213333333332,0.6138750357709883,34.6
2906.579046457526,304.3762459809663,0.7,10000.0,0.9046425649873645,0.04035330758141919,0.0028823791129585137,14.411895564792568,124.52299479452078,21.13128737942899,103.39170741509179,103.39170741509172,31.469979768568074,688.5213333333332,0.6138750357709883,34.65
2906.579046457526,304.3762459809663,0.7,10000.0,0.9046425649873645,0.04035330758141919,0.0028823791129585137,14.411895564792568,124.52299479452078,21.13128737942899,103.39170741509179,103.39170741509172,31.469979768568074,688.5213333333332,0.6138750357709883,34.7
2906.579046457526,304.3762459809663,0.7,10000.0,0.9046425649873645,0.04035330758141919,0.0028823791129585137,14.411895564792568,124.52299479452078,21.13128737942899,103.39170741509179,103.39170741509172,31.469979768568074,688.5213333333332,0.6138750357709883,34.75
2906.579046457526,304.3762459809663,0.7,10000.0,0.9046425649873645,0.04035330758141919,0.0028823791129585137,14.411895564792568,124.52299479452078,21.13128737942899,103.39170741509179,103.39170741509172,31.469979768568074,688.5213333333332,0.6138750357709883,34.800000000000004
2906.579046457526,304.3762459809663,0.7,10000.0,0.9046425649873645,0.04035330758141919,0.0028823791129585137,14.411895564792568,124.52299479452078,21.13128737942899,103.39170741509179,103.39170741509172,31.469979768568074,688.5213333333332,0.6138750357709883,34.85
2906.579046457526,304.3762459809663,0.7,10000.0,0.9046425649873645,0.04035330758141919,0.0028823791129585137,14.411895564792568,124.52299479452078,21.13128737942899,103.39170741509179,103.39170741509172,31.469979768568074,688.5213333333332,0.6138750357709883,34.9
2906.579046457526,304.3762459809663,0.7,10000.0,0.9046425649873645,0.04035330758141919,0.0028823791129585137,14.411895564792568,124.52299479452078,21.13128737942899,103.39170741509179,103.39170741509172,31.469979768568074,688.5213333333332,0.6138750357709883,34.95
2906.579046457526,304.3762459809663,0.7,10000.0,0.9046425649873645,0.04035330758141919,0.0028823791129585137,14.411895564792568,124.52299479452078,21.13128737942899,103.39170741509179,103.39170741509172,31.469979768568074,688.5213333333332,0.6138750357709883,35.0
2906.579046457526,304.3762459809663,0.7,10000.0,0.9046425649873645,0.04035330758141919,0.0028823791129585137,14.411895564792568,124.52299479452078,21.13128737942899,103.39170741509179,103.39170741509172,31.469979768568074,688.5213333333332,0.6138750357709883,35.050000000000004
2906.579046457526,304.3762459809663,0.7,10000.0,0.9046425649873645,0.04035330758141919,0.0028823791129585137,14.411895564792568,124.52299479452078,21.13128737942899,103.39170741509179,103.39170741509172,31.469979768568074,688.5213333333332,0.6138750357709883,35.1
2906.579046457526,304.3762459809663,0.7,10000.0,0.9046425649873645,0.04035330758141919,0.0028823791129585137,14.411895564792568,124.52299479452078,21.13128737942899,103.39170741509179,103.39170741509172,31.469979768568074,688.5213333333332,0.6138750357709883,35.15
2906.579046457526,304.3762459809663,0.7,10000.0,0.9046425649873645,0.04035330758141919,0.0028823791129585137,14.411895564792568,124.52299479452078,21.13128737942899,103.39170741509179,103.39170741509172,31.469979768568074,688.5213333333332,0.6138750357709883,35.2
2906.579046457526,304.3762459809663,0.7,10000.0,0.9046425649873645,0.04035330758141919,0.0028823791129585137,14.411895564792568,124.52299479452078,21.13128737942899,103.39170741509179,103.39170741509172,31.469979768568074,688.5213333333332,0.6138750357709883,35.25
2906.579046457526,304.3762459809663,0.7,10000.0,0.9046425649873645,0.04035330758141919,0.0028823791129585137,14.411895564792568,124.52299479452078,21.13128737942899,103.39170741509179,103.39170741509172,31.469979768568074,688.5213333333332,0.6138750357709883,35.300000000000004
2906.579046457526,304.3762459809663,0.7,10000.0,0.9046425649873645,0.04035330758141919,0.0028823791129585137,14.411895564792568,124.52299479452078,21.13128737942899,103.39170741509179,103.39170741509172,31.469979768568074,688.5213333333332,0.6138750357709883,35.35
2906.579046457526,304.3762459809663,0.7,10000.0,0.9046425649873645,0.04035330758141919,0.0028823791129585137,14.411895564792568,124.52299479452078,21.13128737942899,103.39170741509179,103.39170741509172,31.469979768568074,688.5213333333332,0.6138750357709883,35.4
2906.579046457526,304.3762459809663,0.7,10000.0,0.9046425649873645,0.04035330758141919,0.0028823791129585137,14.411895564792568,124.52299479452078,21.13128737942899,103.39170741509179,103.39170741509172,31.469979768568074,688.5213333333332,0.6138750357709883,35.45
2906.579046457526,304.3762459809663,0.7,10000.0,0.9046425649873645,0.04035330758141919,0.0028823791129585137,14.411895564792568,124.52299479452078,21.13128737942899,103.39170741509179,103.39170741509172,31.469979768568074,688.5213333333332,0.6138750357709883,35.5
2906.579046457526,304.3762459809663,0.7,10000.0,0.9046425649873645,0.04035330758141919,0.0028823791129585137,14.411895564792568,124.52299479452078,21.13128737942899,103.39170741509179,103.39170741509172,31.469979768568074,688.5213333333332,0.6138750357709883,35.550000000000004
2906.579046457526,304.3762459809663,0.7,10000.0,0.9046425649873645,0.04035330758141919,0.0028823791129585137,14.411895564792568,124.52299479452078,21.13128737942899,103.39170741509179,103.39170741509172,31.469979768568074,688.5213333333332,0.6138750357709883,35.6
2906.579046457526,304.3762459809663,0.7,10000.0,0.9046425649873645,0.04035330758141919,0.0028823791129585137,14.411895564792568,124.52299479452078,21.13128737942899,103.39170741509179,103.39170741509172,31.469979768568074,688.5213333333332,0.6138750357709883,35.65
2906.579046457526,304.3762459809663,0.7,10000.0,0.9046425649873645,0.04035330758141919,0.0028823791129585137,14.411895564792568,124.52299479452078,21.13128737942899,103.39170741509179,103.39170741509172,31.469979768568074,688.5213333333332,0.6138750357709883,35.7
2906.579046457526,304.3762459809663,0.7,10000.0,0.9046425649873645,0.04035330758141919,0.0028823791129585137,14.411895564792568,124.52299479452078,21.13128737942899,103.39170741509179,103.39170741509172,31.469979768568074,688.5213333333332,0.6138750357709883,35.75
2906.579046457526,304.3762459809663,0.7,10000.0,0.9046425649873645,0.04035330758141919,0.0028823791129585137,14.411895564792568,124.52299479452078,21.13128737942899,103.39170741509179,103.39170741509172,31.469979768568074,688.5213333333332,0.6138750357709883,35.800000000000004
2906.579046457526,304.3762459809663,0.7,10000.0,0.9046425649873645,0.04035330758141919,0.0028823791129585137,14.411895564792568,124.52299479452078,21.13128737942899,103.39170741509179,103.39170741509172,31.469979768568074,688.5213333333332,0.6138750357709883,35.85
2906.579046457526,304.3762459809663,0.7,10000.0,0.9046425649873645,0.04035330758141919,0.0028823791129585137,14.411895564792568,124.52299479452078,21.13128737942899,103.39170741509179,103.39170741509172,31.469979768568074,688.5213333333332,0.6138750357709883,35.9
2906.579046457526,304.3762459809663,0.7,10000.0,0.9046425649873645,0.04035330758141919,0.0028823791129585137,14.411895564792568,124.52299479452078,21.13128737942899,103.39170741509179,103.39170741509172,31.469979768568074,688.5213333333332,0.6138750357709883,35.95
2906.579046457526,304.3762459809663,0.7,10000.0,0.9046425649873645,0.04035330758141919,0.0028823791129585137,14.411895564792568,124.52299479452078,21.13128737942899,103.39170741509179,103.39170741509172,31.469979768568074,688.5213333333332,0.6138750357709883,36.0
2906.579046457526,304.3762459809663,0.7,10000.0,0.9046425649873645,0.04035330758141919,0.0028823791129585137,14.411895564792568,124.52299479452078,21.13128737942899,103.39170741509179,103.39170741509172,31.469979768568074,688.5213333333332,0.6138750357709883,36.050000000000004
2906.579046457526,304.3762459809663,0.7,10000.0,0.9046425649873645,0.04035330758141919,0.0028823791129585137,14.411895564792568,124.52299479452078,21.13128737942899,103.39170741509179,103.39170741509172,31.469979768568074,688.5213333333332,0.6138750357709883,36.1
2906.579046457526,304.3762459809663,0.7,10000.0,0.9046425649873645,0.04035330758141919,0.0028823791129585137,14.411895564792568,124.52299479452078,21.13128737942899,103.39170741509179,103.39170741509172,31.469979768568074,688.5213333333332,0.6138750357709883,36.15
2906.579046457526,304.3762459809663,0.7,10000.0,0.9046425649873645,0.04035330758141919,0.0028823791129585137,14.411895564792568,124.52299479452078,21.13128737942899,103.39170741509179,103.39170741509172,31.469979768568074,688.5213333333332,0.6138750357709883,36.2
2906.579046457526,304.3762459809663,0.7,10000.0,0.9046425649873645,0.04035330758141919,0.0028823791129585137,14.411895564792568,124.52299479452078,21.13128737942899,103.39170741509179,103.39170741509172,31.469979768568074,688.5213333333332,0.6138750357709883,36.25
2906.579046457526,304.3762459809663,0.7,10000.0,0.9046425649873645,0.04035330758141919,0.0028823791129585137,14.411895564792568,124.52299479452078,21.13128737942899,103.39170741509179,103.39170741509172,31.469979768568074,688.5213333333332,0.6138750357709883,36.300000000000004
2906.579046457526,304.3762459809663,0.7,10000.0,0.9046425649873645,0.04035330758141919,0.0028823791129585137,14.411895564792568,124.52299479452078,21.13128737942899,103.39170741509179,103.39170741509172,31.469979768568074,688.5213333333332,0.6138750357709883,36.35
2906.579046457526,304.3762459809663,0.7,10000.0,0.9046425649873645,0.04035330758141919,0.0028823791129585137,14.411895564792568,124.52299479452078,21.13128737942899,103.39170741509179,103.39170741509172,31.469979768568074,688.5213333333332,0.6138750357709883,36.4
2906.579046457526,304.3762459809663,0.7,10000.0,0.9046425649873645,0.04035330758141919,0.0028823791129585137,14.411895564792568,124.52299479452078,21.13128737942899,103.39170741509179,103.39170741509172,31.469979768568074,688.5213333333332,0.6138750357709883,36.45
2906.579046457526,304.3762459809663,0.7,10000.0,0.9046425649873645,0.04035330758141919,0.0028823791129585137,14.411895564792568,124.52299479452078,21.13128737942899,103.39170741509179,103.39170741509172,31.469979768568074,688.5213333333332,0.6138750357709883,36.5
2906.579046457526,304.3762459809663,0.7,10000.0,0.9046425649873645,0.04035330758141919,0.0028823791129585137,14.411895564792568,124.52299479452078,21.13128737942899,103.39170741509179,103.39170741509172,31.469979768568074,688.5213333333332,0.6138750357709883,36.550000000000004
2906.579046457526,304.3762459809663,0.7,10000.0,0.9046425649873645,0.04035330758141919,0.0028823791129585137,14.411895564792568,124.52299479452078,21.13128737942899,103.39170741509179,103.39170741509172,31.469979768568074,688.5213333333332,0.6138750357709883,36.6
2906.579046457526,304.3762459809663,0.7,10000.0,0.9046425649873645,0.04035330758141919,0.0028823791129585137,14.411895564792568,124.52299479452078,21.13128737942899,103.39170741509179,103.39170741509172,31.469979768568074,688.5213333333332,0.6138750357709883,36.65
2906.579046457526,304.3762459809663,0.7,10000.0,0.9046425649873645,0.04035330758141919,0.0028823791129585137,14.411895564792568,124.52299479452078,21.13128737942899,103.39170741509179,103.39170741509172,31.469979768568074,688.5213333333332,0.6138750357709883,36.7
2906.579046457526,304.3762459809663,0.7,10000.0,0.9046425649873645,0.04035330758141919,0.0028823791129585137,14.411895564792568,124.52299479452078,21.13128737942899,103.39170741509179,103.39170741509172,31.469979768568074,688.5213333333332,0.6138750357709883,36.75
2906.579046457526,304.3762459809663,0.7,10000.0,0.9046425649873645,0.04035330758141919,0.0028823791129585137,14.411895564792568,124.52299479452078,21.13128737942899,103.39170741509179,103.39170741509172,31.469979768568074,688.5213333333332,0.6138750357709883,36.800000000000004
2906.579046457526,304.3762459809663,0.7,10000.0,0.9046425649873645,0.04035330758141919,0.0028823791129585137,14.411895564792568,124.52299479452078,21.13128737942899,103.39170741509179,103.39170741509172,31.469979768568074,688.5213333333332,0.6138750357709883,36.85
2906.579046457526,304.3762459809663,0.7,10000.0,0.9046425649873645,0.04035330758141919,0.0028823791129585137,14.411895564792568,124.52299479452078,21.13128737942899,103.39170741509179,103.39170741509172,31.469979768568074,688.5213333333332,0.6138750357709883,36.9
2906.579046457526,304.3762459809663,0.7,10000.0,0.9046425649873645,0.04035330758141919,0.0028823791129585137,14.411895564792568,124.52299479452078,21.13128737942899,103.39170741509179,103.39170741509172,31.469979768568074,688.5213333333332,0.6138750357709883,36.95
2906.579046457526,304.3762459809663,0.7,10000.0,0.9046425649873645,0.04035330758141919,0.0028823791129585137,14.411895564792568,124.52299479452078,21.13128737942899,103.39170741509179,103.39170741509172,31.469979768568074,688.5213333333332,0.6138750357709883,37.0
2906.579046457526,304.3762459809663,0.7,10000.0,0.9046425649873645,0.04035330758141919,0.0028823791129585137,14.411895564792568,124.52299479452078,21.13128737942899,103.39170741509179,103.39170741509172,31.469979768568074,688.5213333333332,0.6138750357709883,37.050000000000004
2906.579046457526,304.3762459809663,0.7,10000.0,0.9046425649873645,0.04035330758141919,0.0028823791129585137,14.411895564792568,124.52299479452078,21.13128737942899,103.39170741509179,103.39170741509172,31.469979768568074,688.5213333333332,0.6138750357709883,37.1
2906.579046457526,304.3762459809663,0.7,10000.0,0.9046425649873645,0.04035330758141919,0.0028823791129585137,14.411895564792568,124.52299479452078,21.13128737942899,103.39170741509179,103.39170741509172,31.469979768568074,688.5213333333332,0.6138750357709883,37.15
2906.579046457526,304.3762459809663,0.7,10000.0,0.9046425649873645,0.04035330758141919,0.0028823791129585137,14.411895564792568,124.52299479452078,21.13128737942899,103.39170741509179,103.39170741509172,31.469979768568074,688.5213333333332,0.6138750357709883,37.2
2906.579046457526,304.3762459809663,0.7,10000.0,0.9046425649873645,0.04035330758141919,0.0028823791129585137,14.411895564792568,124.52299479452078,21.13128737942899,103.39170741509179,103.39170741509172,31.469979768568074,688.5213333333332,0.6138750357709883,37.25
2906.579046457526,304.3762459809663,0.7,10000.0,0.9046425649873645,0.04035330758141919,0.0028823791129585137,14.411895564792568,124.52299479452078,21.13128737942899,103.39170741509179,103.39170741509172,31.469979768568074,688.5213333333332,0.6138750357709883,37.300000000000004
2906.579046457526,304.3762459809663,0.7,10000.0,0.9046425649873645,0.04035330758141919,0.0028823791129585137,14.411895564792568,124.52299479452078,21.13128737942899,103.39170741509179,103.39170741509172,31.469979768568074,688.5213333333332,0.6138750357709883,37.35
2906.579046457526,304.3762459809663,0.7,10000.0,0.9046425649873645,0.04035330758141919,0.0028823791129585137,14.411895564792568,124.52299479452078,21.13128737942899,103.39170741509179,103.39170741509172,31.469979768568074,688.5213333333332,0.6138750357709883,37.4
2906.579046457526,304.3762459809663,0.7,10000.0,0.9046425649873645,0.04035330758141919,0.0028823791129585137,14.411895564792568,124.52299479452078,21.13128737942899,103.39170741509179,103.39170741509172,31.469979768568074,688.5213333333332,0.6138750357709883,37.45
2906.579046457526,304.3762459809663,0.7,10000.0,0.9046425649873645,0.04035330758141919,0.0028823791129585137,14.411895564792568,124.52299479452078,21.13128737942899,103.39170741509179,103.39170741509172,31.469979768568074,688.5213333333332,0.6138750357709883,37.5
2906.579046457526,304.3762459809663,0.7,10000.0,0.9046425649873645,0.04035330758141919,0.0028823791129585137,14.411895564792568,124.52299479452078,21.13128737942899,103.39170741509179,103.39170741509172,31.469979768568074,688.5213333333332,0.6138750357709883,37.550000000000004
2906.579046457526,304.3762459809663,0.7,10000.0,0.9046425649873645,0.04035330758141919,0.0028823791129585137,14.411895564792568,124.52299479452078,21.13128737942899,103.39170741509179,103.39170741509172,31.469979768568074,688.5213333333332,0.6138750357709883,37.6
2906.579046457526,304.3762459809663,0.7,10000.0,0.9046425649873645,0.04035330758141919,0.0028823791129585137,14.411895564792568,124.52299479452078,21.13128737942899,103.39170741509179,103.39170741509172,31.469979768568074,688.5213333333332,0.6138750357709883,37.65
2906.579046457526,304.3762459809663,0.7,10000.0,0.9046425649873645,0.04035330758141919,0.0028823791129585137,14.411895564792568,124.52299479452078,21.13128737942899,103.39170741509179,103.39170741509172,31.469979768568074,688.5213333333332,0.6138750357709883,37.7
2906.579046457526,304.3762459809663,0.7,10000.0,0.9046425649873645,0.04035330758141919,0.0028823791129585137,14.411895564792568,124.52299479452078,21.13128737942899,103.39170741509179,103.39170741509172,31.469979768568074,688.5213333333332,0.6138750357709883,37.75
2906.579046457526,304.3762459809663,0.7,10000.0,0.9046425649873645,0.04035330758141919,0.0028823791129585137,14.411895564792568,124.52299479452078,21.13128737942899,103.39170741509179,103.39170741509172,31.469979768568074,688.5213333333332,0.6138750357709883,37.800000000000004
2906.579046457526,304.3762459809663,0.7,10000.0,0.9046425649873645,0.04035330758141919,0.0028823791129585137,14.411895564792568,124.52299479452078,21.13128737942899,103.39170741509179,103.39170741509172,31.469979768568074,688.5213333333332,0.6138750357709883,37.85
2906.579046457526,304.3762459809663,0.7,10000.0,0.9046425649873645,0.04035330758141919,0.0028823791129585137,14.411895564792568,124.52299479452078,21.13128737942899,103.39170741509179,103.39170741509172,31.469979768568074,688.5213333333332,0.6138750357709883,37.9
2906.579046457526,304.3762459809663,0.7,10000.0,0.9046425649873645,0.04035330758141919,0.0028823791129585137,14.411895564792568,124.52299479452078,21.13128737942899,103.39170741509179,103.39170741509172,31.469979768568074,688.5213333333332,0.6138750357709883,37.95
2906.579046457526,304.3762459809663,0.7,10000.0,0.9046425649873645,0.04035330758141919,0.0028823791129585137,14.411895564792568,124.52299479452078,21.13128737942899,103.39170741509179,103.39170741509172,31.469979768568074,688.5213333333332,0.6138750357709883,38.0
2906.579046457526,304.3762459809663,0.7,10000.0,0.9046425649873645,0.04035330758141919,0.0028823791129585137,14.411895564792568,124.52299479452078,21.13128737942899,103.39170741509179,103.39170741509172,31.469979768568074,688.5213333333332,0.6138750357709883,38.050000000000004
2906.579046457526,304.3762459809663,0.7,10000.0,0.9046425649873645,0.04035330758141919,0.0028823791129585137,14.411895564792568,124.52299479452078,21.13128737942899,103.39170741509179,103.39170741509172,31.469979768568074,688.5213333333332,0.6138750357709883,38.1
2906.579046457526,304.3762459809663,0.7,10000.0,0.9046425649873645,0.04035330758141919,0.0028823791129585137,14.411895564792568,124.52299479452078,21.13128737942899,103.39170741509179,103.39170741509172,31.469979768568074,688.5213333333332,0.6138750357709883,38.15
2906.579046457526,304.3762459809663,0.7,10000.0,0.9046425649873645,0.04035330758141919,0.0028823791129585137,14.411895564792568,124.52299479452078,21.13128737942899,103.39170741509179,103.39170741509172,31.469979768568074,688.5213333333332,0.6138750357709883,38.2
2906.579046457526,304.3762459809663,0.7,10000.0,0.9046425649873645,0.04035330758141919,0.0028823791129585137,14.411895564792568,124.52299479452078,21.13128737942899,103.39170741509179,103.39170741509172,31.469979768568074,688.5213333333332,0.6138750357709883,38.25
2906.579046457526,304.3762459809663,0.7,10000.0,0.9046425649873645,0.04035330758141919,0.0028823791129585137,14.411895564792568,124.52299479452078,21.13128737942899,103.39170741509179,103.39170741509172,31.469979768568074,688.5213333333332,0.6138750357709883,38.300000000000004
2906.579046457526,304.3762459809663,0.7,10000.0,0.9046425649873645,0.04035330758141919,0.0028823791129585137,14.411895564792568,124.52299479452078,21.13128737942899,103.39170741509179,103.39170741509172,31.469979768568074,688.5213333333332,0.6138750357709883,38.35
2906.579046457526,304.3762459809663,0.7,10000.0,0.9046425649873645,0.04035330758141919,0.0028823791129585137,14.411895564792568,124.52299479452078,21.13128737942899,103.39170741509179,103.39170741509172,31.469979768568074,688.5213333333332,0.6138750357709883,38.400000000000006
2906.579046457526,304.3762459809663,0.7,10000.0,0.9046425649873645,0.04035330758141919,0.0028823791129585137,14.411895564792568,124.52299479452078,21.13128737942899,103.39170741509179,103.39170741509172,31.469979768568074,688.5213333333332,0.6138750357709883,38.45
2906.579046457526,304.3762459809663,0.7,10000.0,0.9046425649873645,0.04035330758141919,0.0028823791129585137,14.411895564792568,124.52299479452078,21.13128737942899,103.39170741509179,103.39170741509172,31.469979768568074,688.5213333333332,0.6138750357709883,38.5
2906.579046457526,304.3762459809663,0.7,10000.0,0.9046425649873645,0.04035330758141919,0.0028823791129585137,14.411895564792568,124.52299479452078,21.13128737942899,103.39170741509179,103.39170741509172,31.469979768568074,688.5213333333332,0.6138750357709883,38.550000000000004
2906.579046457526,304.3762459809663,0.7,10000.0,0.9046425649873645,0.04035330758141919,0.0028823791129585137,14.411895564792568,124.52299479452078,21.13128737942899,103.39170741509179,103.39170741509172,31.469979768568074,688.5213333333332,0.6138750357709883,38.6
2906.579046457526,304.3762459809663,0.7,10000.0,0.9046425649873645,0.04035330758141919,0.0028823791129585137,14.411895564792568,124.52299479452078,21.13128737942899,103.39170741509179,103.39170741509172,31.469979768568074,688.5213333333332,0.6138750357709883,38.650000000000006
2906.579046457526,304.3762459809663,0.7,10000.0,0.9046425649873645,0.04035330758141919,0.0028823791129585137,14.411895564792568,124.52299479452078,21.13128737942899,103.39170741509179,103.39170741509172,31.469979768568074,688.5213333333332,0.6138750357709883,38.7
2906.579046457526,304.3762459809663,0.7,10000.0,0.9046425649873645,0.04035330758141919,0.0028823791129585137,14.411895564792568,124.52299479452078,21.13128737942899,103.39170741509179,103.39170741509172,31.469979768568074,688.5213333333332,0.6138750357709883,38.75
2906.579046457526,304.3762459809663,0.7,10000.0,0.9046425649873645,0.04035330758141919,0.0028823791129585137,14.411895564792568,124.52299479452078,21.13128737942899,103.39170741509179,103.39170741509172,31.469979768568074,688.5213333333332,0.6138750357709883,38.800000000000004
2906.579046457526,304.3762459809663,0.7,10000.0,0.9046425649873645,0.04035330758141919,0.0028823791129585137,14.411895564792568,124.52299479452078,21.13128737942899,103.39170741509179,103.39170741509172,31.469979768568074,688.5213333333332,0.6138750357709883,38.85
2906.579046457526,304.3762459809663,0.7,10000.0,0.9046425649873645,0.04035330758141919,0.0028823791129585137,14.411895564792568,124.52299479452078,21.13128737942899,103.39170741509179,103.39170741509172,31.469979768568074,688.5213333333332,0.6138750357709883,38.900000000000006
2906.579046457526,304.3762459809663,0.7,10000.0,0.9046425649873645,0.04035330758141919,0.0028823791129585137,14.411895564792568,124.52299479452078,21.13128737942899,103.39170741509179,103.39170741509172,31.469979768568074,688.5213333333332,0.6138750357709883,38.95
2906.579046457526,304.3762459809663,0.7,10000.0,0.9046425649873645,0.04035330758141919,0.0028823791129585137,14.411895564792568,124.52299479452078,21.13128737942899,103.39170741509179,103.39170741509172,31.469979768568074,688.5213333333332,0.6138750357709883,39.0
2906.579046457526,304.3762459809663,0.7,10000.0,0.9046425649873645,0.04035330758141919,0.0028823791129585137,14.411895564792568,124.52299479452078,21.13128737942899,103.39170741509179,103.39170741509172,31.469979768568074,688.5213333333332,0.6138750357709883,39.050000000000004
2906.579046457526,304.3762459809663,0.7,10000.0,0.9046425649873645,0.04035330758141919,0.0028823791129585137,14.411895564792568,124.52299479452078,21.13128737942899,103.39170741509179,103.39170741509172,31.469979768568074,688.5213333333332,0.6138750357709883,39.1
2906.579046457526,304.3762459809663,0.7,10000.0,0.9046425649873645,0.04035330758141919,0.0028823791129585137,14.411895564792568,124.52299479452078,21.13128737942899,103.39170741509179,103.39170741509172,31.469979768568074,688.5213333333332,0.6138750357709883,39.150000000000006
2906.579046457526,304.3762459809663,0.7,10000.0,0.9046425649873645,0.04035330758141919,0.0028823791129585137,14.411895564792568,124.52299479452078,21.13128737942899,103.39170741509179,103.39170741509172,31.469979768568074,688.5213333333332,0.6138750357709883,39.2
2906.579046457526,304.3762459809663,0.7,10000.0,0.9046425649873645,0.04035330758141919,0.0028823791129585137,14.411895564792568,124.52299479452078,21.13128737942899,103.39170741509179,103.39170741509172,31.469979768568074,688.5213333333332,0.6138750357709883,39.25
2906.579046457526,304.3762459809663,0.7,10000.0,0.9046425649873645,0.04035330758141919,0.0028823791129585137,14.411895564792568,124.52299479452078,21.13128737942899,103.39170741509179,103.39170741509172,31.469979768568074,688.5213333333332,0.6138750357709883,39.300000000000004
2906.579046457526,304.3762459809663,0.7,10000.0,0.9046425649873645,0.04035330758141919,0.0028823791129585137,14.411895564792568,124.52299479452078,21.13128737942899,103.39170741509179,103.39170741509172,31.469979768568074,688.5213333333332,0.6138750357709883,39.35
2906.579046457526,304.3762459809663,0.7,10000.0,0.9046425649873645,0.04035330758141919,0.0028823791129585137,14.411895564792568,124.52299479452078,21.13128737942899,103.39170741509179,103.39170741509172,31.469979768568074,688.5213333333332,0.6138750357709883,39.400000000000006
2906.579046457526,304.3762459809663,0.7,10000.0,0.9046425649873645,0.04035330758141919,0.0028823791129585137,14.411895564792568,124.52299479452078,21.13128737942899,103.39170741509179,103.39170741509172,31.469979768568074,688.5213333333332,0.6138750357709883,39.45
2906.579046457526,304.3762459809663,0.7,10000.0,0.9046425649873645,0.04035330758141919,0.0028823791129585137,14.411895564792568,124.52299479452078,21.13128737942899,103.39170741509179,103.39170741509172,31.469979768568074,688.5213333333332,0.6138750357709883,39.5
2906.579046457526,304.3762459809663,0.7,10000.0,0.9046425649873645,0.04035330758141919,0.0028823791129585137,14.411895564792568,124.52299479452078,21.13128737942899,103.39170741509179,103.39170741509172,31.469979768568074,688.5213333333332,0.6138750357709883,39.550000000000004
2906.579046457526,304.3762459809663,0.7,10000.0,0.9046425649873645,0.04035330758141919,0.0028823791129585137,14.411895564792568,124.52299479452078,21.13128737942899,103.39170741509179,103.39170741509172,31.469979768568074,688.5213333333332,0.6138750357709883,39.6
2906.579046457526,304.3762459809663,0.7,10000.0,0.9046425649873645,0.04035330758141919,0.0028823791129585137,14.411895564792568,124.52299479452078,21.13128737942899,103.39170741509179,103.39170741509172,31.469979768568074,688.5213333333332,0.6138750357709883,39.650000000000006
2906.579046457526,304.3762459809663,0.7,10000.0,0.9046425649873645,0.04035330758141919,0.0028823791129585137,14.411895564792568,124.52299479452078,21.13128737942899,103.39170741509179,103.39170741509172,31.469979768568074,688.5213333333332,0.6138750357709883,39.7
2906.579046457526,304.3762459809663,0.7,10000.0,0.9046425649873645,0.04035330758141919,0.0028823791129585137,14.411895564792568,124.52299479452078,21.13128737942899,103.39170741509179,103.39170741509172,31.469979768568074,688.5213333333332,0.6138750357709883,39.75
2906.579046457526,304.3762459809663,0.7,10000.0,0.9046425649873645,0.04035330758141919,0.0028823791129585137,14.411895564792568,124.52299479452078,21.13128737942899,103.39170741509179,103.39170741509172,31.469979768568074,688.5213333333332,0.6138750357709883,39.800000000000004
2906.579046457526,304.3762459809663,0.7,10000.0,0.9046425649873645,0.04035330758141919,0.0028823791129585137,14.411895564792568,124.52299479452078,21.13128737942899,103.39170741509179,103.39170741509172,31.469979768568074,688.5213333333332,0.6138750357709883,39.85
2906.579046457526,304.3762459809663,0.7,10000.0,0.9046425649873645,0.04035330758141919,0.0028823791129585137,14.411895564792568,124.52299479452078,21.13128737942899,103.39170741509179,103.39170741509172,31.469979768568074,688.5213333333332,0.6138750357709883,39.900000000000006
2906.579046457526,304.3762459809663,0.7,10000.0,0.9046425649873645,0.04035330758141919,0.0028823791129585137,14.411895564792568,124.52299479452078,21.13128737942899,103.39170741509179,103.39170741509172,31.469979768568074,688.5213333333332,0.6138750357709883,39.95
2920.735082279065,305.858662585663,0.9,10000.0,0.9046425649873645,0.052144018680663304,0.003724572762904522,18.62286381452261,160.14293915277545,21.175759877569888,138.96717927520558,104.40126597021855,42.50431559641645,688.5213333333334,0.7893966965567748,40.0
2996.512937913246,313.79410107116735,0.9,10000.0,0.9046425649873645,0.053540023718070415,0.003824287408433601,19.121437042168008,160.3533245839078,21.41382303213502,138.9395015517728,109.88887945964119,43.59839599271461,688.5213333333334,0.7900332599159756,40.050000000000004
3060.048621081835,320.4475422539423,0.9,10000.0,0.9046425649873645,0.054707428421781695,0.003907673458698692,19.53836729349346,160.51131880207328,21.613426267618266,138.89789253445502,114.5982761076368,44.50948828691831,688.5213333333334,0.7904983120170799,40.1
3113.087959581085,326.0018087932925,0.9,10000.0,0.9046425649873645,0.055679619418838686,0.003977115672774192,19.885578363870962,160.6303391821644,21.780054263798775,138.85028491836562,118.60533213953228,45.265444034851214,688.5213333333335,0.7908385652159928,40.150000000000006
3157.2039182585268,330.62162118286324,0.9,10000.0,0.9046425649873645,0.05648649569754167,0.004034749692681547,20.173748463407737,160.7204029049795,21.918648635485894,138.80175426949359,121.99069253524056,45.890861019605374,688.5213333333331,0.7910883208192988,40.2
3193.7866628468214,334.4525572377545,0.9,10000.0,0.9046425649873645,0.05715431388298951,0.004082450991642108,20.412254958210543,160.7889298791019,22.033576717132632,138.75535316196925,124.83410055584676,46.407082695448366,688.5213333333334,0.7912725242114196,40.25
3224.046340637495,337.62134328599365,0.9,10000.0,0.9046425649873645,0.05770579057634734,0.00412184218402481,20.60921092012405,160.84139112116065,22.12864029857981,138.71275082258086,127.21079932953847,46.832385263615066,688.5213333333334,0.7914091970516031,40.300000000000004
3249.0238044313505,340.2369771779964,0.9,10000.0,0.9046425649873645,0.05816035435096135,0.004154311025068668,20.77155512534334,160.8818137179697,22.207109315339892,138.6747044026298,129.18949991337,47.18226223700295,688.5213333333334,0.7915113078055077,40.35
3269.6057308848044,342.3923114760929,0.9,10000.0,0.9046425649873645,0.05853447267425774,0.004181033762446981,20.905168812234905,160.9131640241622,22.271769344282788,138.6413946798794,130.83146437306308,47.4697475907132,688.5213333333332,0.7915881740743937,40.400000000000006
3286.541642281809,344.16583597031547,0.9,10000.0,0.9046425649873645,0.05884200452044096,0.00420300032288864,21.015001614443197,160.9376330853688,22.324975079109464,138.61265800625932,132.19033687644705,47.70574131879168,688.5213333333334,0.7916464941000494,40.45
3300.4611820968234,345.62348677112215,0.9,10000.0,0.9046425649873645,0.05909454811186645,0.004221039150847604,21.105195754238018,160.95684645504952,22.368704603133665,138.58814185191585,133.3124435823361,47.89931681199003,688.5213333333334,0.7916910948640521,40.5
3311.8906245608914,346.8203751871136,0.9,10000.0,0.9046425649873645,0.059301766251402446,0.0042358404465287465,21.179202232643732,160.97201707371673,22.404611255613407,138.5674058181033,134.23735987174217,48.05799967453962,688.5213333333334,0.7917254691075385,40.550000000000004
3321.2680470663204,347.8023765755357,0.9,10000.0,0.9046425649873645,0.05947168041346063,0.004247977172390045,21.239885861950224,160.98405606803576,22.434071297266073,138.5499847707697,134.99860635717525,48.18801397777798,688.5213333333334,0.7917521580939273,40.6
3328.956899405123,348.6075513096063,0.9,10000.0,0.9046425649873645,0.05961093033566901,0.00425792359540493,21.28961797702465,160.99365285839417,22.45822653928819,138.53542631910597,135.62438291036906,48.29449573873592,688.5213333333334,0.7917730232045309,40.650000000000006
3335.257901591227,349.26739071554357,0.9,10000.0,0.9046425649873645,0.05972499924715759,0.00426607137479697,21.33035687398485,161.00133308003757,22.478021721466305,138.52331135857128,136.1382846024445,48.38167551148501,688.5213333333334,0.7917894382283893,40.7
3340.419322824027,349.8078934831118,0.9,10000.0,0.9046425649873645,0.059818406795971606,0.004272743342569401,21.363716712847005,161.00750055367652,22.494236804493354,138.51326374918318,136.55996757489078,48.453033011572444,688.5213333333332,0.7918024254751138,40.75
3344.6457619127577,350.25048514951186,0.9,10000.0,0.9046425649873645,0.05989487270861794,0.004278205193472709,21.39102596736355,161.0124678190266,22.507514554485354,138.50495326454126,136.90574901977476,48.51142707651604,688.5213333333334,0.7918127522750792,40.800000000000004
3348.1055820231,350.61279666422496,0.9,10000.0,0.9046425649873645,0.059957454584139765,0.004282675327438554,21.413376637192773,161.0164784695235,22.518383899926746,138.49809456959673,137.1891358341354,48.559204269712616,688.5213333333334,0.7918209996141421,40.85
3350.9371627141304,350.9093191007912,0.9,10000.0,0.9046425649873645,0.06000866323311646,0.004286333088079747,21.43166544039874,161.0197235988041,22.527279573023733,138.49244402578034,137.4212828586675,48.59828923369102,688.5213333333334,0.7918276111765019,40.900000000000006
3353.254128777029,351.15195121951854,0.9,10000.0,0.9046425649873645,0.060050558776412556,0.004289325626886611,21.44662813443306,161.0223540030374,22.534558536585557,138.48779546645184,137.61138521532706,48.63025959813416,688.5213333333332,0.7918329285965288,40.95
3355.1497043379404,351.35045542806796,0.9,10000.0,0.9046425649873645,0.06008483042053871,0.00429177360146705,21.45886800733525,161.02448930834612,22.540513662842038,138.48397564550407,137.76701106293402,48.656407912537325,688.5213333333332,0.7918372169764165,41.0
3356.7003259397793,351.5128361424958,0.9,10000.0,0.9046425649873645,0.060112862489018135,0.0042937758920727235,21.46887946036362,161.02622485609405,22.545385084274876,138.48083977181918,137.8943817538023,48.67779273958669,688.5213333333334,0.791840683504693,41.050000000000004
3357.9686323197284,351.6456528760208,0.9,10000.0,0.9046425649873645,0.06013578894966241,0.004295413496404458,21.47706748202229,161.0276369410841,22.549369586280623,138.47826735480348,137.99860634824884,48.69528073312002,688.5213333333335,0.7918434911583785,41.1
3359.0059328181624,351.75427873020226,0.9,10000.0,0.9046425649873645,0.060154538357155674,0.004296752739796834,21.48376369898417,161.02878682986685,22.552628361906066,138.47615846796077,138.0838770271854,48.70958124322674,688.5213333333335,0.7918457688786755,41.150000000000006
3359.854241609773,351.8431134191256,0.9,10000.0,0.9046425649873645,0.060169870839362,0.004297847917097286,21.48923958548643,161.02972386772277,22.555293402573767,138.474430465149,138.15363132987744,48.72127474379824,688.5213333333335,0.7918476191979716,41.2
3360.547951640274,351.9157585636437,0.9,10000.0,0.9046425649873645,0.060182408498393715,0.004298743464170979,21.4937173208549,161.03048789879458,22.557472756909313,138.47301514188527,138.21068645597404,48.73083616425147,688.5213333333334,0.7918491240093743,41.25
3361.1152104239995,351.9751617645649,0.9,10000.0,0.9046425649873645,0.060192660373966464,0.004299475740997605,21.497378704988023,161.03111116398497,22.559254852936945,138.47185631104804,138.25735018109788,48.73865402492073,688.5213333333335,0.7918503489703617,41.300000000000004
3361.5790496960003,352.02373489954374,0.9,10000.0,0.9046425649873645,0.06020104292504643,0.004300074494646174,21.50037247323087,161.03161979839112,22.56071204698631,138.4709077514048,138.29551228480867,48.745046121579705,688.5213333333334,0.791851346892631,41.35
3361.9583122177964,352.0634511779523,0.9,10000.0,0.9046425649873645,0.06020789682332204,0.004300564058808717,21.502820294043588,161.03203501916278,22.56190353533857,138.47013148382422,138.32671979934872,48.75027237525998,688.5213333333334,0.7918521603723225,41.400000000000006
3362.2684116674804,352.0959247163859,0.9,10000.0,0.9046425649873645,0.06021350071525274,0.004300964336803767,21.504821684018836,161.03237407224745,22.562877741491576,138.46949633075587,138.3522388653058,48.7545453555897,688.5213333333332,0.7918528238457181,41.45
3362.521955345727,352.12247574828405,0.9,10000.0,0.9046425649873645,0.060218082494975664,0.004301291606783976,21.50645803391988,161.0326509900553,22.563674272448523,138.46897671760678,138.3731055266446,48.7580388961352,688.5213333333334,0.7918533652064574,41.5
3362.7292542436007,352.14418403810595,0.9,10000.0,0.9046425649873645,0.06022182853499308,0.004301559181070934,21.507795905354673,161.03287719993855,22.56432552114318,138.46855167879536,138.3901674086796,48.7608951458677,688.5213333333334,0.7918538070852118,41.550000000000004
3362.8987406996557,352.16193261828016,0.9,10000.0,0.9046425649873645,0.060224891242417616,0.004301777945886973,21.508889729434863,161.03306201432108,22.564857978548403,138.46820403577266,138.4041178925534,48.76323033942004,688.5213333333334,0.7918541678674386,41.6
3363.037310290429,352.17644359189296,0.9,10000.0,0.9046425649873645,0.06022739524305229,0.004301956803075164,21.50978401537582,161.03321302649502,22.56529330775679,138.46791971873824,138.4155241218737,48.76513951811298,688.5213333333335,0.7918544625064066,41.650000000000006
3363.1506016333874,352.1883074335847,0.9,10000.0,0.9046425649873645,0.060229442441503155,0.0043021030315359395,21.5105151576797,161.03333643091915,22.56564922300754,138.4676872079116,138.42484994451343,48.766700391997425,688.5213333333332,0.7918547031751448,41.7
3363.2432253336,352.1980069647893,0.9,10000.0,0.9046425649873645,0.06023111616095359,0.004302222582925256,21.511112914626285,161.0334372828804,22.56594020894368,138.46749707393673,138.43247469872625,48.76797649884331,688.5213333333335,0.7918548997909187,41.75
3363.3189512883287,352.20593696822465,0.9,10000.0,0.9046425649873645,0.06023248452955566,0.00430232032353969,21.51160161769845,161.03351970930925,22.56617810904674,138.4673416002625,138.4387085918022,48.76901978781969,688.5213333333334,0.7918550604383127,41.800000000000004
3363.3808619040387,352.2124202327411,0.9,10000.0,0.9046425649873645,0.06023360325025223,0.0043024002321608735,21.512001160804367,161.03358708014767,22.566372606982235,138.46721447316543,138.44380528628483,48.769872732479634,688.5213333333334,0.7918551917113067,41.85
3363.431477416336,352.21772067679416,0.9,10000.0,0.9046425649873645,0.06023451786609532,0.004302465561863951,21.512327809319757,161.0336421477931,22.566531620303824,138.46711052748927,138.4479721987719,48.770570058694,688.5213333333332,0.7918552989903903,41.900000000000006
3363.4728583834612,352.22205408153815,0.9,10000.0,0.9046425649873645,0.060235265612822275,0.004302518972344448,21.51259486172224,161.03368716066018,22.566661622446144,138.46702553821405,138.45137892566248,48.77114015763055,688.5213333333332,0.7918553866674104,41.95
3363.506689505222,352.2255968683243,0.9,10000.0,0.9046425649873645,0.06023587693380452,0.004302562638128895,21.512813190644476,161.03372395572856,22.56676790604973,138.46695604967883,138.4541641356,48.77160624113816,688.5213333333334,0.7918554583282543,42.0
3363.534348166002,352.2284932765082,0.9,10000.0,0.9046425649873645,0.06023637671884251,0.004302598337060179,21.512991685300896,161.0337540340083,22.566854798295246,138.46689923571304,138.4564412070365,48.77198728646528,688.5213333333331,0.79185551690144,42.050000000000004
3363.55696048327,352.23086123283514,0.9,10000.0,0.9046425649873645,0.06023678531710707,0.004302627522650505,21.51313761325253,161.03377862210522,22.566925836985053,138.46685278512015,138.45830283898442,48.77229880870307,688.5213333333334,0.7918555647790845,42.1
3363.5754471374103,352.2327971507297,0.9,10000.0,0.9046425649873645,0.06023711936537789,0.004302651383241278,21.513256916206394,161.0337987224646,22.56698391452189,138.4668148079427,138.45982482170785,48.772553492353744,688.5213333333331,0.7918556039154611,42.150000000000006
3363.59056084478,352.2343798544644,0.9,10000.0,0.9046425649873645,0.06023739246524133,0.004302670890374381,21.513354451871905,161.03381515438934,22.567031395633933,138.4667837587554,138.4610691202284,48.77276170770744,688.5213333333334,0.7918556359073458,42.2
3363.602916997004,352.2356737876995,0.9,10000.0,0.9046425649873645,0.060237615736780235,0.004302686838341446,21.51343419170723,161.03382858753497,22.567070213630984,138.46675837390399,138.46208639576093,48.772931933030655,688.5213333333335,0.7918556620595524,42.25
3363.6130187122285,352.2367316368441,0.9,10000.0,0.9046425649873645,0.060237798271273395,0.004302699876519528,21.513499382597644,161.03383956926655,22.56710194910532,138.4667376201612,138.46291806745407,48.77307109974203,688.5213333333334,0.7918556834384081,42.300000000000004
3363.621277317143,352.2375964759284,0.9,10000.0,0.9046425649873645,0.060237947501319784,0.004302710535808556,21.513552679042782,161.03384854700707,22.567127894277853,138.4667206527292,138.4635979981911,48.77318487462113,688.5213333333334,0.7918557009154044,42.35
3363.628029092937,352.2383035202362,0.9,10000.0,0.9046425649873645,0.06023806950344622,0.004302719250246159,21.513596251230794,161.03385588649613,22.567149105607086,138.46670678088904,138.46415387296446,48.77327789053434,688.5213333333334,0.7918557152028376,42.400000000000006
3363.6335489665294,352.23888156004705,0.9,10000.0,0.9046425649873645,0.060238169245512375,0.004302726374679456,21.51363187339728,161.03386188670945,22.56716644680141,138.46669543990805,138.4646083258629,48.77335393506888,688.5213333333334,0.7918557268829169,42.45
3363.638061704188,352.2393541328296,0.9,10000.0,0.9046425649873645,0.060238250788981616,0.004302732199212973,21.513660996064864,161.03386679205104,22.56718062398489,138.46668616806616,138.46497986150285,48.77341610475283,688.5213333333335,0.7918557364315405,42.5
3363.6417510631027,352.2397404815917,0.9,10000.0,0.9046425649873645,0.060238317454290785,0.0043027369610207705,21.513684805103853,161.03387080231747,22.56719221444775,138.46667858786972,138.4652836083856,48.7734669311392,688.5213333333335,0.79185574423772,42.550000000000004
3363.6447672733884,352.2400563383942,0.9,10000.0,0.9046425649873645,0.060238371956049856,0.004302740854003561,21.513704270017804,161.03387408084112,22.567201690151826,138.4666723906893,138.46553193483103,48.77350848388637,688.5213333333332,0.791855750619452,42.6
3363.647233155079,352.240314564921,0.9,10000.0,0.9046425649873645,0.060238416513575685,0.004302744036683978,21.513720183419892,161.0338767611471,22.56720943694763,138.46666732419948,138.46573495255066,48.77354245503229,688.5213333333334,0.7918557558366877,42.650000000000006
3363.649249119121,352.2405256761818,0.9,10000.0,0.9046425649873645,0.06023845294125919,0.004302746638661371,21.513733193306855,161.03387895239328,22.567215770285454,138.46666318210782,138.4659009283543,48.77357022789246,688.5213333333332,0.7918557601019315,42.7
3363.65089725596,352.240698268668,0.9,10000.0,0.9046425649873645,0.060238482722445405,0.004302748765888958,21.51374382944479,161.03388074381806,22.56722094806004,138.466659795758,138.46603662074747,48.773592933387896,688.5213333333335,0.791855763588904,42.75
3363.652244678173,352.24083937039217,0.9,10000.0,0.9046425649873645,0.06023850706983407,0.004302750504988148,21.513752524940738,161.03388220837581,22.567225181111766,138.46665702726403,138.46614755512,48.77361149609569,688.5213333333332,0.7918557664396213,42.800000000000004
3363.653346253242,352.24095472706364,0.9,10000.0,0.9046425649873645,0.060238526974860256,0.004302751926775732,21.51375963387866,161.03388340570865,22.56722864181191,138.46665476389674,138.46623824872916,48.77362667189771,688.5213333333334,0.7918557687701835,42.85
3363.6542468377274,352.2410490360504,0.9,10000.0,0.9046425649873645,0.06023854324806501,0.0043027530891475005,21.5137654457375,161.0338843845753,22.567231471081513,138.46665291349376,138.46631239463528,48.77363907875973,688.5213333333334,0.7918557706755031,42.900000000000006
3363.654983103814,352.2411261376547,0.9,10000.0,0.9046425649873645,0.06023855655210078,0.00430275403943577,21.51377019717885,161.03388518483797,22.56723378412964,138.46665140070832,138.46637301207906,48.77364922189556,688.5213333333335,0.7918557722331735,42.95
3363.6555850325963,352.2411891714894,0.9,10000.0,0.9046425649873645,0.06023856742871437,0.004302754816336741,21.513774081683707,161.03388583908492,22.56723567514468,138.46665016394024,138.4664225694226,48.77365751433892,688.5213333333334,0.791855773506629,43.0
3363.6560771349095,352.2412407043231,0.9,10000.0,0.9046425649873645,0.06023857632080707,0.004302755451486219,21.513777257431098,161.0338863739584,22.567237221129695,138.46664915282872,138.46646308465972,48.7736642937626,688.5213333333332,0.7918557745477286,43.050000000000004
3363.656479449411,352.2412828345992,0.9,10000.0,0.9046425649873645,0.0602385835904696,0.004302755970747829,21.513779853739145,161.03388681123946,22.567238485037976,138.4666483262015,138.46649620758794,48.77366983622852,688.5213333333332,0.791855775398869,43.1
3363.6568083585616,352.2413172778849,0.9,10000.0,0.9046425649873645,0.0602385895337266,0.004302756395266186,21.51378197633093,161.03388716873476,22.567239518336546,138.46664765039822,138.46652328698806,48.77367436742901,688.5213333333334,0.7918557760947104,43.150000000000006
3363.6570772557216,352.24134543672966,0.9,10000.0,0.9046425649873645,0.0602385943925908,0.004302756742327914,21.51378371163957,161.03388746100185,22.567240363101888,138.46664709789997,138.4665454255465,48.77367807187712,688.5213333333332,0.7918557766635889,43.2
3363.657297090534,352.24136845777736,0.9,10000.0,0.9046425649873645,0.060238598364917934,0.004302757026065566,21.513785130327832,161.03388769994248,22.56724105373332,138.46664664620917,138.46656352475657,48.77368110042023,688.5213333333332,0.7918557771286704,43.25
3363.6574768147966,352.24138727845815,0.9,10000.0,0.9046425649873645,0.06023860161246345,0.0043027572580331035,21.51378629016552,161.03388789528634,22.567241618353744,138.4666462769326,138.46657832162765,48.7736835763823,688.5213333333334,0.7918557775088937,43.300000000000004
3363.6576237469862,352.24140266516105,0.9,10000.0,0.9046425649873645,0.06023860426746928,0.004302757447676377,21.513787238381887,161.0338880549881,22.56724207995483,138.46664597503326,138.46659041869646,48.773685600585985,688.5213333333334,0.7918557778197418,43.35
3363.657743870267,352.2414152444416,0.9,10000.0,0.9046425649873645,0.06023860643804886,0.004302757602717776,21.51378801358888,161.033888185551,22.567242457333247,138.46664572821777,138.46660030856236,48.77368725545814,688.5213333333335,0.7918557780738732,43.400000000000006
3363.65784207613,352.2414255285355,0.9,10000.0,0.9046425649873645,0.06023860821258945,0.004302757729470675,21.513788647353376,161.03388829229166,22.567242765856065,138.4666455264356,138.4666083939463,48.77368860838609,688.5213333333332,0.7918557782816361,43.45
3363.657922363576,352.2414339362172,0.9,10000.0,0.9046425649873645,0.06023860966335144,0.004302757833096532,21.51378916548266,161.03388837955669,22.567243018086515,138.46664536147017,138.46661500408982,48.773689714461916,688.5213333333335,0.7918557784514909,43.5
3363.6579880019585,352.2414408098526,0.9,10000.0,0.9046425649873645,0.0602386108494107,0.00430275791781505,21.513789589075248,161.0338884508994,22.567243224295577,138.46664522660384,138.4666204081618,48.77369061872563,688.5213333333334,0.7918557785903544,43.550000000000004
3363.658041664112,352.2414464293401,0.9,10000.0,0.9046425649873645,0.06023861181906431,0.0043027579870760215,21.513789935380107,161.03388850922514,22.5672433928802,138.46664511634492,138.46662482621917,48.77369135799946,688.5213333333335,0.7918557787038812,43.6
3363.658085535191,352.2414510235088,0.9,10000.0,0.9046425649873645,0.06023861261179711,0.004302758043699793,21.51379021849897,161.03388855690886,22.567243530705262,138.4666450262036,138.466628438168,48.77369196238707,688.5213333333332,0.791855778796694,43.650000000000006
3363.658121401653,352.24145477943586,0.9,10000.0,0.9046425649873645,0.0602386132598897,0.004302758089992122,21.51379044996061,161.0338885958924,22.567243643383076,138.4666449525093,138.46663139108884,48.773692456499504,688.5213333333334,0.7918557788725724,43.7
3363.6581507240016,352.24145785006505,0.9,10000.0,0.9046425649873645,0.060238613789732776,0.0043027581278380555,21.51379063919028,161.033888627763,22.56724373550195,138.46664489226103,138.4666338052265,48.77369286045729,688.5213333333334,0.7918557789346061,43.75
3363.6581746962615,352.24146036043425,0.9,10000.0,0.9046425649873645,0.0602386142229019,0.0043027581587787075,21.513790793893538,161.03388865381856,22.567243810813025,138.46664484300555,138.46663577888611,48.77369319070987,688.5213333333336,0.7918557789853214,43.800000000000004
3363.6581942945973,352.2414624127672,0.9,10000.0,0.9046425649873645,0.06023861457703598,0.0043027581840739985,21.513790920369992,161.03388867512007,22.567243872383017,138.46664480273705,138.46663739243633,48.77369346070529,688.5213333333332,0.7918557790267833,43.85
3363.6582103170654,352.2414640906361,0.9,10000.0,0.9046425649873645,0.060238614866555545,0.0043027582047539675,21.51379102376984,161.03388869253502,22.567243922719083,138.46664476981593,138.46663871158182,48.77369368143798,688.5213333333334,0.79185577906068,43.900000000000006
3363.6582234161096,352.24146546236483,0.9,10000.0,0.9046425649873645,0.06023861510325002,0.004302758221660716,21.513791108303582,161.03388870677242,22.567243963870943,138.46664474290148,138.46663979003898,48.77369386189628,688.5213333333335,0.7918557790883921,43.95
3363.6582341251324,352.2414665838111,0.9,10000.0,0.9046425649873645,0.06023861529675777,0.004302758235482698,21.51379117741349,161.0338887184121,22.567243997514332,138.46664472089776,138.46664067172333,48.773694009428546,688.5213333333334,0.791855779111048,44.0
3363.6582428802117,352.2414675006408,0.9,10000.0,0.9046425649873645,0.06023861545495854,0.0043027582467827525,21.513791233913764,161.03388872792806,22.56724402501922,138.46664470290884,138.46664139253758,48.773694130042436,688.5213333333332,0.79185577912957,44.050000000000004
3363.6582500378586,352.24146825018784,0.9,10000.0,0.9046425649873645,0.06023861558429435,0.004302758256021025,21.513791280105124,161.03388873570773,22.567244047505636,138.4666446882021,138.46664198183367,48.77369422864939,688.5213333333334,0.7918557791447126,44.1
3363.6582558895375,352.2414688629742,0.9,10000.0,0.9046425649873645,0.06023861569003184,0.004302758263573703,21.513791317868517,161.033888742068,22.567244065889227,138.46664467617876,138.46664246360814,48.773694309264734,688.5213333333335,0.7918557791570923,44.150000000000006
3363.6582606735324,352.241469363953,0.9,10000.0,0.9046425649873645,0.06023861577647672,0.004302758269748337,21.513791348741684,161.03388874726772,22.56724408091859,138.46664466634914,138.46664285747914,48.77369437517119,688.5213333333334,0.7918557791672132,44.2
3363.6582645846506,352.24146977352433,0.9,10000.0,0.9046425649873645,0.06023861584714905,0.00430275827479636,21.513791373981803,161.03388875151876,22.56724409320573,138.46664465831304,138.46664317948532,48.773694429052505,688.5213333333334,0.7918557791754874,44.25
3363.6582677821552,352.24147010836623,0.9,10000.0,0.9046425649873645,0.060238615904926664,0.0043027582789233335,21.513791394616668,161.03388875499408,22.567244103250985,138.46664465174308,138.466643442739,48.77369447310273,688.5213333333334,0.791855779182252,44.300000000000004
3363.65827039625,352.2414703821136,0.9,10000.0,0.9046425649873645,0.06023861595216231,0.004302758282297308,21.513791411486544,161.0338887578354,22.56724411146341,138.466644646372,138.46664365796002,48.77369450911569,688.5213333333334,0.7918557791877823,44.35
3363.6582725333833,352.24147060591366,0.9,10000.0,0.9046425649873645,0.06023861599077945,0.004302758285055675,21.513791425278374,161.03388876015822,22.56724411817741,138.46664464198082,138.4666438339123,48.77369453855778,688.5213333333334,0.7918557791923037,44.400000000000006
3363.65827428058,352.24147078887967,0.9,10000.0,0.9046425649873645,0.060238616022350595,0.004302758287310757,21.513791436553788,161.03388876205727,22.56724412366639,138.46664463839087,138.4666439777607,48.77369456262794,688.5213333333334,0.7918557791959999,44.45
3363.658275708987,352.2414709384621,0.9,10000.0,0.9046425649873645,0.06023861604816134,0.004302758289154381,21.513791445771908,161.03388876360984,22.567244128153863,138.46664463545596,138.46664409536285,48.77369458230632,688.5213333333334,0.7918557791990218,44.5
3363.65827687677,352.2414710607521,0.9,10000.0,0.9046425649873645,0.060238616069262715,0.004302758290661623,21.513791453308112,161.03388876487912,22.567244131822562,138.46664463305655,138.46664419150758,48.77369459839423,688.5213333333334,0.7918557792014924,44.550000000000004
3363.6582778314823,352.2414711607293,0.9,10000.0,0.9046425649873645,0.06023861608651397,0.004302758291893855,21.513791459469275,161.03388876591674,22.567244134821877,138.46664463109488,138.46664427010998,48.77369461154676,688.5213333333332,0.7918557792035121,44.6
3363.658278612,352.2414712424649,0.9,10000.0,0.9046425649873645,0.06023861610061761,0.004302758292901258,21.51379146450629,161.03388876676513,22.567244137273946,138.46664462949119,138.46664433437076,48.77369462229952,688.5213333333334,0.7918557792051634,44.650000000000006
3363.6582792501054,352.2414713092872,0.9,10000.0,0.9046425649873645,0.06023861611214794,0.004302758293724853,21.513791468624266,161.0338887674587,22.567244139278614,138.4666446281801,138.46664438690664,48.773694631090365,688.5213333333334,0.7918557792065134,44.7
3363.6582797717842,352.24147136391724,0.9,10000.0,0.9046425649873645,0.06023861612157446,0.004302758294398175,21.513791471990878,161.0338887680257,22.567244140917516,138.46664462710817,138.46664442985696,48.77369463827723,688.5213333333334,0.7918557792076171,44.75
3363.6582801982786,352.2414714085796,0.9,10000.0,0.9046425649873645,0.06023861612928104,0.004302758294948646,21.51379147474323,161.03388876848928,22.567244142257387,138.4666446262319,138.46664446497064,48.77369464415282,688.5213333333332,0.7918557792085192,44.800000000000004
3363.6582805469557,352.241471445093,0.9,10000.0,0.9046425649873645,0.0602386161355815,0.004302758295398679,21.513791476993394,161.03388876886828,22.567244143352788,138.4666446255155,138.46664449367756,48.77369464895636,688.5213333333334,0.791855779209257,44.85
3363.658280832014,352.24147147494426,0.9,10000.0,0.9046425649873645,0.06023861614073239,0.0043027582957666,21.513791478833,161.0338887691781,22.567244144248328,138.46664462492978,138.46664451714673,48.77369465288345,688.5213333333335,0.7918557792098601,44.900000000000006
3363.658281065061,352.2414714993489,0.9,10000.0,0.9046425649873645,0.06023861614494346,0.0043027582960673905,21.513791480336955,161.0338887694314,22.567244144980467,138.46664462445094,138.46664453633372,48.77369465609401,688.5213333333334,0.7918557792103531,44.95
3363.658281255587,352.2414715193007,0.9,10000.0,0.9046425649873645,0.06023861614838618,0.004302758296313299,21.513791481566493,161.03388876963845,22.56724414557902,138.46664462405943,138.4666445520199,48.77369465871876,688.5213333333332,0.7918557792107561,45.0
3363.65828141135,352.24147153561216,0.9,10000.0,0.9046425649873645,0.060238616151200755,0.004302758296514339,21.513791482571698,161.03388876980776,22.567244146068365,138.4666446237394,138.466644564844,48.77369466086463,688.5213333333334,0.7918557792110857,45.050000000000004
3363.6582815386923,352.24147154894746,0.9,10000.0,0.9046425649873645,0.06023861615350178,0.004302758296678698,21.513791483393494,161.03388876994617,22.567244146468425,138.46664462347775,138.46664457532825,48.77369466261895,688.5213333333335,0.791855779211355,45.1
3363.6582816428004,352.24147155984963,0.9,10000.0,0.9046425649873645,0.060238616155382965,0.004302758296813069,21.513791484065347,161.0338887700593,22.56724414679549,138.4666446232638,138.46664458389958,48.773694664053174,688.5213333333334,0.7918557792115752,45.150000000000006
3363.658281727913,352.2414715687626,0.9,10000.0,0.9046425649873645,0.06023861615692092,0.004302758296922923,21.513791484614618,161.03388877015186,22.56724414706288,138.466644623089,138.46664459090698,48.77369466522576,688.5213333333334,0.7918557792117553,45.2
3363.658281797497,352.2414715760494,0.9,10000.0,0.9046425649873645,0.060238616158178264,0.004302758297012733,21.513791485063667,161.03388877022743,22.56724414728148,138.46664462294595,138.46664459663586,48.77369466618435,688.5213333333334,0.7918557792119025,45.25
3363.6582818543843,352.2414715820066,0.9,10000.0,0.9046425649873645,0.060238616159206206,0.004302758297086157,21.513791485430787,161.03388877028925,22.567244147460197,138.46664462282905,138.46664460131947,48.77369466696805,688.5213333333332,0.7918557792120229,45.300000000000004
3363.6582819008922,352.2414715868769,0.9,10000.0,0.9046425649873645,0.060238616160046596,0.0043027582971461855,21.513791485730927,161.03388877033987,22.567244147606306,138.46664462273355,138.4666446051485,48.77369466760878,688.5213333333334,0.7918557792121214,45.35
3363.658281938914,352.24147159085857,0.9,10000.0,0.9046425649873645,0.06023861616073362,0.004302758297195259,21.5137914859763,161.03388877038117,22.567244147725756,138.46664462265542,138.4666446082789,48.773694668132585,688.5213333333334,0.7918557792122017,45.400000000000006
3363.658281969999,352.24147159411376,0.9,10000.0,0.9046425649873645,0.06023861616129532,0.00430275829723538,21.5137914861769,161.03388877041496,22.567244147823413,138.46664462259156,138.46664461083813,48.77369466856083,688.5213333333334,0.7918557792122676,45.45
3363.658281995412,352.241471596775,0.9,10000.0,0.9046425649873645,0.06023861616175453,0.004302758297268181,21.513791486340907,161.03388877044262,22.56724414790325,138.46664462253938,138.4666446129304,48.77369466891094,688.5213333333334,0.7918557792123213,45.5
3363.658282016188,352.2414715989507,0.9,10000.0,0.9046425649873645,0.06023861616212994,0.004302758297294996,21.513791486474982,161.03388877046515,22.56724414796852,138.46664462249663,138.46664461464093,48.77369466919715,688.5213333333332,0.7918557792123653,45.550000000000004
3363.6582820331732,352.24147160072937,0.9,10000.0,0.9046425649873645,0.06023861616243686,0.004302758297316919,21.513791486584594,161.03388877048363,22.56724414802188,138.46664462246176,138.46664461603933,48.77369466943115,688.5213333333332,0.7918557792124012,45.6
3363.6582820470594,352.24147160218354,0.9,10000.0,0.9046425649873645,0.060238616162687775,0.004302758297334841,21.513791486674204,161.03388877049875,22.567244148065505,138.46664462243325,138.4666446171826,48.773694669622465,688.5213333333335,0.7918557792124306,45.650000000000006
3363.6582820584126,352.2414716033724,0.9,10000.0,0.9046425649873645,0.06023861616289291,0.004302758297349493,21.51379148674747,161.033888770511,22.567244148101175,138.46664462240983,138.46664461811733,48.77369466977883,688.5213333333334,0.7918557792124545,45.7
3363.6582820676936,352.2414716043443,0.9,10000.0,0.9046425649873645,0.060238616163060615,0.0043027582973614725,21.513791486807364,161.03388877052112,22.567244148130328,138.4666446223908,138.46664461888145,48.7736946699067,688.5213333333332,0.7918557792124742,45.75
3363.6582820752815,352.24147160513894,0.9,10000.0,0.9046425649873645,0.060238616163197735,0.004302758297371267,21.513791486856334,161.0338887705294,22.567244148154167,138.4666446223752,138.46664461950616,48.773694670011245,688.5213333333335,0.7918557792124903,45.800000000000004
3363.6582820814847,352.24147160578855,0.9,10000.0,0.9046425649873645,0.06023861616330982,0.0043027582973792725,21.513791486896363,161.03388877053615,22.567244148173657,138.46664462236248,138.4666446200169,48.77369467009671,688.5213333333332,0.7918557792125034,45.85
3363.6582820865565,352.24147160631964,0.9,10000.0,0.9046425649873645,0.06023861616340147,0.004302758297385819,21.513791486929097,161.03388877054164,22.567244148189587,138.46664462235205,138.46664462043444,48.77369467016657,688.5213333333334,0.7918557792125142,45.900000000000006
3363.658282090703,352.24147160675386,0.9,10000.0,0.9046425649873645,0.0602386161634764,0.004302758297391172,21.51379148695586,161.03388877054616,22.567244148202615,138.46664462234355,138.4666446207758,48.773694670223705,688.5213333333332,0.7918557792125229,45.95
3363.658282094093,352.24147160710885,0.9,10000.0,0.9046425649873645,0.060238616163537644,0.004302758297395546,21.51379148697773,161.03388877054982,22.567244148213263,138.46664462233656,138.4666446210549,48.773694670270395,688.5213333333334,0.79185577921253,46.0
3363.658282096864,352.24147160739903,0.9,10000.0,0.9046425649873645,0.06023861616358772,0.004302758297399123,21.513791486995615,161.03388877055286,22.56724414822197,138.4666446223309,138.46664462128305,48.773694670308586,688.5213333333334,0.7918557792125359,46.050000000000004
3363.65828209913,352.2414716076363,0.9,10000.0,0.9046425649873645,0.060238616163628654,0.004302758297402047,21.513791487010238,161.03388877055528,22.567244148229086,138.46664462232619,138.46664462146958,48.77369467033978,688.5213333333332,0.7918557792125407,46.1
3363.6582821009815,352.24147160783025,0.9,10000.0,0.9046425649873645,0.06023861616366211,0.004302758297404436,21.513791487022182,161.0338887705573,22.567244148234906,138.4666446223224,138.46664462162207,48.7736946703653,688.5213333333335,0.7918557792125446,46.150000000000006
3363.6582821024963,352.24147160798884,0.9,10000.0,0.9046425649873645,0.060238616163689494,0.004302758297406392,21.513791487031963,161.03388877055897,22.567244148239666,138.4666446223193,138.46664462174675,48.77369467038617,688.5213333333334,0.7918557792125478,46.2
3363.658282103734,352.2414716081185,0.9,10000.0,0.9046425649873645,0.06023861616371187,0.004302758297407991,21.513791487039956,161.03388877056034,22.567244148243553,138.46664462231678,138.4666446218487,48.77369467040323,688.5213333333335,0.7918557792125505,46.25
3363.658282104746,352.24147160822446,0.9,10000.0,0.9046425649873645,0.06023861616373015,0.004302758297409296,21.513791487046483,161.0338887705614,22.567244148246733,138.46664462231465,138.466644621932,48.77369467041715,688.5213333333332,0.7918557792125527,46.300000000000004
3363.6582821055736,352.2414716083111,0.9,10000.0,0.9046425649873645,0.0602386161637451,0.004302758297410365,21.513791487051826,161.03388877056233,22.56724414824933,138.466644622313,138.4666446220001,48.77369467042857,688.5213333333334,0.7918557792125543,46.35
3363.6582821062498,352.2414716083819,0.9,10000.0,0.9046425649873645,0.06023861616375732,0.004302758297411237,21.51379148705619,161.03388877056304,22.567244148251458,138.46664462231158,138.46664462205578,48.77369467043787,688.5213333333334,0.7918557792125558,46.400000000000006
3363.6582821068027,352.24147160843984,0.9,10000.0,0.9046425649873645,0.06023861616376731,0.00430275829741195,21.513791487059752,161.0338887705636,22.567244148253195,138.4666446223104,138.46664462210134,48.77369467044548,688.5213333333334,0.7918557792125569,46.45
3363.658282107255,352.2414716084872,0.9,10000.0,0.9046425649873645,0.06023861616377548,0.004302758297412534,21.513791487062672,161.03388877056412,22.567244148254616,138.4666446223095,138.46664462213857,48.77369467045172,688.5213333333332,0.7918557792125579,46.5
3363.6582821076245,352.2414716085259,0.9,10000.0,0.9046425649873645,0.060238616163782156,0.004302758297413011,21.513791487065056,161.03388877056454,22.567244148255774,138.46664462230876,138.466644622169,48.77369467045682,688.5213333333335,0.7918557792125587,46.550000000000004
3363.658282107927,352.24147160855756,0.9,10000.0,0.9046425649873645,0.060238616163787624,0.0043027582974134015,21.513791487067007,161.0338887705649,22.567244148256727,138.46664462230817,138.46664462219388,48.773694670461,688.5213333333335,0.7918557792125593,46.6
3363.658282108174,352.2414716085834,0.9,10000.0,0.9046425649873645,0.060238616163792086,0.004302758297413721,21.513791487068605,161.03388877056514,22.5672441482575,138.46664462230763,138.46664462221423,48.77369467046439,688.5213333333334,0.7918557792125598,46.650000000000006
3363.658282108376,352.24147160860457,0.9,10000.0,0.9046425649873645,0.06023861616379573,0.004302758297413981,21.513791487069906,161.03388877056534,22.567244148258137,138.4666446223072,138.46664462223083,48.77369467046716,688.5213333333335,0.7918557792125602,46.7
3363.658282108541,352.24147160862185,0.9,10000.0,0.9046425649873645,0.06023861616379871,0.004302758297414193,21.513791487070968,161.0338887705655,22.567244148258656,138.46664462230686,138.46664462224444,48.77369467046943,688.5213333333334,0.7918557792125607,46.75
3363.6582821086763,352.241471608636,0.9,10000.0,0.9046425649873645,0.06023861616380116,0.004302758297414369,21.513791487071842,161.0338887705657,22.56724414825908,138.46664462230663,138.46664462225556,48.773694670471315,688.5213333333332,0.7918557792125609,46.800000000000004
3363.6582821087864,352.24147160864754,0.9,10000.0,0.9046425649873645,0.060238616163803146,0.004302758297414511,21.513791487072552,161.0338887705658,22.567244148259427,138.46664462230638,138.46664462226462,48.77369467047282,688.5213333333335,0.7918557792125611,46.85
3363.6582821088764,352.241471608657,0.9,10000.0,0.9046425649873645,0.06023861616380478,0.004302758297414627,21.513791487073135,161.0338887705659,22.56724414825971,138.4666446223062,138.46664462227204,48.77369467047407,688.5213333333334,0.7918557792125613,46.900000000000006
3363.65828210895,352.2414716086647,0.9,10000.0,0.9046425649873645,0.0602386161638061,0.004302758297414722,21.513791487073608,161.03388877056594,22.56724414825994,138.466644622306,138.46664462227812,48.77369467047507,688.5213333333334,0.7918557792125615,46.95
3363.6582821090105,352.241471608671,0.9,10000.0,0.9046425649873645,0.0602386161638072,0.0043027582974148,21.513791487074,161.03388877056602,22.56724414826013,138.4666446223059,138.4666446222831,48.773694670475905,688.5213333333331,0.7918557792125616,47.0
3363.65828210906,352.2414716086762,0.9,10000.0,0.9046425649873645,0.0602386161638081,0.004302758297414865,21.513791487074325,161.03388877056614,22.567244148260286,138.46664462230586,138.46664462228716,48.77369467047661,688.5213333333334,0.7918557792125617,47.050000000000004
3363.6582821091,352.2414716086804,0.9,10000.0,0.9046425649873645,0.06023861616380882,0.004302758297414916,21.51379148707458,161.03388877056614,22.56724414826041,138.46664462230572,138.46664462229046,48.77369467047714,688.5213333333332,0.7918557792125618,47.1
3363.6582821091333,352.24147160868387,0.9,10000.0,0.9046425649873645,0.06023861616380941,0.004302758297414958,21.51379148707479,161.03388877056616,22.567244148260514,138.46664462230564,138.4666446222932,48.77369467047759,688.5213333333334,0.7918557792125619,47.150000000000006
3363.65828210916,352.2414716086867,0.9,10000.0,0.9046425649873645,0.060238616163809905,0.004302758297414993,21.51379148707497,161.03388877056622,22.5672441482606,138.46664462230564,138.46664462229543,48.77369467047799,688.5213333333332,0.7918557792125619,47.2
3363.6582821091824,352.24147160868904,0.9,10000.0,0.9046425649873645,0.0602386161638103,0.004302758297415022,21.51379148707511,161.0338887705662,22.56724414826067,138.46664462230552,138.46664462229725,48.77369467047827,688.5213333333335,0.7918557792125619,47.25
3363.6582821092006,352.2414716086909,0.9,10000.0,0.9046425649873645,0.060238616163810633,0.004302758297415045,21.513791487075228,161.03388877056622,22.567244148260727,138.4666446223055,138.46664462229873,48.77369467047851,688.5213333333334,0.791855779212562,47.300000000000004
3363.658282109215,352.24147160869245,0.9,10000.0,0.9046425649873645,0.0602386161638109,0.004302758297415064,21.513791487075324,161.03388877056625,22.567244148260773,138.46664462230547,138.46664462229995,48.77369467047872,688.5213333333332,0.791855779212562,47.35
3363.658282109227,352.2414716086937,0.9,10000.0,0.9046425649873645,0.06023861616381111,0.00430275829741508,21.513791487075398,161.03388877056628,22.567244148260812,138.46664462230547,138.46664462230092,48.773694670478896,688.5213333333334,0.791855779212562,47.400000000000006
3363.658282109237,352.2414716086947,0.9,10000.0,0.9046425649873645,0.0602386161638113,0.004302758297415093,21.513791487075466,161.0338887705663,22.56724414826084,138.46664462230547,138.46664462230174,48.77369467047903,688.5213333333335,0.7918557792125621,47.45
3363.658282109245,352.2414716086956,0.9,10000.0,0.9046425649873645,0.06023861616381144,0.004302758297415102,21.513791487075512,161.03388877056628,22.56724414826087,138.4666446223054,138.4666446223024,48.77369467047913,688.5213333333332,0.7918557792125621,47.5
3363.6582821092516,352.24147160869626,0.9,10000.0,0.9046425649873645,0.06023861616381155,0.004302758297415111,21.513791487075558,161.03388877056628,22.567244148260887,138.46664462230538,138.46664462230294,48.773694670479216,688.5213333333332,0.7918557792125621,47.550000000000004
3363.658282109257,352.2414716086968,0.9,10000.0,0.9046425649873645,0.060238616163811654,0.004302758297415118,21.51379148707559,161.0338887705663,22.567244148260905,138.4666446223054,138.4666446223034,48.7736946704793,688.5213333333334,0.7918557792125621,47.6
3363.658282109261,352.2414716086973,0.9,10000.0,0.9046425649873645,0.06023861616381173,0.004302758297415123,21.513791487075615,161.0338887705663,22.56724414826092,138.46664462230538,138.46664462230373,48.77369467047936,688.5213333333334,0.7918557792125621,47.650000000000006
3363.658282109265,352.2414716086977,0.9,10000.0,0.9046425649873645,0.060238616163811806,0.004302758297415129,21.513791487075647,161.03388877056636,22.56724414826093,138.46664462230544,138.46664462230405,48.77369467047943,688.5213333333335,0.7918557792125621,47.7
3363.658282109268,352.24147160869796,0.9,10000.0,0.9046425649873645,0.06023861616381185,0.004302758297415132,21.51379148707566,161.0338887705663,22.56724414826094,138.46664462230535,138.46664462230427,48.773694670479436,688.5213333333332,0.7918557792125621,47.75
3363.6582821092707,352.24147160869825,0.9,10000.0,0.9046425649873645,0.0602386161638119,0.004302758297415136,21.513791487075682,161.03388877056634,22.567244148260947,138.46664462230538,138.4666446223045,48.77369467047949,688.5213333333334,0.7918557792125621,47.800000000000004
3363.6582821092725,352.2414716086985,0.9,10000.0,0.9046425649873645,0.06023861616381194,0.004302758297415139,21.513791487075697,161.03388877056634,22.567244148260954,138.46664462230538,138.46664462230467,48.77369467047952,688.5213333333334,0.7918557792125621,47.85
3363.6582821092743,352.24147160869865,0.9,10000.0,0.9046425649873645,0.06023861616381196,0.00430275829741514,21.5137914870757,161.0338887705663,22.56724414826096,138.46664462230535,138.4666446223048,48.773694670479536,688.5213333333334,0.7918557792125621,47.900000000000006
3363.658282109275,352.24147160869876,0.9,10000.0,0.9046425649873645,0.06023861616381199,0.004302758297415142,21.51379148707571,161.03388877056634,22.56724414826096,138.46664462230538,138.4666446223049,48.773694670479564,688.5213333333334,0.7918557792125622,47.95
3363.6582821092766,352.2414716086989,0.9,10000.0,0.9046425649873645,0.06023861616381201,0.004302758297415143,21.513791487075718,161.03388877056634,22.567244148260965,138.46664462230538,138.46664462230498,48.77369467047958,688.5213333333334,0.7918557792125622,48.0
3363.658282109277,352.24147160869893,0.9,10000.0,0.9046425649873645,0.06023861616381202,0.004302758297415144,21.51379148707572,161.03388877056634,22.56724414826097,138.46664462230535,138.46664462230504,48.77369467047958,688.5213333333332,0.7918557792125622,48.050000000000004
3363.6582821092775,352.241471608699,0.9,10000.0,0.9046425649873645,0.060238616163812035,0.004302758297415146,21.51379148707573,161.0338887705664,22.56724414826097,138.4666446223054,138.46664462230507,48.77369467047961,688.5213333333335,0.7918557792125622,48.1
3363.658282109278,352.24147160869904,0.9,10000.0,0.9046425649873645,0.06023861616381204,0.004302758297415146,21.51379148707573,161.03388877056636,22.56724414826097,138.4666446223054,138.46664462230513,48.773694670479614,688.5213333333334,0.7918557792125622,48.150000000000006
3363.658282109279,352.2414716086991,0.9,10000.0,0.9046425649873645,0.060238616163812056,0.004302758297415147,21.513791487075736,161.03388877056636,22.567244148260972,138.46664462230538,138.46664462230518,48.77369467047961,688.5213333333332,0.7918557792125622,48.2
3363.6582821092793,352.24147160869916,0.9,10000.0,0.9046425649873645,0.06023861616381206,0.0043027582974151475,21.51379148707574,161.03388877056634,22.567244148260976,138.46664462230535,138.4666446223052,48.77369467047961,688.5213333333334,0.7918557792125622,48.25
3363.6582821092798,352.2414716086992,0.9,10000.0,0.9046425649873645,0.06023861616381206,0.0043027582974151475,21.51379148707574,161.0338887705663,22.567244148260976,138.46664462230532,138.46664462230527,48.77369467047961,688.5213333333334,0.7918557792125622,48.300000000000004
3363.6582821092798,352.2414716086992,0.9,10000.0,0.9046425649873645,0.06023861616381206,0.0043027582974151475,21.51379148707574,161.0338887705663,22.567244148260976,138.46664462230532,138.46664462230527,48.77369467047961,688.5213333333334,0.7918557792125622,48.35
3363.6582821092798,352.2414716086992,0.9,10000.0,0.9046425649873645,0.06023861616381206,0.0043027582974151475,21.51379148707574,161.0338887705663,22.567244148260976,138.46664462230532,138.46664462230527,48.77369467047961,688.5213333333334,0.7918557792125622,48.400000000000006
3363.6582821092798,352.2414716086992,0.9,10000.0,0.9046425649873645,0.06023861616381206,0.0043027582974151475,21.51379148707574,161.0338887705663,22.567244148260976,138.46664462230532,138.46664462230527,48.77369467047961,688.5213333333334,0.7918557792125622,48.45
3363.6582821092798,352.2414716086992,0.9,10000.0,0.9046425649873645,0.06023861616381206,0.0043027582974151475,21.51379148707574,161.0338887705663,22.567244148260976,138.46664462230532,138.46664462230527,48.77369467047961,688.5213333333334,0.7918557792125622,48.5
3363.6582821092798,352.2414716086992,0.9,10000.0,0.9046425649873645,0.06023861616381206,0.0043027582974151475,21.51379148707574,161.0338887705663,22.567244148260976,138.46664462230532,138.46664462230527,48.77369467047961,688.5213333333334,0.7918557792125622,48.550000000000004
3363.6582821092798,352.2414716086992,0.9,10000.0,0.9046425649873645,0.06023861616381206,0.0043027582974151475,21.51379148707574,161.0338887705663,22.567244148260976,138.46664462230532,138.46664462230527,48.77369467047961,688.5213333333334,0.7918557792125622,48.6
3363.6582821092798,352.2414716086992,0.9,10000.0,0.9046425649873645,0.06023861616381206,0.0043027582974151475,21.51379148707574,161.0338887705663,22.567244148260976,138.46664462230532,138.46664462230527,48.77369467047961,688.5213333333334,0.7918557792125622,48.650000000000006
3363.6582821092798,352.2414716086992,0.9,10000.0,0.9046425649873645,0.06023861616381206,0.0043027582974151475,21.51379148707574,161.0338887705663,22.567244148260976,138.46664462230532,138.46664462230527,48.77369467047961,688.5213333333334,0.7918557792125622,48.7
3363.6582821092798,352.2414716086992,0.9,10000.0,0.9046425649873645,0.06023861616381206,0.0043027582974151475,21.51379148707574,161.0338887705663,22.567244148260976,138.46664462230532,138.46664462230527,48.77369467047961,688.5213333333334,0.7918557792125622,48.75
3363.6582821092798,352.2414716086992,0.9,10000.0,0.9046425649873645,0.06023861616381206,0.0043027582974151475,21.51379148707574,161.0338887705663,22.567244148260976,138.46664462230532,138.46664462230527,48.77369467047961,688.5213333333334,0.7918557792125622,48.800000000000004
3363.6582821092798,352.2414716086992,0.9,10000.0,0.9046425649873645,0.06023861616381206,0.0043027582974151475,21.51379148707574,161.0338887705663,22.567244148260976,138.46664462230532,138.46664462230527,48.77369467047961,688.5213333333334,0.7918557792125622,48.85
3363.6582821092798,352.2414716086992,0.9,10000.0,0.9046425649873645,0.06023861616381206,0.0043027582974151475,21.51379148707574,161.0338887705663,22.567244148260976,138.46664462230532,138.46664462230527,48.77369467047961,688.5213333333334,0.7918557792125622,48.900000000000006
3363.6582821092798,352.2414716086992,0.9,10000.0,0.9046425649873645,0.06023861616381206,0.0043027582974151475,21.51379148707574,161.0338887705663,22.567244148260976,138.46664462230532,138.46664462230527,48.77369467047961,688.5213333333334,0.7918557792125622,48.95
3363.6582821092798,352.2414716086992,0.9,10000.0,0.9046425649873645,0.06023861616381206,0.0043027582974151475,21.51379148707574,161.0338887705663,22.567244148260976,138.46664462230532,138.46664462230527,48.77369467047961,688.5213333333334,0.7918557792125622,49.0
3363.6582821092798,352.2414716086992,0.9,10000.0,0.9046425649873645,0.06023861616381206,0.0043027582974151475,21.51379148707574,161.0338887705663,22.567244148260976,138.46664462230532,138.46664462230527,48.77369467047961,688.5213333333334,0.7918557792125622,49.050000000000004
3363.6582821092798,352.2414716086992,0.9,10000.0,0.9046425649873645,0.06023861616381206,0.0043027582974151475,21.51379148707574,161.0338887705663,22.567244148260976,138.46664462230532,138.46664462230527,48.77369467047961,688.5213333333334,0.7918557792125622,49.1
3363.6582821092798,352.2414716086992,0.9,10000.0,0.9046425649873645,0.06023861616381206,0.0043027582974151475,21.51379148707574,161.0338887705663,22.567244148260976,138.46664462230532,138.46664462230527,48.77369467047961,688.5213333333334,0.7918557792125622,49.150000000000006
3363.6582821092798,352.2414716086992,0.9,10000.0,0.9046425649873645,0.06023861616381206,0.0043027582974151475,21.51379148707574,161.0338887705663,22.567244148260976,138.46664462230532,138.46664462230527,48.77369467047961,688.5213333333334,0.7918557792125622,49.2
3363.6582821092798,352.2414716086992,0.9,10000.0,0.9046425649873645,0.06023861616381206,0.0043027582974151475,21.51379148707574,161.0338887705663,22.567244148260976,138.46664462230532,138.46664462230527,48.77369467047961,688.5213333333334,0.7918557792125622,49.25
3363.6582821092798,352.2414716086992,0.9,10000.0,0.9046425649873645,0.06023861616381206,0.0043027582974151475,21.51379148707574,161.0338887705663,22.567244148260976,138.46664462230532,138.46664462230527,48.77369467047961,688.5213333333334,0.7918557792125622,49.300000000000004
3363.6582821092798,352.2414716086992,0.9,10000.0,0.9046425649873645,0.06023861616381206,0.0043027582974151475,21.51379148707574,161.0338887705663,22.567244148260976,138.46664462230532,138.46664462230527,48.77369467047961,688.5213333333334,0.7918557792125622,49.35
3363.6582821092798,352.2414716086992,0.9,10000.0,0.9046425649873645,0.06023861616381206,0.0043027582974151475,21.51379148707574,161.0338887705663,22.567244148260976,138.46664462230532,138.46664462230527,48.77369467047961,688.5213333333334,0.7918557792125622,49.400000000000006
3363.6582821092798,352.2414716086992,0.9,10000.0,0.9046425649873645,0.06023861616381206,0.0043027582974151475,21.51379148707574,161.0338887705663,22.567244148260976,138.46664462230532,138.46664462230527,48.77369467047961,688.5213333333334,0.7918557792125622,49.45
3363.6582821092798,352.2414716086992,0.9,10000.0,0.9046425649873645,0.06023861616381206,0.0043027582974151475,21.51379148707574,161.0338887705663,22.567244148260976,138.46664462230532,138.46664462230527,48.77369467047961,688.5213333333334,0.7918557792125622,49.5
3363.6582821092798,352.2414716086992,0.9,10000.0,0.9046425649873645,0.06023861616381206,0.0043027582974151475,21.51379148707574,161.0338887705663,22.567244148260976,138.46664462230532,138.46664462230527,48.77369467047961,688.5213333333334,0.7918557792125622,49.550000000000004
3363.6582821092798,352.2414716086992,0.9,10000.0,0.9046425649873645,0.06023861616381206,0.0043027582974151475,21.51379148707574,161.0338887705663,22.567244148260976,138.46664462230532,138.46664462230527,48.77369467047961,688.5213333333334,0.7918557792125622,49.6
3363.6582821092798,352.2414716086992,0.9,10000.0,0.9046425649873645,0.06023861616381206,0.0043027582974151475,21.51379148707574,161.0338887705663,22.567244148260976,138.46664462230532,138.46664462230527,48.77369467047961,688.5213333333334,0.7918557792125622,49.650000000000006
3363.6582821092798,352.2414716086992,0.9,10000.0,0.9046425649873645,0.06023861616381206,0.0043027582974151475,21.51379148707574,161.0338887705663,22.567244148260976,138.46664462230532,138.46664462230527,48.77369467047961,688.5213333333334,0.7918557792125622,49.7
3363.6582821092798,352.2414716086992,0.9,10000.0,0.9046425649873645,0.06023861616381206,0.0043027582974151475,21.51379148707574,161.0338887705663,22.567244148260976,138.46664462230532,138.46664462230527,48.77369467047961,688.5213333333334,0.7918557792125622,49.75
3363.6582821092798,352.2414716086992,0.9,10000.0,0.9046425649873645,0.06023861616381206,0.0043027582974151475,21.51379148707574,161.0338887705663,22.567244148260976,138.46664462230532,138.46664462230527,48.77369467047961,688.5213333333334,0.7918557792125622,49.800000000000004
3363.6582821092798,352.2414716086992,0.9,10000.0,0.9046425649873645,0.06023861616381206,0.0043027582974151475,21.51379148707574,161.0338887705663,22.567244148260976,138.46664462230532,138.46664462230527,48.77369467047961,688.5213333333334,0.7918557792125622,49.85
3363.6582821092798,352.2414716086992,0.9,10000.0,0.9046425649873645,0.06023861616381206,0.0043027582974151475,21.51379148707574,161.0338887705663,22.567244148260976,138.46664462230532,138.46664462230527,48.77369467047961,688.5213333333334,0.7918557792125622,49.900000000000006
3363.6582821092798,352.2414716086992,0.9,10000.0,0.9046425649873645,0.06023861616381206,0.0043027582974151475,21.51379148707574,161.0338887705663,22.567244148260976,138.46664462230532,138.46664462230527,48.77369467047961,688.5213333333334,0.7918557792125622,49.95
3363.6582821092798,352.2414716086992,0.9,10000.0,0.9046425649873645,0.06023861616381206,0.0043027582974151475,21.51379148707574,161.0338887705663,22.567244148260976,138.46664462230532,138.46664462230527,48.77369467047961,688.5213333333334,0.7918557792125622,50.0
3363.6582821092798,352.2414716086992,0.9,10000.0,0.9046425649873645,0.06023861616381206,0.0043027582974151475,21.51379148707574,161.0338887705663,22.567244148260976,138.46664462230532,138.46664462230527,48.77369467047961,688.5213333333334,0.7918557792125622,50.050000000000004
3363.6582821092798,352.2414716086992,0.9,10000.0,0.9046425649873645,0.06023861616381206,0.0043027582974151475,21.51379148707574,161.0338887705663,22.567244148260976,138.46664462230532,138.46664462230527,48.77369467047961,688.5213333333334,0.7918557792125622,50.1
3363.6582821092798,352.2414716086992,0.9,10000.0,0.9046425649873645,0.06023861616381206,0.0043027582974151475,21.51379148707574,161.0338887705663,22.567244148260976,138.46664462230532,138.46664462230527,48.77369467047961,688.5213333333334,0.7918557792125622,50.150000000000006
3363.6582821092798,352.2414716086992,0.9,10000.0,0.9046425649873645,0.06023861616381206,0.0043027582974151475,21.51379148707574,161.0338887705663,22.567244148260976,138.46664462230532,138.46664462230527,48.77369467047961,688.5213333333334,0.7918557792125622,50.2
3363.6582821092798,352.2414716086992,0.9,10000.0,0.9046425649873645,0.06023861616381206,0.0043027582974151475,21.51379148707574,161.0338887705663,22.567244148260976,138.46664462230532,138.46664462230527,48.77369467047961,688.5213333333334,0.7918557792125622,50.25
3363.6582821092798,352.2414716086992,0.9,10000.0,0.9046425649873645,0.06023861616381206,0.0043027582974151475,21.51379148707574,161.0338887705663,22.567244148260976,138.46664462230532,138.46664462230527,48.77369467047961,688.5213333333334,0.7918557792125622,50.300000000000004
3363.6582821092798,352.2414716086992,0.9,10000.0,0.9046425649873645,0.06023861616381206,0.0043027582974151475,21.51379148707574,161.0338887705663,22.567244148260976,138.46664462230532,138.46664462230527,48.77369467047961,688.5213333333334,0.7918557792125622,50.35
3363.6582821092798,352.2414716086992,0.9,10000.0,0.9046425649873645,0.06023861616381206,0.0043027582974151475,21.51379148707574,161.0338887705663,22.567244148260976,138.46664462230532,138.46664462230527,48.77369467047961,688.5213333333334,0.7918557792125622,50.400000000000006
3363.6582821092798,352.2414716086992,0.9,10000.0,0.9046425649873645,0.06023861616381206,0.0043027582974151475,21.51379148707574,161.0338887705663,22.567244148260976,138.46664462230532,138.46664462230527,48.77369467047961,688.5213333333334,0.7918557792125622,50.45
3363.6582821092798,352.2414716086992,0.9,10000.0,0.9046425649873645,0.06023861616381206,0.0043027582974151475,21.51379148707574,161.0338887705663,22.567244148260976,138.46664462230532,138.46664462230527,48.77369467047961,688.5213333333334,0.7918557792125622,50.5
3363.6582821092798,352.2414716086992,0.9,10000.0,0.9046425649873645,0.06023861616381206,0.0043027582974151475,21.51379148707574,161.0338887705663,22.567244148260976,138.46664462230532,138.46664462230527,48.77369467047961,688.5213333333334,0.7918557792125622,50.550000000000004
3363.6582821092798,352.2414716086992,0.9,10000.0,0.9046425649873645,0.06023861616381206,0.0043027582974151475,21.51379148707574,161.0338887705663,22.567244148260976,138.46664462230532,138.46664462230527,48.77369467047961,688.5213333333334,0.7918557792125622,50.6
3363.6582821092798,352.2414716086992,0.9,10000.0,0.9046425649873645,0.06023861616381206,0.0043027582974151475,21.51379148707574,161.0338887705663,22.567244148260976,138.46664462230532,138.46664462230527,48.77369467047961,688.5213333333334,0.7918557792125622,50.650000000000006
3363.6582821092798,352.2414716086992,0.9,10000.0,0.9046425649873645,0.06023861616381206,0.0043027582974151475,21.51379148707574,161.0338887705663,22.567244148260976,138.46664462230532,138.46664462230527,48.77369467047961,688.5213333333334,0.7918557792125622,50.7
3363.6582821092798,352.2414716086992,0.9,10000.0,0.9046425649873645,0.06023861616381206,0.0043027582974151475,21.51379148707574,161.0338887705663,22.567244148260976,138.46664462230532,138.46664462230527,48.77369467047961,688.5213333333334,0.7918557792125622,50.75
3363.6582821092798,352.2414716086992,0.9,10000.0,0.9046425649873645,0.06023861616381206,0.0043027582974151475,21.51379148707574,161.0338887705663,22.567244148260976,138.46664462230532,138.46664462230527,48.77369467047961,688.5213333333334,0.7918557792125622,50.800000000000004
3363.6582821092798,352.2414716086992,0.9,10000.0,0.9046425649873645,0.06023861616381206,0.0043027582974151475,21.51379148707574,161.0338887705663,22.567244148260976,138.46664462230532,138.46664462230527,48.77369467047961,688.5213333333334,0.7918557792125622,50.85
3363.6582821092798,352.2414716086992,0.9,10000.0,0.9046425649873645,0.06023861616381206,0.0043027582974151475,21.51379148707574,161.0338887705663,22.567244148260976,138.46664462230532,138.46664462230527,48.77369467047961,688.5213333333334,0.7918557792125622,50.900000000000006
3363.6582821092798,352.2414716086992,0.9,10000.0,0.9046425649873645,0.06023861616381206,0.0043027582974151475,21.51379148707574,161.0338887705663,22.567244148260976,138.46664462230532,138.46664462230527,48.77369467047961,688.5213333333334,0.7918557792125622,50.95
3363.6582821092798,352.2414716086992,0.9,10000.0,0.9046425649873645,0.06023861616381206,0.0043027582974151475,21.51379148707574,161.0338887705663,22.567244148260976,138.46664462230532,138.46664462230527,48.77369467047961,688.5213333333334,0.7918557792125622,51.0
3363.6582821092798,352.2414716086992,0.9,10000.0,0.9046425649873645,0.06023861616381206,0.0043027582974151475,21.51379148707574,161.0338887705663,22.567244148260976,138.46664462230532,138.46664462230527,48.77369467047961,688.5213333333334,0.7918557792125622,51.050000000000004
3363.6582821092798,352.2414716086992,0.9,10000.0,0.9046425649873645,0.06023861616381206,0.0043027582974151475,21.51379148707574,161.0338887705663,22.567244148260976,138.46664462230532,138.46664462230527,48.77369467047961,688.5213333333334,0.7918557792125622,51.1
3363.6582821092798,352.2414716086992,0.9,10000.0,0.9046425649873645,0.06023861616381206,0.0043027582974151475,21.51379148707574,161.0338887705663,22.567244148260976,138.46664462230532,138.46664462230527,48.77369467047961,688.5213333333334,0.7918557792125622,51.150000000000006
3363.6582821092798,352.2414716086992,0.9,10000.0,0.9046425649873645,0.06023861616381206,0.0043027582974151475,21.51379148707574,161.0338887705663,22.567244148260976,138.46664462230532,138.46664462230527,48.77369467047961,688.5213333333334,0.7918557792125622,51.2
3363.6582821092798,352.2414716086992,0.9,10000.0,0.9046425649873645,0.06023861616381206,0.0043027582974151475,21.51379148707574,161.0338887705663,22.567244148260976,138.46664462230532,138.46664462230527,48.77369467047961,688.5213333333334,0.7918557792125622,51.25
3363.6582821092798,352.2414716086992,0.9,10000.0,0.9046425649873645,0.06023861616381206,0.0043027582974151475,21.51379148707574,161.0338887705663,22.567244148260976,138.46664462230532,138.46664462230527,48.77369467047961,688.5213333333334,0.7918557792125622,51.300000000000004
3363.6582821092798,352.2414716086992,0.9,10000.0,0.9046425649873645,0.06023861616381206,0.0043027582974151475,21.51379148707574,161.0338887705663,22.567244148260976,138.46664462230532,138.46664462230527,48.77369467047961,688.5213333333334,0.7918557792125622,51.35
3363.6582821092798,352.2414716086992,0.9,10000.0,0.9046425649873645,0.06023861616381206,0.0043027582974151475,21.51379148707574,161.0338887705663,22.567244148260976,138.46664462230532,138.46664462230527,48.77369467047961,688.5213333333334,0.7918557792125622,51.400000000000006
3363.6582821092798,352.2414716086992,0.9,10000.0,0.9046425649873645,0.06023861616381206,0.0043027582974151475,21.51379148707574,161.0338887705663,22.567244148260976,138.46664462230532,138.46664462230527,48.77369467047961,688.5213333333334,0.7918557792125622,51.45
3363.6582821092798,352.2414716086992,0.9,10000.0,0.9046425649873645,0.06023861616381206,0.0043027582974151475,21.51379148707574,161.0338887705663,22.567244148260976,138.46664462230532,138.46664462230527,48.77369467047961,688.5213333333334,0.7918557792125622,51.5
3363.6582821092798,352.2414716086992,0.9,10000.0,0.9046425649873645,0.06023861616381206,0.0043027582974151475,21.51379148707574,161.0338887705663,22.567244148260976,138.46664462230532,138.46664462230527,48.77369467047961,688.5213333333334,0.7918557792125622,51.550000000000004
3363.6582821092798,352.2414716086992,0.9,10000.0,0.9046425649873645,0.06023861616381206,0.0043027582974151475,21.51379148707574,161.0338887705663,22.567244148260976,138.46664462230532,138.46664462230527,48.77369467047961,688.5213333333334,0.7918557792125622,51.6
3363.6582821092798,352.2414716086992,0.9,10000.0,0.9046425649873645,0.06023861616381206,0.0043027582974151475,21.51379148707574,161.0338887705663,22.567244148260976,138.46664462230532,138.46664462230527,48.77369467047961,688.5213333333334,0.7918557792125622,51.650000000000006
3363.6582821092798,352.2414716086992,0.9,10000.0,0.9046425649873645,0.06023861616381206,0.0043027582974151475,21.51379148707574,161.0338887705663,22.567244148260976,138.46664462230532,138.46664462230527,48.77369467047961,688.5213333333334,0.7918557792125622,51.7
3363.6582821092798,352.2414716086992,0.9,10000.0,0.9046425649873645,0.06023861616381206,0.0043027582974151475,21.51379148707574,161.0338887705663,22.567244148260976,138.46664462230532,138.46664462230527,48.77369467047961,688.5213333333334,0.7918557792125622,51.75
3363.6582821092798,352.2414716086992,0.9,10000.0,0.9046425649873645,0.06023861616381206,0.0043027582974151475,21.51379148707574,161.0338887705663,22.567244148260976,138.46664462230532,138.46664462230527,48.77369467047961,688.5213333333334,0.7918557792125622,51.800000000000004
3363.6582821092798,352.2414716086992,0.9,10000.0,0.9046425649873645,0.06023861616381206,0.0043027582974151475,21.51379148707574,161.0338887705663,22.567244148260976,138.46664462230532,138.46664462230527,48.77369467047961,688.5213333333334,0.7918557792125622,51.85
3363.6582821092798,352.2414716086992,0.9,10000.0,0.9046425649873645,0.06023861616381206,0.0043027582974151475,21.51379148707574,161.0338887705663,22.567244148260976,138.46664462230532,138.46664462230527,48.77369467047961,688.5213333333334,0.7918557792125622,51.900000000000006
3363.6582821092798,352.2414716086992,0.9,10000.0,0.9046425649873645,0.06023861616381206,0.0043027582974151475,21.51379148707574,161.0338887705663,22.567244148260976,138.46664462230532,138.46664462230527,48.77369467047961,688.5213333333334,0.7918557792125622,51.95
3363.6582821092798,352.2414716086992,0.9,10000.0,0.9046425649873645,0.06023861616381206,0.0043027582974151475,21.51379148707574,161.0338887705663,22.567244148260976,138.46664462230532,138.46664462230527,48.77369467047961,688.5213333333334,0.7918557792125622,52.0
3363.6582821092798,352.2414716086992,0.9,10000.0,0.9046425649873645,0.06023861616381206,0.0043027582974151475,21.51379148707574,161.0338887705663,22.567244148260976,138.46664462230532,138.46664462230527,48.77369467047961,688.5213333333334,0.7918557792125622,52.050000000000004
3363.6582821092798,352.2414716086992,0.9,10000.0,0.9046425649873645,0.06023861616381206,0.0043027582974151475,21.51379148707574,161.0338887705663,22.567244148260976,138.46664462230532,138.46664462230527,48.77369467047961,688.5213333333334,0.7918557792125622,52.1
3363.6582821092798,352.2414716086992,0.9,10000.0,0.9046425649873645,0.06023861616381206,0.0043027582974151475,21.51379148707574,161.0338887705663,22.567244148260976,138.46664462230532,138.46664462230527,48.77369467047961,688.5213333333334,0.7918557792125622,52.150000000000006
3363.6582821092798,352.2414716086992,0.9,10000.0,0.9046425649873645,0.06023861616381206,0.0043027582974151475,21.51379148707574,161.0338887705663,22.567244148260976,138.46664462230532,138.46664462230527,48.77369467047961,688.5213333333334,0.7918557792125622,52.2
3363.6582821092798,352.2414716086992,0.9,10000.0,0.9046425649873645,0.06023861616381206,0.0043027582974151475,21.51379148707574,161.0338887705663,22.567244148260976,138.46664462230532,138.46664462230527,48.77369467047961,688.5213333333334,0.7918557792125622,52.25
3363.6582821092798,352.2414716086992,0.9,10000.0,0.9046425649873645,0.06023861616381206,0.0043027582974151475,21.51379148707574,161.0338887705663,22.567244148260976,138.46664462230532,138.46664462230527,48.77369467047961,688.5213333333334,0.7918557792125622,52.300000000000004
3363.6582821092798,352.2414716086992,0.9,10000.0,0.9046425649873645,0.06023861616381206,0.0043027582974151475,21.51379148707574,161.0338887705663,22.567244148260976,138.46664462230532,138.46664462230527,48.77369467047961,688.5213333333334,0.7918557792125622,52.35
3363.6582821092798,352.2414716086992,0.9,10000.0,0.9046425649873645,0.06023861616381206,0.0043027582974151475,21.51379148707574,161.0338887705663,22.567244148260976,138.46664462230532,138.46664462230527,48.77369467047961,688.5213333333334,0.7918557792125622,52.400000000000006
3363.6582821092798,352.2414716086992,0.9,10000.0,0.9046425649873645,0.06023861616381206,0.0043027582974151475,21.51379148707574,161.0338887705663,22.567244148260976,138.46664462230532,138.46664462230527,48.77369467047961,688.5213333333334,0.7918557792125622,52.45
3363.6582821092798,352.2414716086992,0.9,10000.0,0.9046425649873645,0.06023861616381206,0.0043027582974151475,21.51379148707574,161.0338887705663,22.567244148260976,138.46664462230532,138.46664462230527,48.77369467047961,688.5213333333334,0.7918557792125622,52.5
3363.6582821092798,352.2414716086992,0.9,10000.0,0.9046425649873645,0.06023861616381206,0.0043027582974151475,21.51379148707574,161.0338887705663,22.567244148260976,138.46664462230532,138.46664462230527,48.77369467047961,688.5213333333334,0.7918557792125622,52.550000000000004
3363.6582821092798,352.2414716086992,0.9,10000.0,0.9046425649873645,0.06023861616381206,0.0043027582974151475,21.51379148707574,161.0338887705663,22.567244148260976,138.46664462230532,138.46664462230527,48.77369467047961,688.5213333333334,0.7918557792125622,52.6
3363.6582821092798,352.2414716086992,0.9,10000.0,0.9046425649873645,0.06023861616381206,0.0043027582974151475,21.51379148707574,161.0338887705663,22.567244148260976,138.46664462230532,138.46664462230527,48.77369467047961,688.5213333333334,0.7918557792125622,52.650000000000006
3363.6582821092798,352.2414716086992,0.9,10000.0,0.9046425649873645,0.06023861616381206,0.0043027582974151475,21.51379148707574,161.0338887705663,22.567244148260976,138.46664462230532,138.46664462230527,48.77369467047961,688.5213333333334,0.7918557792125622,52.7
3363.6582821092798,352.2414716086992,0.9,10000.0,0.9046425649873645,0.06023861616381206,0.0043027582974151475,21.51379148707574,161.0338887705663,22.567244148260976,138.46664462230532,138.46664462230527,48.77369467047961,688.5213333333334,0.7918557792125622,52.75
3363.6582821092798,352.2414716086992,0.9,10000.0,0.9046425649873645,0.06023861616381206,0.0043027582974151475,21.51379148707574,161.0338887705663,22.567244148260976,138.46664462230532,138.46664462230527,48.77369467047961,688.5213333333334,0.7918557792125622,52.800000000000004
3363.6582821092798,352.2414716086992,0.9,10000.0,0.9046425649873645,0.06023861616381206,0.0043027582974151475,21.51379148707574,161.0338887705663,22.567244148260976,138.46664462230532,138.46664462230527,48.77369467047961,688.5213333333334,0.7918557792125622,52.85
3363.6582821092798,352.2414716086992,0.9,10000.0,0.9046425649873645,0.06023861616381206,0.0043027582974151475,21.51379148707574,161.0338887705663,22.567244148260976,138.46664462230532,138.46664462230527,48.77369467047961,688.5213333333334,0.7918557792125622,52.900000000000006
3363.6582821092798,352.2414716086992,0.9,10000.0,0.9046425649873645,0.06023861616381206,0.0043027582974151475,21.51379148707574,161.0338887705663,22.567244148260976,138.46664462230532,138.46664462230527,48.77369467047961,688.5213333333334,0.7918557792125622,52.95
3363.6582821092798,352.2414716086992,0.9,10000.0,0.9046425649873645,0.06023861616381206,0.0043027582974151475,21.51379148707574,161.0338887705663,22.567244148260976,138.46664462230532,138.46664462230527,48.77369467047961,688.5213333333334,0.7918557792125622,53.0
3363.6582821092798,352.2414716086992,0.9,10000.0,0.9046425649873645,0.06023861616381206,0.0043027582974151475,21.51379148707574,161.0338887705663,22.567244148260976,138.46664462230532,138.46664462230527,48.77369467047961,688.5213333333334,0.7918557792125622,53.050000000000004
3363.6582821092798,352.2414716086992,0.9,10000.0,0.9046425649873645,0.06023861616381206,0.0043027582974151475,21.51379148707574,161.0338887705663,22.567244148260976,138.46664462230532,138.46664462230527,48.77369467047961,688.5213333333334,0.7918557792125622,53.1
3363.6582821092798,352.2414716086992,0.9,10000.0,0.9046425649873645,0.06023861616381206,0.0043027582974151475,21.51379148707574,161.0338887705663,22.567244148260976,138.46664462230532,138.46664462230527,48.77369467047961,688.5213333333334,0.7918557792125622,53.150000000000006
3363.6582821092798,352.2414716086992,0.9,10000.0,0.9046425649873645,0.06023861616381206,0.0043027582974151475,21.51379148707574,161.0338887705663,22.567244148260976,138.46664462230532,138.46664462230527,48.77369467047961,688.5213333333334,0.7918557792125622,53.2
3363.6582821092798,352.2414716086992,0.9,10000.0,0.9046425649873645,0.06023861616381206,0.0043027582974151475,21.51379148707574,161.0338887705663,22.567244148260976,138.46664462230532,138.46664462230527,48.77369467047961,688.5213333333334,0.7918557792125622,53.25
3363.6582821092798,352.2414716086992,0.9,10000.0,0.9046425649873645,0.06023861616381206,0.0043027582974151475,21.51379148707574,161.0338887705663,22.567244148260976,138.46664462230532,138.46664462230527,48.77369467047961,688.5213333333334,0.7918557792125622,53.300000000000004
3363.6582821092798,352.2414716086992,0.9,10000.0,0.9046425649873645,0.06023861616381206,0.0043027582974151475,21.51379148707574,161.0338887705663,22.567244148260976,138.46664462230532,138.46664462230527,48.77369467047961,688.5213333333334,0.7918557792125622,53.35
3363.6582821092798,352.2414716086992,0.9,10000.0,0.9046425649873645,0.06023861616381206,0.0043027582974151475,21.51379148707574,161.0338887705663,22.567244148260976,138.46664462230532,138.46664462230527,48.77369467047961,688.5213333333334,0.7918557792125622,53.400000000000006
3363.6582821092798,352.2414716086992,0.9,10000.0,0.9046425649873645,0.06023861616381206,0.0043027582974151475,21.51379148707574,161.0338887705663,22.567244148260976,138.46664462230532,138.46664462230527,48.77369467047961,688.5213333333334,0.7918557792125622,53.45
3363.6582821092798,352.2414716086992,0.9,10000.0,0.9046425649873645,0.06023861616381206,0.0043027582974151475,21.51379148707574,161.0338887705663,22.567244148260976,138.46664462230532,138.46664462230527,48.77369467047961,688.5213333333334,0.7918557792125622,53.5
3363.6582821092798,352.2414716086992,0.9,10000.0,0.9046425649873645,0.06023861616381206,0.0043027582974151475,21.51379148707574,161.0338887705663,22.567244148260976,138.46664462230532,138.46664462230527,48.77369467047961,688.5213333333334,0.7918557792125622,53.550000000000004
3363.6582821092798,352.2414716086992,0.9,10000.0,0.9046425649873645,0.06023861616381206,0.0043027582974151475,21.51379148707574,161.0338887705663,22.567244148260976,138.46664462230532,138.46664462230527,48.77369467047961,688.5213333333334,0.7918557792125622,53.6
3363.6582821092798,352.2414716086992,0.9,10000.0,0.9046425649873645,0.06023861616381206,0.0043027582974151475,21.51379148707574,161.0338887705663,22.567244148260976,138.46664462230532,138.46664462230527,48.77369467047961,688.5213333333334,0.7918557792125622,53.650000000000006
3363.6582821092798,352.2414716086992,0.9,10000.0,0.9046425649873645,0.06023861616381206,0.0043027582974151475,21.51379148707574,161.0338887705663,22.567244148260976,138.46664462230532,138.46664462230527,48.77369467047961,688.5213333333334,0.7918557792125622,53.7
3363.6582821092798,352.2414716086992,0.9,10000.0,0.9046425649873645,0.06023861616381206,0.0043027582974151475,21.51379148707574,161.0338887705663,22.567244148260976,138.46664462230532,138.46664462230527,48.77369467047961,688.5213333333334,0.7918557792125622,53.75
3363.6582821092798,352.2414716086992,0.9,10000.0,0.9046425649873645,0.06023861616381206,0.0043027582974151475,21.51379148707574,161.0338887705663,22.567244148260976,138.46664462230532,138.46664462230527,48.77369467047961,688.5213333333334,0.7918557792125622,53.800000000000004
3363.6582821092798,352.2414716086992,0.9,10000.0,0.9046425649873645,0.06023861616381206,0.0043027582974151475,21.51379148707574,161.0338887705663,22.567244148260976,138.46664462230532,138.46664462230527,48.77369467047961,688.5213333333334,0.7918557792125622,53.85
3363.6582821092798,352.2414716086992,0.9,10000.0,0.9046425649873645,0.06023861616381206,0.0043027582974151475,21.51379148707574,161.0338887705663,22.567244148260976,138.46664462230532,138.46664462230527,48.77369467047961,688.5213333333334,0.7918557792125622,53.900000000000006
3363.6582821092798,352.2414716086992,0.9,10000.0,0.9046425649873645,0.06023861616381206,0.0043027582974151475,21.51379148707574,161.0338887705663,22.567244148260976,138.46664462230532,138.46664462230527,48.77369467047961,688.5213333333334,0.7918557792125622,53.95
3363.6582821092798,352.2414716086992,0.9,10000.0,0.9046425649873645,0.06023861616381206,0.0043027582974151475,21.51379148707574,161.0338887705663,22.567244148260976,138.46664462230532,138.46664462230527,48.77369467047961,688.5213333333334,0.7918557792125622,54.0
3363.6582821092798,352.2414716086992,0.9,10000.0,0.9046425649873645,0.06023861616381206,0.0043027582974151475,21.51379148707574,161.0338887705663,22.567244148260976,138.46664462230532,138.46664462230527,48.77369467047961,688.5213333333334,0.7918557792125622,54.050000000000004
3363.6582821092798,352.2414716086992,0.9,10000.0,0.9046425649873645,0.06023861616381206,0.0043027582974151475,21.51379148707574,161.0338887705663,22.567244148260976,138.46664462230532,138.46664462230527,48.77369467047961,688.5213333333334,0.7918557792125622,54.1
3363.6582821092798,352.2414716086992,0.9,10000.0,0.9046425649873645,0.06023861616381206,0.0043027582974151475,21.51379148707574,161.0338887705663,22.567244148260976,138.46664462230532,138.46664462230527,48.77369467047961,688.5213333333334,0.7918557792125622,54.150000000000006
3363.6582821092798,352.2414716086992,0.9,10000.0,0.9046425649873645,0.06023861616381206,0.0043027582974151475,21.51379148707574,161.0338887705663,22.567244148260976,138.46664462230532,138.46664462230527,48.77369467047961,688.5213333333334,0.7918557792125622,54.2
3363.6582821092798,352.2414716086992,0.9,10000.0,0.9046425649873645,0.06023861616381206,0.0043027582974151475,21.51379148707574,161.0338887705663,22.567244148260976,138.46664462230532,138.46664462230527,48.77369467047961,688.5213333333334,0.7918557792125622,54.25
3363.6582821092798,352.2414716086992,0.9,10000.0,0.9046425649873645,0.06023861616381206,0.0043027582974151475,21.51379148707574,161.0338887705663,22.567244148260976,138.46664462230532,138.46664462230527,48.77369467047961,688.5213333333334,0.7918557792125622,54.300000000000004
3363.6582821092798,352.2414716086992,0.9,10000.0,0.9046425649873645,0.06023861616381206,0.0043027582974151475,21.51379148707574,161.0338887705663,22.567244148260976,138.46664462230532,138.46664462230527,48.77369467047961,688.5213333333334,0.7918557792125622,54.35
3363.6582821092798,352.2414716086992,0.9,10000.0,0.9046425649873645,0.06023861616381206,0.0043027582974151475,21.51379148707574,161.0338887705663,22.567244148260976,138.46664462230532,138.46664462230527,48.77369467047961,688.5213333333334,0.7918557792125622,54.400000000000006
3363.6582821092798,352.2414716086992,0.9,10000.0,0.9046425649873645,0.06023861616381206,0.0043027582974151475,21.51379148707574,161.0338887705663,22.567244148260976,138.46664462230532,138.46664462230527,48.77369467047961,688.5213333333334,0.7918557792125622,54.45
3363.6582821092798,352.2414716086992,0.9,10000.0,0.9046425649873645,0.06023861616381206,0.0043027582974151475,21.51379148707574,161.0338887705663,22.567244148260976,138.46664462230532,138.46664462230527,48.77369467047961,688.5213333333334,0.7918557792125622,54.5
3363.6582821092798,352.2414716086992,0.9,10000.0,0.9046425649873645,0.06023861616381206,0.0043027582974151475,21.51379148707574,161.0338887705663,22.567244148260976,138.46664462230532,138.46664462230527,48.77369467047961,688.5213333333334,0.7918557792125622,54.550000000000004
3363.6582821092798,352.2414716086992,0.9,10000.0,0.9046425649873645,0.06023861616381206,0.0043027582974151475,21.51379148707574,161.0338887705663,22.567244148260976,138.46664462230532,138.46664462230527,48.77369467047961,688.5213333333334,0.7918557792125622,54.6
3363.6582821092798,352.2414716086992,0.9,10000.0,0.9046425649873645,0.06023861616381206,0.0043027582974151475,21.51379148707574,161.0338887705663,22.567244148260976,138.46664462230532,138.46664462230527,48.77369467047961,688.5213333333334,0.7918557792125622,54.650000000000006
3363.6582821092798,352.2414716086992,0.9,10000.0,0.9046425649873645,0.06023861616381206,0.0043027582974151475,21.51379148707574,161.0338887705663,22.567244148260976,138.46664462230532,138.46664462230527,48.77369467047961,688.5213333333334,0.7918557792125622,54.7
3363.6582821092798,352.2414716086992,0.9,10000.0,0.9046425649873645,0.06023861616381206,0.0043027582974151475,21.51379148707574,161.0338887705663,22.567244148260976,138.46664462230532,138.46664462230527,48.77369467047961,688.5213333333334,0.7918557792125622,54.75
3363.6582821092798,352.2414716086992,0.9,10000.0,0.9046425649873645,0.06023861616381206,0.0043027582974151475,21.51379148707574,161.0338887705663,22.567244148260976,138.46664462230532,138.46664462230527,48.77369467047961,688.5213333333334,0.7918557792125622,54.800000000000004
3363.6582821092798,352.2414716086992,0.9,10000.0,0.9046425649873645,0.06023861616381206,0.0043027582974151475,21.51379148707574,161.0338887705663,22.567244148260976,138.46664462230532,138.46664462230527,48.77369467047961,688.5213333333334,0.7918557792125622,54.85
3363.6582821092798,352.2414716086992,0.9,10000.0,0.9046425649873645,0.06023861616381206,0.0043027582974151475,21.51379148707574,161.0338887705663,22.567244148260976,138.46664462230532,138.46664462230527,48.77369467047961,688.5213333333334,0.7918557792125622,54.900000000000006
3363.6582821092798,352.2414716086992,0.9,10000.0,0.9046425649873645,0.06023861616381206,0.0043027582974151475,21.51379148707574,161.0338887705663,22.567244148260976,138.46664462230532,138.46664462230527,48.77369467047961,688.5213333333334,0.7918557792125622,54.95
3363.6582821092798,352.2414716086992,0.9,10000.0,0.9046425649873645,0.06023861616381206,0.0043027582974151475,21.51379148707574,161.0338887705663,22.567244148260976,138.46664462230532,138.46664462230527,48.77369467047961,688.5213333333334,0.7918557792125622,55.0
3363.6582821092798,352.2414716086992,0.9,10000.0,0.9046425649873645,0.06023861616381206,0.0043027582974151475,21.51379148707574,161.0338887705663,22.567244148260976,138.46664462230532,138.46664462230527,48.77369467047961,688.5213333333334,0.7918557792125622,55.050000000000004
3363.6582821092798,352.2414716086992,0.9,10000.0,0.9046425649873645,0.06023861616381206,0.0043027582974151475,21.51379148707574,161.0338887705663,22.567244148260976,138.46664462230532,138.46664462230527,48.77369467047961,688.5213333333334,0.7918557792125622,55.1
3363.6582821092798,352.2414716086992,0.9,10000.0,0.9046425649873645,0.06023861616381206,0.0043027582974151475,21.51379148707574,161.0338887705663,22.567244148260976,138.46664462230532,138.46664462230527,48.77369467047961,688.5213333333334,0.7918557792125622,55.150000000000006
3363.6582821092798,352.2414716086992,0.9,10000.0,0.9046425649873645,0.06023861616381206,0.0043027582974151475,21.51379148707574,161.0338887705663,22.567244148260976,138.46664462230532,138.46664462230527,48.77369467047961,688.5213333333334,0.7918557792125622,55.2
3363.6582821092798,352.2414716086992,0.9,10000.0,0.9046425649873645,0.06023861616381206,0.0043027582974151475,21.51379148707574,161.0338887705663,22.567244148260976,138.46664462230532,138.46664462230527,48.77369467047961,688.5213333333334,0.7918557792125622,55.25
3363.6582821092798,352.2414716086992,0.9,10000.0,0.9046425649873645,0.06023861616381206,0.0043027582974151475,21.51379148707574,161.0338887705663,22.567244148260976,138.46664462230532,138.46664462230527,48.77369467047961,688.5213333333334,0.7918557792125622,55.300000000000004
3363.6582821092798,352.2414716086992,0.9,10000.0,0.9046425649873645,0.06023861616381206,0.0043027582974151475,21.51379148707574,161.0338887705663,22.567244148260976,138.46664462230532,138.46664462230527,48.77369467047961,688.5213333333334,0.7918557792125622,55.35
3363.6582821092798,352.2414716086992,0.9,10000.0,0.9046425649873645,0.06023861616381206,0.0043027582974151475,21.51379148707574,161.0338887705663,22.567244148260976,138.46664462230532,138.46664462230527,48.77369467047961,688.5213333333334,0.7918557792125622,55.400000000000006
3363.6582821092798,352.2414716086992,0.9,10000.0,0.9046425649873645,0.06023861616381206,0.0043027582974151475,21.51379148707574,161.0338887705663,22.567244148260976,138.46664462230532,138.46664462230527,48.77369467047961,688.5213333333334,0.7918557792125622,55.45
3363.6582821092798,352.2414716086992,0.9,10000.0,0.9046425649873645,0.06023861616381206,0.0043027582974151475,21.51379148707574,161.0338887705663,22.567244148260976,138.46664462230532,138.46664462230527,48.77369467047961,688.5213333333334,0.7918557792125622,55.5
3363.6582821092798,352.2414716086992,0.9,10000.0,0.9046425649873645,0.06023861616381206,0.0043027582974151475,21.51379148707574,161.0338887705663,22.567244148260976,138.46664462230532,138.46664462230527,48.77369467047961,688.5213333333334,0.7918557792125622,55.550000000000004
3363.6582821092798,352.2414716086992,0.9,10000.0,0.9046425649873645,0.06023861616381206,0.0043027582974151475,21.51379148707574,161.0338887705663,22.567244148260976,138.46664462230532,138.46664462230527,48.77369467047961,688.5213333333334,0.7918557792125622,55.6
3363.6582821092798,352.2414716086992,0.9,10000.0,0.9046425649873645,0.06023861616381206,0.0043027582974151475,21.51379148707574,161.0338887705663,22.567244148260976,138.46664462230532,138.46664462230527,48.77369467047961,688.5213333333334,0.7918557792125622,55.650000000000006
3363.6582821092798,352.2414716086992,0.9,10000.0,0.9046425649873645,0.06023861616381206,0.0043027582974151475,21.51379148707574,161.0338887705663,22.567244148260976,138.46664462230532,138.46664462230527,48.77369467047961,688.5213333333334,0.7918557792125622,55.7
3363.6582821092798,352.2414716086992,0.9,10000.0,0.9046425649873645,0.06023861616381206,0.0043027582974151475,21.51379148707574,161.0338887705663,22.567244148260976,138.46664462230532,138.46664462230527,48.77369467047961,688.5213333333334,0.7918557792125622,55.75
3363.6582821092798,352.2414716086992,0.9,10000.0,0.9046425649873645,0.06023861616381206,0.0043027582974151475,21.51379148707574,161.0338887705663,22.567244148260976,138.46664462230532,138.46664462230527,48.77369467047961,688.5213333333334,0.7918557792125622,55.800000000000004
3363.6582821092798,352.2414716086992,0.9,10000.0,0.9046425649873645,0.06023861616381206,0.0043027582974151475,21.51379148707574,161.0338887705663,22.567244148260976,138.46664462230532,138.46664462230527,48.77369467047961,688.5213333333334,0.7918557792125622,55.85
3363.6582821092798,352.2414716086992,0.9,10000.0,0.9046425649873645,0.06023861616381206,0.0043027582974151475,21.51379148707574,161.0338887705663,22.567244148260976,138.46664462230532,138.46664462230527,48.77369467047961,688.5213333333334,0.7918557792125622,55.900000000000006
3363.6582821092798,352.2414716086992,0.9,10000.0,0.9046425649873645,0.06023861616381206,0.0043027582974151475,21.51379148707574,161.0338887705663,22.567244148260976,138.46664462230532,138.46664462230527,48.77369467047961,688.5213333333334,0.7918557792125622,55.95
3363.6582821092798,352.2414716086992,0.9,10000.0,0.9046425649873645,0.06023861616381206,0.0043027582974151475,21.51379148707574,161.0338887705663,22.567244148260976,138.46664462230532,138.46664462230527,48.77369467047961,688.5213333333334,0.7918557792125622,56.0
3363.6582821092798,352.2414716086992,0.9,10000.0,0.9046425649873645,0.06023861616381206,0.0043027582974151475,21.51379148707574,161.0338887705663,22.567244148260976,138.46664462230532,138.46664462230527,48.77369467047961,688.5213333333334,0.7918557792125622,56.050000000000004
3363.6582821092798,352.2414716086992,0.9,10000.0,0.9046425649873645,0.06023861616381206,0.0043027582974151475,21.51379148707574,161.0338887705663,22.567244148260976,138.46664462230532,138.46664462230527,48.77369467047961,688.5213333333334,0.7918557792125622,56.1
3363.6582821092798,352.2414716086992,0.9,10000.0,0.9046425649873645,0.06023861616381206,0.0043027582974151475,21.51379148707574,161.0338887705663,22.567244148260976,138.46664462230532,138.46664462230527,48.77369467047961,688.5213333333334,0.7918557792125622,56.150000000000006
3363.6582821092798,352.2414716086992,0.9,10000.0,0.9046425649873645,0.06023861616381206,0.0043027582974151475,21.51379148707574,161.0338887705663,22.567244148260976,138.46664462230532,138.46664462230527,48.77369467047961,688.5213333333334,0.7918557792125622,56.2
3363.6582821092798,352.2414716086992,0.9,10000.0,0.9046425649873645,0.06023861616381206,0.0043027582974151475,21.51379148707574,161.0338887705663,22.567244148260976,138.46664462230532,138.46664462230527,48.77369467047961,688.5213333333334,0.7918557792125622,56.25
3363.6582821092798,352.2414716086992,0.9,10000.0,0.9046425649873645,0.06023861616381206,0.0043027582974151475,21.51379148707574,161.0338887705663,22.567244148260976,138.46664462230532,138.46664462230527,48.77369467047961,688.5213333333334,0.7918557792125622,56.300000000000004
3363.6582821092798,352.2414716086992,0.9,10000.0,0.9046425649873645,0.06023861616381206,0.0043027582974151475,21.51379148707574,161.0338887705663,22.567244148260976,138.46664462230532,138.46664462230527,48.77369467047961,688.5213333333334,0.7918557792125622,56.35
3363.6582821092798,352.2414716086992,0.9,10000.0,0.9046425649873645,0.06023861616381206,0.0043027582974151475,21.51379148707574,161.0338887705663,22.567244148260976,138.46664462230532,138.46664462230527,48.77369467047961,688.5213333333334,0.7918557792125622,56.400000000000006
3363.6582821092798,352.2414716086992,0.9,10000.0,0.9046425649873645,0.06023861616381206,0.0043027582974151475,21.51379148707574,161.0338887705663,22.567244148260976,138.46664462230532,138.46664462230527,48.77369467047961,688.5213333333334,0.7918557792125622,56.45
3363.6582821092798,352.2414716086992,0.9,10000.0,0.9046425649873645,0.06023861616381206,0.0043027582974151475,21.51379148707574,161.0338887705663,22.567244148260976,138.46664462230532,138.46664462230527,48.77369467047961,688.5213333333334,0.7918557792125622,56.5
3363.6582821092798,352.2414716086992,0.9,10000.0,0.9046425649873645,0.06023861616381206,0.0043027582974151475,21.51379148707574,161.0338887705663,22.567244148260976,138.46664462230532,138.46664462230527,48.77369467047961,688.5213333333334,0.7918557792125622,56.550000000000004
3363.6582821092798,352.2414716086992,0.9,10000.0,0.9046425649873645,0.06023861616381206,0.0043027582974151475,21.51379148707574,161.0338887705663,22.567244148260976,138.46664462230532,138.46664462230527,48.77369467047961,688.5213333333334,0.7918557792125622,56.6
3363.6582821092798,352.2414716086992,0.9,10000.0,0.9046425649873645,0.06023861616381206,0.0043027582974151475,21.51379148707574,161.0338887705663,22.567244148260976,138.46664462230532,138.46664462230527,48.77369467047961,688.5213333333334,0.7918557792125622,56.650000000000006
3363.6582821092798,352.2414716086992,0.9,10000.0,0.9046425649873645,0.06023861616381206,0.0043027582974151475,21.51379148707574,161.0338887705663,22.567244148260976,138.46664462230532,138.46664462230527,48.77369467047961,688.5213333333334,0.7918557792125622,56.7
3363.6582821092798,352.2414716086992,0.9,10000.0,0.9046425649873645,0.06023861616381206,0.0043027582974151475,21.51379148707574,161.0338887705663,22.567244148260976,138.46664462230532,138.46664462230527,48.77369467047961,688.5213333333334,0.7918557792125622,56.75
3363.6582821092798,352.2414716086992,0.9,10000.0,0.9046425649873645,0.06023861616381206,0.0043027582974151475,21.51379148707574,161.0338887705663,22.567244148260976,138.46664462230532,138.46664462230527,48.77369467047961,688.5213333333334,0.7918557792125622,56.800000000000004
3363.6582821092798,352.2414716086992,0.9,10000.0,0.9046425649873645,0.06023861616381206,0.0043027582974151475,21.51379148707574,161.0338887705663,22.567244148260976,138.46664462230532,138.46664462230527,48.77369467047961,688.5213333333334,0.7918557792125622,56.85
3363.6582821092798,352.2414716086992,0.9,10000.0,0.9046425649873645,0.06023861616381206,0.0043027582974151475,21.51379148707574,161.0338887705663,22.567244148260976,138.46664462230532,138.46664462230527,48.77369467047961,688.5213333333334,0.7918557792125622,56.900000000000006
3363.6582821092798,352.2414716086992,0.9,10000.0,0.9046425649873645,0.06023861616381206,0.0043027582974151475,21.51379148707574,161.0338887705663,22.567244148260976,138.46664462230532,138.46664462230527,48.77369467047961,688.5213333333334,0.7918557792125622,56.95
3363.6582821092798,352.2414716086992,0.9,10000.0,0.9046425649873645,0.06023861616381206,0.0043027582974151475,21.51379148707574,161.0338887705663,22.567244148260976,138.46664462230532,138.46664462230527,48.77369467047961,688.5213333333334,0.7918557792125622,57.0
3363.6582821092798,352.2414716086992,0.9,10000.0,0.9046425649873645,0.06023861616381206,0.0043027582974151475,21.51379148707574,161.0338887705663,22.567244148260976,138.46664462230532,138.46664462230527,48.77369467047961,688.5213333333334,0.7918557792125622,57.050000000000004
3363.6582821092798,352.2414716086992,0.9,10000.0,0.9046425649873645,0.06023861616381206,0.0043027582974151475,21.51379148707574,161.0338887705663,22.567244148260976,138.46664462230532,138.46664462230527,48.77369467047961,688.5213333333334,0.7918557792125622,57.1
3363.6582821092798,352.2414716086992,0.9,10000.0,0.9046425649873645,0.06023861616381206,0.0043027582974151475,21.51379148707574,161.0338887705663,22.567244148260976,138.46664462230532,138.46664462230527,48.77369467047961,688.5213333333334,0.7918557792125622,57.150000000000006
3363.6582821092798,352.2414716086992,0.9,10000.0,0.9046425649873645,0.06023861616381206,0.0043027582974151475,21.51379148707574,161.0338887705663,22.567244148260976,138.46664462230532,138.46664462230527,48.77369467047961,688.5213333333334,0.7918557792125622,57.2
3363.6582821092798,352.2414716086992,0.9,10000.0,0.9046425649873645,0.06023861616381206,0.0043027582974151475,21.51379148707574,161.0338887705663,22.567244148260976,138.46664462230532,138.46664462230527,48.77369467047961,688.5213333333334,0.7918557792125622,57.25
3363.6582821092798,352.2414716086992,0.9,10000.0,0.9046425649873645,0.06023861616381206,0.0043027582974151475,21.51379148707574,161.0338887705663,22.567244148260976,138.46664462230532,138.46664462230527,48.77369467047961,688.5213333333334,0.7918557792125622,57.300000000000004
3363.6582821092798,352.2414716086992,0.9,10000.0,0.9046425649873645,0.06023861616381206,0.0043027582974151475,21.51379148707574,161.0338887705663,22.567244148260976,138.46664462230532,138.46664462230527,48.77369467047961,688.5213333333334,0.7918557792125622,57.35
3363.6582821092798,352.2414716086992,0.9,10000.0,0.9046425649873645,0.06023861616381206,0.0043027582974151475,21.51379148707574,161.0338887705663,22.567244148260976,138.46664462230532,138.46664462230527,48.77369467047961,688.5213333333334,0.7918557792125622,57.400000000000006
3363.6582821092798,352.2414716086992,0.9,10000.0,0.9046425649873645,0.06023861616381206,0.0043027582974151475,21.51379148707574,161.0338887705663,22.567244148260976,138.46664462230532,138.46664462230527,48.77369467047961,688.5213333333334,0.7918557792125622,57.45
3363.6582821092798,352.2414716086992,0.9,10000.0,0.9046425649873645,0.06023861616381206,0.0043027582974151475,21.51379148707574,161.0338887705663,22.567244148260976,138.46664462230532,138.46664462230527,48.77369467047961,688.5213333333334,0.7918557792125622,57.5
3363.6582821092798,352.2414716086992,0.9,10000.0,0.9046425649873645,0.06023861616381206,0.0043027582974151475,21.51379148707574,161.0338887705663,22.567244148260976,138.46664462230532,138.46664462230527,48.77369467047961,688.5213333333334,0.7918557792125622,57.550000000000004
3363.6582821092798,352.2414716086992,0.9,10000.0,0.9046425649873645,0.06023861616381206,0.0043027582974151475,21.51379148707574,161.0338887705663,22.567244148260976,138.46664462230532,138.46664462230527,48.77369467047961,688.5213333333334,0.7918557792125622,57.6
3363.6582821092798,352.2414716086992,0.9,10000.0,0.9046425649873645,0.06023861616381206,0.0043027582974151475,21.51379148707574,161.0338887705663,22.567244148260976,138.46664462230532,138.46664462230527,48.77369467047961,688.5213333333334,0.7918557792125622,57.650000000000006
3363.6582821092798,352.2414716086992,0.9,10000.0,0.9046425649873645,0.06023861616381206,0.0043027582974151475,21.51379148707574,161.0338887705663,22.567244148260976,138.46664462230532,138.46664462230527,48.77369467047961,688.5213333333334,0.7918557792125622,57.7
3363.6582821092798,352.2414716086992,0.9,10000.0,0.9046425649873645,0.06023861616381206,0.0043027582974151475,21.51379148707574,161.0338887705663,22.567244148260976,138.46664462230532,138.46664462230527,48.77369467047961,688.5213333333334,0.7918557792125622,57.75
3363.6582821092798,352.2414716086992,0.9,10000.0,0.9046425649873645,0.06023861616381206,0.0043027582974151475,21.51379148707574,161.0338887705663,22.567244148260976,138.46664462230532,138.46664462230527,48.77369467047961,688.5213333333334,0.7918557792125622,57.800000000000004
3363.6582821092798,352.2414716086992,0.9,10000.0,0.9046425649873645,0.06023861616381206,0.0043027582974151475,21.51379148707574,161.0338887705663,22.567244148260976,138.46664462230532,138.46664462230527,48.77369467047961,688.5213333333334,0.7918557792125622,57.85
3363.6582821092798,352.2414716086992,0.9,10000.0,0.9046425649873645,0.06023861616381206,0.0043027582974151475,21.51379148707574,161.0338887705663,22.567244148260976,138.46664462230532,138.46664462230527,48.77369467047961,688.5213333333334,0.7918557792125622,57.900000000000006
3363.6582821092798,352.2414716086992,0.9,10000.0,0.9046425649873645,0.06023861616381206,0.0043027582974151475,21.51379148707574,161.0338887705663,22.567244148260976,138.46664462230532,138.46664462230527,48.77369467047961,688.5213333333334,0.7918557792125622,57.95
3363.6582821092798,352.2414716086992,0.9,10000.0,0.9046425649873645,0.06023861616381206,0.0043027582974151475,21.51379148707574,161.0338887705663,22.567244148260976,138.46664462230532,138.46664462230527,48.77369467047961,688.5213333333334,0.7918557792125622,58.0
3363.6582821092798,352.2414716086992,0.9,10000.0,0.9046425649873645,0.06023861616381206,0.0043027582974151475,21.51379148707574,161.0338887705663,22.567244148260976,138.46664462230532,138.46664462230527,48.77369467047961,688.5213333333334,0.7918557792125622,58.050000000000004
3363.6582821092798,352.2414716086992,0.9,10000.0,0.9046425649873645,0.06023861616381206,0.0043027582974151475,21.51379148707574,161.0338887705663,22.567244148260976,138.46664462230532,138.46664462230527,48.77369467047961,688.5213333333334,0.7918557792125622,58.1
3363.6582821092798,352.2414716086992,0.9,10000.0,0.9046425649873645,0.06023861616381206,0.0043027582974151475,21.51379148707574,161.0338887705663,22.567244148260976,138.46664462230532,138.46664462230527,48.77369467047961,688.5213333333334,0.7918557792125622,58.150000000000006
3363.6582821092798,352.2414716086992,0.9,10000.0,0.9046425649873645,0.06023861616381206,0.0043027582974151475,21.51379148707574,161.0338887705663,22.567244148260976,138.46664462230532,138.46664462230527,48.77369467047961,688.5213333333334,0.7918557792125622,58.2
3363.6582821092798,352.2414716086992,0.9,10000.0,0.9046425649873645,0.06023861616381206,0.0043027582974151475,21.51379148707574,161.0338887705663,22.567244148260976,138.46664462230532,138.46664462230527,48.77369467047961,688.5213333333334,0.7918557792125622,58.25
3363.6582821092798,352.2414716086992,0.9,10000.0,0.9046425649873645,0.06023861616381206,0.0043027582974151475,21.51379148707574,161.0338887705663,22.567244148260976,138.46664462230532,138.46664462230527,48.77369467047961,688.5213333333334,0.7918557792125622,58.300000000000004
3363.6582821092798,352.2414716086992,0.9,10000.0,0.9046425649873645,0.06023861616381206,0.0043027582974151475,21.51379148707574,161.0338887705663,22.567244148260976,138.46664462230532,138.46664462230527,48.77369467047961,688.5213333333334,0.7918557792125622,58.35
3363.6582821092798,352.2414716086992,0.9,10000.0,0.9046425649873645,0.06023861616381206,0.0043027582974151475,21.51379148707574,161.0338887705663,22.567244148260976,138.46664462230532,138.46664462230527,48.77369467047961,688.5213333333334,0.7918557792125622,58.400000000000006
3363.6582821092798,352.2414716086992,0.9,10000.0,0.9046425649873645,0.06023861616381206,0.0043027582974151475,21.51379148707574,161.0338887705663,22.567244148260976,138.46664462230532,138.46664462230527,48.77369467047961,688.5213333333334,0.7918557792125622,58.45
3363.6582821092798,352.2414716086992,0.9,10000.0,0.9046425649873645,0.06023861616381206,0.0043027582974151475,21.51379148707574,161.0338887705663,22.567244148260976,138.46664462230532,138.46664462230527,48.77369467047961,688.5213333333334,0.7918557792125622,58.5
3363.6582821092798,352.2414716086992,0.9,10000.0,0.9046425649873645,0.06023861616381206,0.0043027582974151475,21.51379148707574,161.0338887705663,22.567244148260976,138.46664462230532,138.46664462230527,48.77369467047961,688.5213333333334,0.7918557792125622,58.550000000000004
3363.6582821092798,352.2414716086992,0.9,10000.0,0.9046425649873645,0.06023861616381206,0.0043027582974151475,21.51379148707574,161.0338887705663,22.567244148260976,138.46664462230532,138.46664462230527,48.77369467047961,688.5213333333334,0.7918557792125622,58.6
3363.6582821092798,352.2414716086992,0.9,10000.0,0.9046425649873645,0.06023861616381206,0.0043027582974151475,21.51379148707574,161.0338887705663,22.567244148260976,138.46664462230532,138.46664462230527,48.77369467047961,688.5213333333334,0.7918557792125622,58.650000000000006
3363.6582821092798,352.2414716086992,0.9,10000.0,0.9046425649873645,0.06023861616381206,0.0043027582974151475,21.51379148707574,161.0338887705663,22.567244148260976,138.46664462230532,138.46664462230527,48.77369467047961,688.5213333333334,0.7918557792125622,58.7
3363.6582821092798,352.2414716086992,0.9,10000.0,0.9046425649873645,0.06023861616381206,0.0043027582974151475,21.51379148707574,161.0338887705663,22.567244148260976,138.46664462230532,138.46664462230527,48.77369467047961,688.5213333333334,0.7918557792125622,58.75
3363.6582821092798,352.2414716086992,0.9,10000.0,0.9046425649873645,0.06023861616381206,0.0043027582974151475,21.51379148707574,161.0338887705663,22.567244148260976,138.46664462230532,138.46664462230527,48.77369467047961,688.5213333333334,0.7918557792125622,58.800000000000004
3363.6582821092798,352.2414716086992,0.9,10000.0,0.9046425649873645,0.06023861616381206,0.0043027582974151475,21.51379148707574,161.0338887705663,22.567244148260976,138.46664462230532,138.46664462230527,48.77369467047961,688.5213333333334,0.7918557792125622,58.85
3363.6582821092798,352.2414716086992,0.9,10000.0,0.9046425649873645,0.06023861616381206,0.0043027582974151475,21.51379148707574,161.0338887705663,22.567244148260976,138.46664462230532,138.46664462230527,48.77369467047961,688.5213333333334,0.7918557792125622,58.900000000000006
3363.6582821092798,352.2414716086992,0.9,10000.0,0.9046425649873645,0.06023861616381206,0.0043027582974151475,21.51379148707574,161.0338887705663,22.567244148260976,138.46664462230532,138.46664462230527,48.77369467047961,688.5213333333334,0.7918557792125622,58.95
3363.6582821092798,352.2414716086992,0.9,10000.0,0.9046425649873645,0.06023861616381206,0.0043027582974151475,21.51379148707574,161.0338887705663,22.567244148260976,138.46664462230532,138.46664462230527,48.77369467047961,688.5213333333334,0.7918557792125622,59.0
3363.6582821092798,352.2414716086992,0.9,10000.0,0.9046425649873645,0.06023861616381206,0.0043027582974151475,21.51379148707574,161.0338887705663,22.567244148260976,138.46664462230532,138.46664462230527,48.77369467047961,688.5213333333334,0.7918557792125622,59.050000000000004
3363.6582821092798,352.2414716086992,0.9,10000.0,0.9046425649873645,0.06023861616381206,0.0043027582974151475,21.51379148707574,161.0338887705663,22.567244148260976,138.46664462230532,138.46664462230527,48.77369467047961,688.5213333333334,0.7918557792125622,59.1
3363.6582821092798,352.2414716086992,0.9,10000.0,0.9046425649873645,0.06023861616381206,0.0043027582974151475,21.51379148707574,161.0338887705663,22.567244148260976,138.46664462230532,138.46664462230527,48.77369467047961,688.5213333333334,0.7918557792125622,59.150000000000006
3363.6582821092798,352.2414716086992,0.9,10000.0,0.9046425649873645,0.06023861616381206,0.0043027582974151475,21.51379148707574,161.0338887705663,22.567244148260976,138.46664462230532,138.46664462230527,48.77369467047961,688.5213333333334,0.7918557792125622,59.2
3363.6582821092798,352.2414716086992,0.9,10000.0,0.9046425649873645,0.06023861616381206,0.0043027582974151475,21.51379148707574,161.0338887705663,22.567244148260976,138.46664462230532,138.46664462230527,48.77369467047961,688.5213333333334,0.7918557792125622,59.25
3363.6582821092798,352.2414716086992,0.9,10000.0,0.9046425649873645,0.06023861616381206,0.0043027582974151475,21.51379148707574,161.0338887705663,22.567244148260976,138.46664462230532,138.46664462230527,48.77369467047961,688.5213333333334,0.7918557792125622,59.300000000000004
3363.6582821092798,352.2414716086992,0.9,10000.0,0.9046425649873645,0.06023861616381206,0.0043027582974151475,21.51379148707574,161.0338887705663,22.567244148260976,138.46664462230532,138.46664462230527,48.77369467047961,688.5213333333334,0.7918557792125622,59.35
3363.6582821092798,352.2414716086992,0.9,10000.0,0.9046425649873645,0.06023861616381206,0.0043027582974151475,21.51379148707574,161.0338887705663,22.567244148260976,138.46664462230532,138.46664462230527,48.77369467047961,688.5213333333334,0.7918557792125622,59.400000000000006
3363.6582821092798,352.2414716086992,0.9,10000.0,0.9046425649873645,0.06023861616381206,0.0043027582974151475,21.51379148707574,161.0338887705663,22.567244148260976,138.46664462230532,138.46664462230527,48.77369467047961,688.5213333333334,0.7918557792125622,59.45
3363.6582821092798,352.2414716086992,0.9,10000.0,0.9046425649873645,0.06023861616381206,0.0043027582974151475,21.51379148707574,161.0338887705663,22.567244148260976,138.46664462230532,138.46664462230527,48.77369467047961,688.5213333333334,0.7918557792125622,59.5
3363.6582821092798,352.2414716086992,0.9,10000.0,0.9046425649873645,0.06023861616381206,0.0043027582974151475,21.51379148707574,161.0338887705663,22.567244148260976,138.46664462230532,138.46664462230527,48.77369467047961,688.5213333333334,0.7918557792125622,59.550000000000004
3363.6582821092798,352.2414716086992,0.9,10000.0,0.9046425649873645,0.06023861616381206,0.0043027582974151475,21.51379148707574,161.0338887705663,22.567244148260976,138.46664462230532,138.46664462230527,48.77369467047961,688.5213333333334,0.7918557792125622,59.6
3363.6582821092798,352.2414716086992,0.9,10000.0,0.9046425649873645,0.06023861616381206,0.0043027582974151475,21.51379148707574,161.0338887705663,22.567244148260976,138.46664462230532,138.46664462230527,48.77369467047961,688.5213333333334,0.7918557792125622,59.650000000000006
3363.6582821092798,352.2414716086992,0.9,10000.0,0.9046425649873645,0.06023861616381206,0.0043027582974151475,21.51379148707574,161.0338887705663,22.567244148260976,138.46664462230532,138.46664462230527,48.77369467047961,688.5213333333334,0.7918557792125622,59.7
3363.6582821092798,352.2414716086992,0.9,10000.0,0.9046425649873645,0.06023861616381206,0.0043027582974151475,21.51379148707574,161.0338887705663,22.567244148260976,138.46664462230532,138.46664462230527,48.77369467047961,688.5213333333334,0.7918557792125622,59.75
3363.6582821092798,352.2414716086992,0.9,10000.0,0.9046425649873645,0.06023861616381206,0.0043027582974151475,21.51379148707574,161.0338887705663,22.567244148260976,138.46664462230532,138.46664462230527,48.77369467047961,688.5213333333334,0.7918557792125622,59.800000000000004
3363.6582821092798,352.2414716086992,0.9,10000.0,0.9046425649873645,0.06023861616381206,0.0043027582974151475,21.51379148707574,161.0338887705663,22.567244148260976,138.46664462230532,138.46664462230527,48.77369467047961,688.5213333333334,0.7918557792125622,59.85
3363.6582821092798,352.2414716086992,0.9,10000.0,0.9046425649873645,0.06023861616381206,0.0043027582974151475,21.51379148707574,161.0338887705663,22.567244148260976,138.46664462230532,138.46664462230527,48.77369467047961,688.5213333333334,0.7918557792125622,59.900000000000006
3363.6582821092798,352.2414716086992,0.9,10000.0,0.9046425649873645,0.06023861616381206,0.0043027582974151475,21.51379148707574,161.0338887705663,22.567244148260976,138.46664462230532,138.46664462230527,48.77369467047961,688.5213333333334,0.7918557792125622,59.95
3363.6582821092798,352.2414716086992,0.9,10000.0,0.9046425649873645,0.06023861616381206,0.0043027582974151475,21.51379148707574,161.0338887705663,22.567244148260976,138.46664462230532,138.46664462230527,48.77369467047961,688.5213333333334,0.7918557792125622,60.0
